INSERT INTO users (id, first_name, last_name, email, password, phone, user_type, status, mail_verified, phone_verified) VALUES (3000, 'Micah', 'Ochieng', 'micah42@yahoo.com', '$argon2i$v=19$m=16,t=2,p=1$bGFiVFNkNkl6YldhMEZ2Mg$KoO4yuR++bGwD7EviELL+Q', '0790890853', 'OWNER', 'VERIFIED', 0, 0);
INSERT INTO business (id, owner_id, name, country, pharmacode, status, type, currency, test, address) VALUES (1652, 3000, 'MTALIANO PHARMACEUTICALS LIMITED (Nairobi)', 'KENYA', 'PPB/M/9345', 'VERIFIED', 'PHARMACY', 'KES', 1, 'LATEMA ROAD');
INSERT INTO branch (id, name, address, main, business_id) VALUES (1750, 'Main Branch', 'LATEMA ROAD', 0, 1652);
INSERT INTO users (id, first_name, last_name, email, password, phone, user_type, status, mail_verified, phone_verified) VALUES (3001, 'Miriam', 'Gichuru', 'miriam16@gmail.com', '$argon2i$v=19$m=16,t=2,p=1$bGFiVFNkNkl6YldhMEZ2Mg$KoO4yuR++bGwD7EviELL+Q', '0771490442', 'OWNER', 'VERIFIED', 0, 0);
INSERT INTO business (id, owner_id, name, country, pharmacode, status, type, currency, test, address) VALUES (1653, 3001, 'SAINARD PHARMACEUTICALS LIMITED (Nairobi)', 'KENYA', 'PPB/S/9069', 'VERIFIED', 'PHARMACY', 'KES', 1, '38 MUTHANGARI ROAD');
INSERT INTO branch (id, name, address, main, business_id) VALUES (1751, 'Main Branch', '38 MUTHANGARI ROAD', 0, 1653);
INSERT INTO users (id, first_name, last_name, email, password, phone, user_type, status, mail_verified, phone_verified) VALUES (3002, 'Paul', 'Owino', 'wcnair@yahoo.com', '$argon2i$v=19$m=16,t=2,p=1$bGFiVFNkNkl6YldhMEZ2Mg$KoO4yuR++bGwD7EviELL+Q', '0770546969', 'OWNER', 'VERIFIED', 0, 0);
INSERT INTO business (id, owner_id, name, country, pharmacode, status, type, currency, test, address) VALUES (1654, 3002, 'WEST CONGO PHARMACY LIMITED (Nairobi)', 'KENYA', 'PPB/C/9301', 'VERIFIED', 'PHARMACY', 'KES', 1, 'KAMITI ROAD');
INSERT INTO branch (id, name, address, main, business_id) VALUES (1752, 'Main Branch', 'KAMITI ROAD', 0, 1654);
INSERT INTO users (id, first_name, last_name, email, password, phone, user_type, status, mail_verified, phone_verified) VALUES (3003, 'Elisha', 'Kiptoo', 'elisha@yahoo.com', '$argon2i$v=19$m=16,t=2,p=1$bGFiVFNkNkl6YldhMEZ2Mg$KoO4yuR++bGwD7EviELL+Q', '0727387931', 'OWNER', 'VERIFIED', 0, 0);
INSERT INTO business (id, owner_id, name, country, pharmacode, status, type, currency, test, address) VALUES (1655, 3003, 'ABIJO PHARMACY- WANYEE (Nairobi)', 'KENYA', 'PPB/A/306', 'VERIFIED', 'PHARMACY', 'KES', 1, 'WANYEE ROAD');
INSERT INTO branch (id, name, address, main, business_id) VALUES (1753, 'Main Branch', 'WANYEE ROAD', 0, 1655);
INSERT INTO users (id, first_name, last_name, email, password, phone, user_type, status, mail_verified, phone_verified) VALUES (3004, 'Grace', 'Shikuku', 'grace@gmail.com', '$argon2i$v=19$m=16,t=2,p=1$bGFiVFNkNkl6YldhMEZ2Mg$KoO4yuR++bGwD7EviELL+Q', '0787912706', 'OWNER', 'VERIFIED', 0, 0);
INSERT INTO business (id, owner_id, name, country, pharmacode, status, type, currency, test, address) VALUES (1656, 3004, 'ABM PHARMACY (NGARA STAGE) (Nairobi)', 'KENYA', 'PPB/A/2029', 'VERIFIED', 'PHARMACY', 'KES', 1, '00206-176');
INSERT INTO branch (id, name, address, main, business_id) VALUES (1754, 'Main Branch', '00206-176', 0, 1656);
INSERT INTO users (id, first_name, last_name, email, password, phone, user_type, status, mail_verified, phone_verified) VALUES (3005, 'Reuben', 'Kamau', 'apnair@gmail.com', '$argon2i$v=19$m=16,t=2,p=1$bGFiVFNkNkl6YldhMEZ2Mg$KoO4yuR++bGwD7EviELL+Q', '0793483789', 'OWNER', 'VERIFIED', 0, 0);
INSERT INTO business (id, owner_id, name, country, pharmacode, status, type, currency, test, address) VALUES (1657, 3005, 'ABM PHARMACY LIMITED (Nairobi)', 'KENYA', 'PPB/A/1921', 'VERIFIED', 'PHARMACY', 'KES', 1, 'MACHARIA ROAD');
INSERT INTO branch (id, name, address, main, business_id) VALUES (1755, 'Main Branch', 'MACHARIA ROAD', 0, 1657);
INSERT INTO users (id, first_name, last_name, email, password, phone, user_type, status, mail_verified, phone_verified) VALUES (3006, 'Deborah', 'Otieno', 'apnair@gmail.com', '$argon2i$v=19$m=16,t=2,p=1$bGFiVFNkNkl6YldhMEZ2Mg$KoO4yuR++bGwD7EviELL+Q', '0745229131', 'OWNER', 'VERIFIED', 0, 0);
INSERT INTO business (id, owner_id, name, country, pharmacode, status, type, currency, test, address) VALUES (1658, 3006, 'ABRAPHARMA PHARMACEUTICALS KASARANI (Nairobi)', 'KENYA', 'PPB/A/326', 'VERIFIED', 'PHARMACY', 'KES', 1, 'SANTON STREET');
INSERT INTO branch (id, name, address, main, business_id) VALUES (1756, 'Main Branch', 'SANTON STREET', 0, 1658);
INSERT INTO users (id, first_name, last_name, email, password, phone, user_type, status, mail_verified, phone_verified) VALUES (3007, 'Ruth', 'Cherono', 'ruthr@yahoo.com', '$argon2i$v=19$m=16,t=2,p=1$bGFiVFNkNkl6YldhMEZ2Mg$KoO4yuR++bGwD7EviELL+Q', '0778461924', 'OWNER', 'VERIFIED', 0, 0);
INSERT INTO business (id, owner_id, name, country, pharmacode, status, type, currency, test, address) VALUES (1659, 3007, 'ACCIPITRIDAE CHEMIST (Nairobi)', 'KENYA', 'PPB/A/1752', 'VERIFIED', 'PHARMACY', 'KES', 1, 'KOMAROCK ROAD');
INSERT INTO branch (id, name, address, main, business_id) VALUES (1757, 'Main Branch', 'KOMAROCK ROAD', 0, 1659);
INSERT INTO users (id, first_name, last_name, email, password, phone, user_type, status, mail_verified, phone_verified) VALUES (3008, 'Naomi', 'Mochoge', 'naomi@gmail.com', '$argon2i$v=19$m=16,t=2,p=1$bGFiVFNkNkl6YldhMEZ2Mg$KoO4yuR++bGwD7EviELL+Q', '0785697042', 'OWNER', 'VERIFIED', 0, 0);
INSERT INTO business (id, owner_id, name, country, pharmacode, status, type, currency, test, address) VALUES (1660, 3008, 'ACCRA PHARMACY LTD - OPPOSITE MLK HOSP (Nairobi)', 'KENYA', 'PPB/A/407', 'VERIFIED', 'PHARMACY', 'KES', 1, 'SPINE RD');
INSERT INTO branch (id, name, address, main, business_id) VALUES (1758, 'Main Branch', 'SPINE RD', 0, 1660);
INSERT INTO users (id, first_name, last_name, email, password, phone, user_type, status, mail_verified, phone_verified) VALUES (3009, 'Adam', 'Mogaka', 'adam@yahoo.com', '$argon2i$v=19$m=16,t=2,p=1$bGFiVFNkNkl6YldhMEZ2Mg$KoO4yuR++bGwD7EviELL+Q', '0765069182', 'OWNER', 'VERIFIED', 0, 0);
INSERT INTO business (id, owner_id, name, country, pharmacode, status, type, currency, test, address) VALUES (1661, 3009, 'ACCRA PHARMACY LTD HAKATI (Nairobi)', 'KENYA', 'PPB/A/1970', 'VERIFIED', 'PHARMACY', 'KES', 1, 'HAKATI ROAD');
INSERT INTO branch (id, name, address, main, business_id) VALUES (1759, 'Main Branch', 'HAKATI ROAD', 0, 1661);
INSERT INTO users (id, first_name, last_name, email, password, phone, user_type, status, mail_verified, phone_verified) VALUES (3010, 'Elizabeth', 'Gichuru', 'elizabeth93@yahoo.com', '$argon2i$v=19$m=16,t=2,p=1$bGFiVFNkNkl6YldhMEZ2Mg$KoO4yuR++bGwD7EviELL+Q', '0726829393', 'OWNER', 'VERIFIED', 0, 0);
INSERT INTO business (id, owner_id, name, country, pharmacode, status, type, currency, test, address) VALUES (1662, 3010, 'ACCRA-MED CHEMISTS LIMITED (Nairobi)', 'KENYA', 'PPB/A/1711', 'VERIFIED', 'PHARMACY', 'KES', 1, 'ACCRA ROAD');
INSERT INTO branch (id, name, address, main, business_id) VALUES (1760, 'Main Branch', 'ACCRA ROAD', 0, 1662);
INSERT INTO users (id, first_name, last_name, email, password, phone, user_type, status, mail_verified, phone_verified) VALUES (3011, 'Hannah', 'Wanjiru', 'acnair@yahoo.com', '$argon2i$v=19$m=16,t=2,p=1$bGFiVFNkNkl6YldhMEZ2Mg$KoO4yuR++bGwD7EviELL+Q', '0772303344', 'OWNER', 'VERIFIED', 0, 0);
INSERT INTO business (id, owner_id, name, country, pharmacode, status, type, currency, test, address) VALUES (1663, 3011, 'ACE CARE PHARMACEUTICALS  (Nairobi)', 'KENYA', 'PPB/A/1928', 'VERIFIED', 'PHARMACY', 'KES', 1, 'NAIVASHA ROAD');
INSERT INTO branch (id, name, address, main, business_id) VALUES (1761, 'Main Branch', 'NAIVASHA ROAD', 0, 1663);
INSERT INTO users (id, first_name, last_name, email, password, phone, user_type, status, mail_verified, phone_verified) VALUES (3012, 'Ethan', 'Lusaka', 'ethan80@gmail.com', '$argon2i$v=19$m=16,t=2,p=1$bGFiVFNkNkl6YldhMEZ2Mg$KoO4yuR++bGwD7EviELL+Q', '0779485875', 'OWNER', 'VERIFIED', 0, 0);
INSERT INTO business (id, owner_id, name, country, pharmacode, status, type, currency, test, address) VALUES (1664, 3012, 'ACESO PHARMACY WELLNESS PHARMACY KASARANI (Nairobi)', 'KENYA', 'PPB/A/2066', 'VERIFIED', 'PHARMACY', 'KES', 1, 'MWIKI ROAD');
INSERT INTO branch (id, name, address, main, business_id) VALUES (1762, 'Main Branch', 'MWIKI ROAD', 0, 1664);
INSERT INTO users (id, first_name, last_name, email, password, phone, user_type, status, mail_verified, phone_verified) VALUES (3013, 'Miriam', 'Khisa', 'miriam@yahoo.com', '$argon2i$v=19$m=16,t=2,p=1$bGFiVFNkNkl6YldhMEZ2Mg$KoO4yuR++bGwD7EviELL+Q', '0766705885', 'OWNER', 'VERIFIED', 0, 0);
INSERT INTO business (id, owner_id, name, country, pharmacode, status, type, currency, test, address) VALUES (1665, 3013, 'ADONISI PHARMACEUTICALS (Nairobi)', 'KENYA', 'PPB/A/1674', 'VERIFIED', 'PHARMACY', 'KES', 1, 'BREWERIES');
INSERT INTO branch (id, name, address, main, business_id) VALUES (1763, 'Main Branch', 'BREWERIES', 0, 1665);
INSERT INTO users (id, first_name, last_name, email, password, phone, user_type, status, mail_verified, phone_verified) VALUES (3014, 'Priscilla', 'Ngui', 'acnair@yahoo.com', '$argon2i$v=19$m=16,t=2,p=1$bGFiVFNkNkl6YldhMEZ2Mg$KoO4yuR++bGwD7EviELL+Q', '0793757845', 'OWNER', 'VERIFIED', 0, 0);
INSERT INTO business (id, owner_id, name, country, pharmacode, status, type, currency, test, address) VALUES (1666, 3014, 'AFRILIFE CHEMIST LTD (BURUBURU) (Nairobi)', 'KENYA', 'PPB/A/1907', 'VERIFIED', 'PHARMACY', 'KES', 1, 'MUMIAS');
INSERT INTO branch (id, name, address, main, business_id) VALUES (1764, 'Main Branch', 'MUMIAS', 0, 1666);
INSERT INTO users (id, first_name, last_name, email, password, phone, user_type, status, mail_verified, phone_verified) VALUES (3015, 'Aaron', 'Musila', 'apnair@yahoo.com', '$argon2i$v=19$m=16,t=2,p=1$bGFiVFNkNkl6YldhMEZ2Mg$KoO4yuR++bGwD7EviELL+Q', '0765897230', 'OWNER', 'VERIFIED', 0, 0);
INSERT INTO business (id, owner_id, name, country, pharmacode, status, type, currency, test, address) VALUES (1667, 3015, 'AFYACARE PHARMA (Nairobi)', 'KENYA', 'PPB/A/475', 'VERIFIED', 'PHARMACY', 'KES', 1, 'OUTERING ROAD');
INSERT INTO branch (id, name, address, main, business_id) VALUES (1765, 'Main Branch', 'OUTERING ROAD', 0, 1667);
INSERT INTO users (id, first_name, last_name, email, password, phone, user_type, status, mail_verified, phone_verified) VALUES (3016, 'Peter', 'Musyoka', 'peterr@gmail.com', '$argon2i$v=19$m=16,t=2,p=1$bGFiVFNkNkl6YldhMEZ2Mg$KoO4yuR++bGwD7EviELL+Q', '0780022144', 'OWNER', 'VERIFIED', 0, 0);
INSERT INTO business (id, owner_id, name, country, pharmacode, status, type, currency, test, address) VALUES (1668, 3016, 'AGA KHAN HEALTH  SERVICES,KENYA-RUAI (Nairobi)', 'KENYA', 'PPB/A/152 D', 'VERIFIED', 'PHARMACY', 'KES', 1, 'KANGUNDO');
INSERT INTO branch (id, name, address, main, business_id) VALUES (1766, 'Main Branch', 'KANGUNDO', 0, 1668);
INSERT INTO users (id, first_name, last_name, email, password, phone, user_type, status, mail_verified, phone_verified) VALUES (3017, 'Phoebe', 'Kiptoo', 'aknair@yahoo.com', '$argon2i$v=19$m=16,t=2,p=1$bGFiVFNkNkl6YldhMEZ2Mg$KoO4yuR++bGwD7EviELL+Q', '0733864159', 'OWNER', 'VERIFIED', 0, 0);
INSERT INTO business (id, owner_id, name, country, pharmacode, status, type, currency, test, address) VALUES (1669, 3017, 'AGA KHAN HEALTH SERVICES,KENYA - HOMA BAY (Nairobi)', 'KENYA', 'PPB/A/507', 'VERIFIED', 'PHARMACY', 'KES', 1, 'nan');
INSERT INTO branch (id, name, address, main, business_id) VALUES (1767, 'Main Branch', 'nan', 0, 1669);
INSERT INTO users (id, first_name, last_name, email, password, phone, user_type, status, mail_verified, phone_verified) VALUES (3018, 'Jonathan', 'Ratemo', 'apnair@gmail.com', '$argon2i$v=19$m=16,t=2,p=1$bGFiVFNkNkl6YldhMEZ2Mg$KoO4yuR++bGwD7EviELL+Q', '0789199267', 'OWNER', 'VERIFIED', 0, 0);
INSERT INTO business (id, owner_id, name, country, pharmacode, status, type, currency, test, address) VALUES (1670, 3018, 'AGAROSE PHARMACY (Nairobi)', 'KENYA', 'PPB/A/1969', 'VERIFIED', 'PHARMACY', 'KES', 1, 'SPINE ROAD');
INSERT INTO branch (id, name, address, main, business_id) VALUES (1768, 'Main Branch', 'SPINE ROAD', 0, 1670);
INSERT INTO users (id, first_name, last_name, email, password, phone, user_type, status, mail_verified, phone_verified) VALUES (3019, 'Seth', 'Mwanzia', 'apnair@yahoo.com', '$argon2i$v=19$m=16,t=2,p=1$bGFiVFNkNkl6YldhMEZ2Mg$KoO4yuR++bGwD7EviELL+Q', '0748833694', 'OWNER', 'VERIFIED', 0, 0);
INSERT INTO business (id, owner_id, name, country, pharmacode, status, type, currency, test, address) VALUES (1671, 3019, 'AGMART PHARMACEUTICALS-MUHOHO AVENUE (Nairobi)', 'KENYA', 'PPB/A/1763', 'VERIFIED', 'PHARMACY', 'KES', 1, 'MUHOHO AVENUE');
INSERT INTO branch (id, name, address, main, business_id) VALUES (1769, 'Main Branch', 'MUHOHO AVENUE', 0, 1671);
INSERT INTO users (id, first_name, last_name, email, password, phone, user_type, status, mail_verified, phone_verified) VALUES (3020, 'Bartholomew', 'Ngugi', 'apnair@gmail.com', '$argon2i$v=19$m=16,t=2,p=1$bGFiVFNkNkl6YldhMEZ2Mg$KoO4yuR++bGwD7EviELL+Q', '0759688494', 'OWNER', 'VERIFIED', 0, 0);
INSERT INTO business (id, owner_id, name, country, pharmacode, status, type, currency, test, address) VALUES (1672, 3020, 'AHWAN PHARMACEUTICALS LIMITED (Nairobi)', 'KENYA', 'PPB/A/1895', 'VERIFIED', 'PHARMACY', 'KES', 1, '3RD PARKLANDS AVENUE');
INSERT INTO branch (id, name, address, main, business_id) VALUES (1770, 'Main Branch', '3RD PARKLANDS AVENUE', 0, 1672);
INSERT INTO users (id, first_name, last_name, email, password, phone, user_type, status, mail_verified, phone_verified) VALUES (3021, 'Lydia', 'Nanjala', 'apnair@gmail.com', '$argon2i$v=19$m=16,t=2,p=1$bGFiVFNkNkl6YldhMEZ2Mg$KoO4yuR++bGwD7EviELL+Q', '0745901603', 'OWNER', 'VERIFIED', 0, 0);
INSERT INTO business (id, owner_id, name, country, pharmacode, status, type, currency, test, address) VALUES (1673, 3021, 'AHZAAB PHARMACY (Nairobi)', 'KENYA', 'PPB/A/1829', 'VERIFIED', 'PHARMACY', 'KES', 1, 'MAJOR MURIITHI STREET');
INSERT INTO branch (id, name, address, main, business_id) VALUES (1771, 'Main Branch', 'MAJOR MURIITHI STREET', 0, 1673);
INSERT INTO users (id, first_name, last_name, email, password, phone, user_type, status, mail_verified, phone_verified) VALUES (3022, 'David', 'Mutua', 'davidr@gmail.com', '$argon2i$v=19$m=16,t=2,p=1$bGFiVFNkNkl6YldhMEZ2Mg$KoO4yuR++bGwD7EviELL+Q', '0732361330', 'OWNER', 'VERIFIED', 0, 0);
INSERT INTO business (id, owner_id, name, country, pharmacode, status, type, currency, test, address) VALUES (1674, 3022, 'AJWA PHARMACEUTICALS LIMITED (Nairobi)', 'KENYA', 'PPB/A/2079', 'VERIFIED', 'PHARMACY', 'KES', 1, 'AGOI RD PANGANI');
INSERT INTO branch (id, name, address, main, business_id) VALUES (1772, 'Main Branch', 'AGOI RD PANGANI', 0, 1674);
INSERT INTO users (id, first_name, last_name, email, password, phone, user_type, status, mail_verified, phone_verified) VALUES (3023, 'Sarah', 'Wekesa', 'apnair@yahoo.com', '$argon2i$v=19$m=16,t=2,p=1$bGFiVFNkNkl6YldhMEZ2Mg$KoO4yuR++bGwD7EviELL+Q', '0782692606', 'OWNER', 'VERIFIED', 0, 0);
INSERT INTO business (id, owner_id, name, country, pharmacode, status, type, currency, test, address) VALUES (1675, 3023, 'AKIMA PHARMACY (Nairobi)', 'KENYA', 'PPB/A/1528', 'VERIFIED', 'PHARMACY', 'KES', 1, 'KAMITI ROAD');
INSERT INTO branch (id, name, address, main, business_id) VALUES (1773, 'Main Branch', 'KAMITI ROAD', 0, 1675);
INSERT INTO users (id, first_name, last_name, email, password, phone, user_type, status, mail_verified, phone_verified) VALUES (3024, 'Philip', 'Kipsang', 'philip55@gmail.com', '$argon2i$v=19$m=16,t=2,p=1$bGFiVFNkNkl6YldhMEZ2Mg$KoO4yuR++bGwD7EviELL+Q', '0752837709', 'OWNER', 'VERIFIED', 0, 0);
INSERT INTO business (id, owner_id, name, country, pharmacode, status, type, currency, test, address) VALUES (1676, 3024, 'AL-AQSA DISPENSING CHEMIST (Nairobi)', 'KENYA', 'PPB/A/238', 'VERIFIED', 'PHARMACY', 'KES', 1, '2ND AVENUE');
INSERT INTO branch (id, name, address, main, business_id) VALUES (1774, 'Main Branch', '2ND AVENUE', 0, 1676);
INSERT INTO users (id, first_name, last_name, email, password, phone, user_type, status, mail_verified, phone_verified) VALUES (3025, 'Solomon', 'Wainaina', 'apnair@gmail.com', '$argon2i$v=19$m=16,t=2,p=1$bGFiVFNkNkl6YldhMEZ2Mg$KoO4yuR++bGwD7EviELL+Q', '0731958812', 'OWNER', 'VERIFIED', 0, 0);
INSERT INTO business (id, owner_id, name, country, pharmacode, status, type, currency, test, address) VALUES (1677, 3025, 'AL-HANAF PHARMACY (Nairobi)', 'KENYA', 'PPB/A/1938', 'VERIFIED', 'PHARMACY', 'KES', 1, 'HOMBE RD');
INSERT INTO branch (id, name, address, main, business_id) VALUES (1775, 'Main Branch', 'HOMBE RD', 0, 1677);
INSERT INTO users (id, first_name, last_name, email, password, phone, user_type, status, mail_verified, phone_verified) VALUES (3026, 'Ethan', 'Muli', 'apnair@yahoo.com', '$argon2i$v=19$m=16,t=2,p=1$bGFiVFNkNkl6YldhMEZ2Mg$KoO4yuR++bGwD7EviELL+Q', '0732885716', 'OWNER', 'VERIFIED', 0, 0);
INSERT INTO business (id, owner_id, name, country, pharmacode, status, type, currency, test, address) VALUES (1678, 3026, 'AL-HARAMAIN PHARMACEUTICAL COMPANY LIMITED (Nairobi)', 'KENYA', 'PPB/A/448', 'VERIFIED', 'PHARMACY', 'KES', 1, '7TH STREET');
INSERT INTO branch (id, name, address, main, business_id) VALUES (1776, 'Main Branch', '7TH STREET', 0, 1678);
INSERT INTO users (id, first_name, last_name, email, password, phone, user_type, status, mail_verified, phone_verified) VALUES (3027, 'Deborah', 'Wanjiru', 'deborahr@yahoo.com', '$argon2i$v=19$m=16,t=2,p=1$bGFiVFNkNkl6YldhMEZ2Mg$KoO4yuR++bGwD7EviELL+Q', '0723719948', 'OWNER', 'VERIFIED', 0, 0);
INSERT INTO business (id, owner_id, name, country, pharmacode, status, type, currency, test, address) VALUES (1679, 3027, 'ALANE PHARMACY LTD (Nairobi)', 'KENYA', 'PPB/A/183', 'VERIFIED', 'PHARMACY', 'KES', 1, 'MUGO KIARIE PARKROAD');
INSERT INTO branch (id, name, address, main, business_id) VALUES (1777, 'Main Branch', 'MUGO KIARIE PARKROAD', 0, 1679);
INSERT INTO users (id, first_name, last_name, email, password, phone, user_type, status, mail_verified, phone_verified) VALUES (3028, 'Caleb', 'Wanyama', 'amnair@yahoo.com', '$argon2i$v=19$m=16,t=2,p=1$bGFiVFNkNkl6YldhMEZ2Mg$KoO4yuR++bGwD7EviELL+Q', '0759651471', 'OWNER', 'VERIFIED', 0, 0);
INSERT INTO business (id, owner_id, name, country, pharmacode, status, type, currency, test, address) VALUES (1680, 3028, 'ALIF MEDICAL SERVICES LIMITED (Nairobi)', 'KENYA', 'PPB/A/1734', 'VERIFIED', 'PHARMACY', 'KES', 1, '5TH STREET');
INSERT INTO branch (id, name, address, main, business_id) VALUES (1778, 'Main Branch', '5TH STREET', 0, 1680);
INSERT INTO users (id, first_name, last_name, email, password, phone, user_type, status, mail_verified, phone_verified) VALUES (3029, 'David', 'Kilonzo', 'aanair@yahoo.com', '$argon2i$v=19$m=16,t=2,p=1$bGFiVFNkNkl6YldhMEZ2Mg$KoO4yuR++bGwD7EviELL+Q', '0740294026', 'OWNER', 'VERIFIED', 0, 0);
INSERT INTO business (id, owner_id, name, country, pharmacode, status, type, currency, test, address) VALUES (1681, 3029, 'ALISON AGROCHEM CHEMISTS LIMITED (Nairobi)', 'KENYA', 'PPB/A/1794', 'VERIFIED', 'PHARMACY', 'KES', 1, 'HUNTERS');
INSERT INTO branch (id, name, address, main, business_id) VALUES (1779, 'Main Branch', 'HUNTERS', 0, 1681);
INSERT INTO users (id, first_name, last_name, email, password, phone, user_type, status, mail_verified, phone_verified) VALUES (3030, 'Elizabeth', 'Musyoka', 'apnair@gmail.com', '$argon2i$v=19$m=16,t=2,p=1$bGFiVFNkNkl6YldhMEZ2Mg$KoO4yuR++bGwD7EviELL+Q', '0718200436', 'OWNER', 'VERIFIED', 0, 0);
INSERT INTO business (id, owner_id, name, country, pharmacode, status, type, currency, test, address) VALUES (1682, 3030, 'ALKEN PHARMACEUTICAL LTD (Nairobi)', 'KENYA', 'PPB/A/1612', 'VERIFIED', 'PHARMACY', 'KES', 1, 'BAHATI ROAD');
INSERT INTO branch (id, name, address, main, business_id) VALUES (1780, 'Main Branch', 'BAHATI ROAD', 0, 1682);
INSERT INTO users (id, first_name, last_name, email, password, phone, user_type, status, mail_verified, phone_verified) VALUES (3031, 'Joshua', 'Odinga', 'apnair@yahoo.com', '$argon2i$v=19$m=16,t=2,p=1$bGFiVFNkNkl6YldhMEZ2Mg$KoO4yuR++bGwD7EviELL+Q', '0756829567', 'OWNER', 'VERIFIED', 0, 0);
INSERT INTO business (id, owner_id, name, country, pharmacode, status, type, currency, test, address) VALUES (1683, 3031, 'ALKEN PHARMACEUTICAL LTD - B-CENTRE (Nairobi)', 'KENYA', 'PPB/A/0524', 'VERIFIED', 'PHARMACY', 'KES', 1, 'MANYAJA ROAD');
INSERT INTO branch (id, name, address, main, business_id) VALUES (1781, 'Main Branch', 'MANYAJA ROAD', 0, 1683);
INSERT INTO users (id, first_name, last_name, email, password, phone, user_type, status, mail_verified, phone_verified) VALUES (3032, 'Susannah', 'Khisa', 'susannahr@yahoo.com', '$argon2i$v=19$m=16,t=2,p=1$bGFiVFNkNkl6YldhMEZ2Mg$KoO4yuR++bGwD7EviELL+Q', '0737426753', 'OWNER', 'VERIFIED', 0, 0);
INSERT INTO business (id, owner_id, name, country, pharmacode, status, type, currency, test, address) VALUES (1684, 3032, 'ALKEN PHARMACEUTICALS LTD (Nairobi)', 'KENYA', 'PPB/A/417', 'VERIFIED', 'PHARMACY', 'KES', 1, 'HAMZA RD');
INSERT INTO branch (id, name, address, main, business_id) VALUES (1782, 'Main Branch', 'HAMZA RD', 0, 1684);
INSERT INTO users (id, first_name, last_name, email, password, phone, user_type, status, mail_verified, phone_verified) VALUES (3033, 'Caleb', 'Koech', 'apnair@yahoo.com', '$argon2i$v=19$m=16,t=2,p=1$bGFiVFNkNkl6YldhMEZ2Mg$KoO4yuR++bGwD7EviELL+Q', '0744488661', 'OWNER', 'VERIFIED', 0, 0);
INSERT INTO business (id, owner_id, name, country, pharmacode, status, type, currency, test, address) VALUES (1685, 3033, 'ALKEN PHARMACEUTICALS-JOGOO RD (Nairobi)', 'KENYA', 'PPB/A/1963', 'VERIFIED', 'PHARMACY', 'KES', 1, 'JOGOO RD');
INSERT INTO branch (id, name, address, main, business_id) VALUES (1783, 'Main Branch', 'JOGOO RD', 0, 1685);
INSERT INTO users (id, first_name, last_name, email, password, phone, user_type, status, mail_verified, phone_verified) VALUES (3034, 'Hannah', 'Chepkwony', 'apnair@gmail.com', '$argon2i$v=19$m=16,t=2,p=1$bGFiVFNkNkl6YldhMEZ2Mg$KoO4yuR++bGwD7EviELL+Q', '0788091991', 'OWNER', 'VERIFIED', 0, 0);
INSERT INTO business (id, owner_id, name, country, pharmacode, status, type, currency, test, address) VALUES (1686, 3034, 'ALLAMED PHARMACEUTICALS LIMITED (Nairobi)', 'KENYA', 'PPB/A/309', 'VERIFIED', 'PHARMACY', 'KES', 1, 'PIPELINE NEAR KENYA BUILDERS');
INSERT INTO branch (id, name, address, main, business_id) VALUES (1784, 'Main Branch', 'PIPELINE NEAR KENYA BUILDERS', 0, 1686);
INSERT INTO users (id, first_name, last_name, email, password, phone, user_type, status, mail_verified, phone_verified) VALUES (3035, 'Ezekiel', 'Kipsang', 'ezekiel@gmail.com', '$argon2i$v=19$m=16,t=2,p=1$bGFiVFNkNkl6YldhMEZ2Mg$KoO4yuR++bGwD7EviELL+Q', '0783199878', 'OWNER', 'VERIFIED', 0, 0);
INSERT INTO business (id, owner_id, name, country, pharmacode, status, type, currency, test, address) VALUES (1687, 3035, 'ALLGREEN PHARMACEUTICALS (Nairobi)', 'KENYA', 'PPB/A/1869', 'VERIFIED', 'PHARMACY', 'KES', 1, 'OFF MUTARAKWA ROAD');
INSERT INTO branch (id, name, address, main, business_id) VALUES (1785, 'Main Branch', 'OFF MUTARAKWA ROAD', 0, 1687);
INSERT INTO users (id, first_name, last_name, email, password, phone, user_type, status, mail_verified, phone_verified) VALUES (3036, 'Bartholomew', 'Mutua', 'apnair@yahoo.com', '$argon2i$v=19$m=16,t=2,p=1$bGFiVFNkNkl6YldhMEZ2Mg$KoO4yuR++bGwD7EviELL+Q', '0790143082', 'OWNER', 'VERIFIED', 0, 0);
INSERT INTO business (id, owner_id, name, country, pharmacode, status, type, currency, test, address) VALUES (1688, 3036, 'ALLIUM PHARMACY (Nairobi)', 'KENYA', 'PPB/A/1980', 'VERIFIED', 'PHARMACY', 'KES', 1, 'TENA ESTATE');
INSERT INTO branch (id, name, address, main, business_id) VALUES (1786, 'Main Branch', 'TENA ESTATE', 0, 1688);
INSERT INTO users (id, first_name, last_name, email, password, phone, user_type, status, mail_verified, phone_verified) VALUES (3037, 'Miriam', 'Barasa', 'apnair@yahoo.com', '$argon2i$v=19$m=16,t=2,p=1$bGFiVFNkNkl6YldhMEZ2Mg$KoO4yuR++bGwD7EviELL+Q', '0734316033', 'OWNER', 'VERIFIED', 0, 0);
INSERT INTO business (id, owner_id, name, country, pharmacode, status, type, currency, test, address) VALUES (1689, 3037, 'ALLOPHARM PHARMACY (Nairobi)', 'KENYA', 'PPB/A/3092', 'VERIFIED', 'PHARMACY', 'KES', 1, 'BIMA ROAD');
INSERT INTO branch (id, name, address, main, business_id) VALUES (1787, 'Main Branch', 'BIMA ROAD', 0, 1689);
INSERT INTO users (id, first_name, last_name, email, password, phone, user_type, status, mail_verified, phone_verified) VALUES (3038, 'Priscilla', 'Omari', 'priscillar@gmail.com', '$argon2i$v=19$m=16,t=2,p=1$bGFiVFNkNkl6YldhMEZ2Mg$KoO4yuR++bGwD7EviELL+Q', '0732056956', 'OWNER', 'VERIFIED', 0, 0);
INSERT INTO business (id, owner_id, name, country, pharmacode, status, type, currency, test, address) VALUES (1690, 3038, 'ALLPHARM CHEMIST (Nairobi)', 'KENYA', 'PPB/A/483', 'VERIFIED', 'PHARMACY', 'KES', 1, 'GLADYS GIRLS HIGH SCHOOL');
INSERT INTO branch (id, name, address, main, business_id) VALUES (1788, 'Main Branch', 'GLADYS GIRLS HIGH SCHOOL', 0, 1690);
INSERT INTO users (id, first_name, last_name, email, password, phone, user_type, status, mail_verified, phone_verified) VALUES (3039, 'John', 'Kivutha', 'apnair@yahoo.com', '$argon2i$v=19$m=16,t=2,p=1$bGFiVFNkNkl6YldhMEZ2Mg$KoO4yuR++bGwD7EviELL+Q', '0714176964', 'OWNER', 'VERIFIED', 0, 0);
INSERT INTO business (id, owner_id, name, country, pharmacode, status, type, currency, test, address) VALUES (1691, 3039, 'ALLYWOOD PHARMACY & DISPENSING CHEMIST (Nairobi)', 'KENYA', 'PPB/A/1912', 'VERIFIED', 'PHARMACY', 'KES', 1, 'KANGUNDO ROAD');
INSERT INTO branch (id, name, address, main, business_id) VALUES (1789, 'Main Branch', 'KANGUNDO ROAD', 0, 1691);
INSERT INTO users (id, first_name, last_name, email, password, phone, user_type, status, mail_verified, phone_verified) VALUES (3040, 'Hannah', 'Okello', 'apnair@gmail.com', '$argon2i$v=19$m=16,t=2,p=1$bGFiVFNkNkl6YldhMEZ2Mg$KoO4yuR++bGwD7EviELL+Q', '0786026352', 'OWNER', 'VERIFIED', 0, 0);
INSERT INTO business (id, owner_id, name, country, pharmacode, status, type, currency, test, address) VALUES (1692, 3040, 'ALMIS PHARMACEUTICAL LIMITED (Nairobi)', 'KENYA', 'PPB/A/2077', 'VERIFIED', 'PHARMACY', 'KES', 1, 'KIRONGOTHI STREET');
INSERT INTO branch (id, name, address, main, business_id) VALUES (1790, 'Main Branch', 'KIRONGOTHI STREET', 0, 1692);
INSERT INTO users (id, first_name, last_name, email, password, phone, user_type, status, mail_verified, phone_verified) VALUES (3041, 'Priscilla', 'Muli', 'priscillar@gmail.com', '$argon2i$v=19$m=16,t=2,p=1$bGFiVFNkNkl6YldhMEZ2Mg$KoO4yuR++bGwD7EviELL+Q', '0785884744', 'OWNER', 'VERIFIED', 0, 0);
INSERT INTO business (id, owner_id, name, country, pharmacode, status, type, currency, test, address) VALUES (1693, 3041, 'ALMOND PHARMACY KABIRIA (Nairobi)', 'KENYA', 'PPB/A/2021', 'VERIFIED', 'PHARMACY', 'KES', 1, 'KABIRIA');
INSERT INTO branch (id, name, address, main, business_id) VALUES (1791, 'Main Branch', 'KABIRIA', 0, 1693);
INSERT INTO users (id, first_name, last_name, email, password, phone, user_type, status, mail_verified, phone_verified) VALUES (3042, 'Peter', 'Ruto', 'apnair@yahoo.com', '$argon2i$v=19$m=16,t=2,p=1$bGFiVFNkNkl6YldhMEZ2Mg$KoO4yuR++bGwD7EviELL+Q', '0752096798', 'OWNER', 'VERIFIED', 0, 0);
INSERT INTO business (id, owner_id, name, country, pharmacode, status, type, currency, test, address) VALUES (1694, 3042, 'ALPHADOSE PHARMACY (Nairobi)', 'KENYA', 'PPB/A/1890', 'VERIFIED', 'PHARMACY', 'KES', 1, 'UMOJA THREE STREET');
INSERT INTO branch (id, name, address, main, business_id) VALUES (1792, 'Main Branch', 'UMOJA THREE STREET', 0, 1694);
INSERT INTO users (id, first_name, last_name, email, password, phone, user_type, status, mail_verified, phone_verified) VALUES (3043, 'Barnabas', 'Cheruiyot', 'adnair@yahoo.com', '$argon2i$v=19$m=16,t=2,p=1$bGFiVFNkNkl6YldhMEZ2Mg$KoO4yuR++bGwD7EviELL+Q', '0739727238', 'OWNER', 'VERIFIED', 0, 0);
INSERT INTO business (id, owner_id, name, country, pharmacode, status, type, currency, test, address) VALUES (1695, 3043, 'ALPHAMED DESPENSING CHEMIST (Nairobi)', 'KENYA', 'PPB/A/508', 'VERIFIED', 'PHARMACY', 'KES', 1, 'UTAWALA-GITHUNGURI RD');
INSERT INTO branch (id, name, address, main, business_id) VALUES (1793, 'Main Branch', 'UTAWALA-GITHUNGURI RD', 0, 1695);
INSERT INTO users (id, first_name, last_name, email, password, phone, user_type, status, mail_verified, phone_verified) VALUES (3044, 'Mary', 'Nyakundi', 'mary@yahoo.com', '$argon2i$v=19$m=16,t=2,p=1$bGFiVFNkNkl6YldhMEZ2Mg$KoO4yuR++bGwD7EviELL+Q', '0745114536', 'OWNER', 'VERIFIED', 0, 0);
INSERT INTO business (id, owner_id, name, country, pharmacode, status, type, currency, test, address) VALUES (1696, 3044, 'ALPRECO DISPENSING CHEMIST (Nairobi)', 'KENYA', 'PPB/A/1871', 'VERIFIED', 'PHARMACY', 'KES', 1, 'MOI DRIVE');
INSERT INTO branch (id, name, address, main, business_id) VALUES (1794, 'Main Branch', 'MOI DRIVE', 0, 1696);
INSERT INTO users (id, first_name, last_name, email, password, phone, user_type, status, mail_verified, phone_verified) VALUES (3045, 'Abigail', 'Odinga', 'abigail@yahoo.com', '$argon2i$v=19$m=16,t=2,p=1$bGFiVFNkNkl6YldhMEZ2Mg$KoO4yuR++bGwD7EviELL+Q', '0725601496', 'OWNER', 'VERIFIED', 0, 0);
INSERT INTO business (id, owner_id, name, country, pharmacode, status, type, currency, test, address) VALUES (1697, 3045, 'ALTITUDE PHARMACY', 'KENYA', 'PPB/A/3077', 'VERIFIED', 'PHARMACY', 'KES', 1, 'NAIROBI KARATINA HIGHWAY');
INSERT INTO branch (id, name, address, main, business_id) VALUES (1795, 'Main Branch', 'NAIROBI KARATINA HIGHWAY', 0, 1697);
INSERT INTO users (id, first_name, last_name, email, password, phone, user_type, status, mail_verified, phone_verified) VALUES (3046, 'Abraham', 'Okello', 'ahnair@yahoo.com', '$argon2i$v=19$m=16,t=2,p=1$bGFiVFNkNkl6YldhMEZ2Mg$KoO4yuR++bGwD7EviELL+Q', '0752752109', 'OWNER', 'VERIFIED', 0, 0);
INSERT INTO business (id, owner_id, name, country, pharmacode, status, type, currency, test, address) VALUES (1698, 3046, 'ALUMIX HEALTHCARE LIMITED - (Nairobi)', 'KENYA', 'PPB/A/1723', 'VERIFIED', 'PHARMACY', 'KES', 1, 'nan');
INSERT INTO branch (id, name, address, main, business_id) VALUES (1796, 'Main Branch', 'nan', 0, 1698);
INSERT INTO users (id, first_name, last_name, email, password, phone, user_type, status, mail_verified, phone_verified) VALUES (3047, 'Abigail', 'Kariuki', 'abigail13@yahoo.com', '$argon2i$v=19$m=16,t=2,p=1$bGFiVFNkNkl6YldhMEZ2Mg$KoO4yuR++bGwD7EviELL+Q', '0784734240', 'OWNER', 'VERIFIED', 0, 0);
INSERT INTO business (id, owner_id, name, country, pharmacode, status, type, currency, test, address) VALUES (1699, 3047, 'ALVODEV PHARMACEUTICALS LIMITED (Nairobi)', 'KENYA', 'PPB/A/1971', 'VERIFIED', 'PHARMACY', 'KES', 1, 'MARKET ROAD');
INSERT INTO branch (id, name, address, main, business_id) VALUES (1797, 'Main Branch', 'MARKET ROAD', 0, 1699);
INSERT INTO users (id, first_name, last_name, email, password, phone, user_type, status, mail_verified, phone_verified) VALUES (3048, 'Samuel', 'Kariuki', 'samuel67@yahoo.com', '$argon2i$v=19$m=16,t=2,p=1$bGFiVFNkNkl6YldhMEZ2Mg$KoO4yuR++bGwD7EviELL+Q', '0762034591', 'OWNER', 'VERIFIED', 0, 0);
INSERT INTO business (id, owner_id, name, country, pharmacode, status, type, currency, test, address) VALUES (1700, 3048, 'AMARANDA PHARMACY (Nairobi)', 'KENYA', 'PPB/A/1965', 'VERIFIED', 'PHARMACY', 'KES', 1, 'CHURCH ROAD');
INSERT INTO branch (id, name, address, main, business_id) VALUES (1798, 'Main Branch', 'CHURCH ROAD', 0, 1700);
INSERT INTO users (id, first_name, last_name, email, password, phone, user_type, status, mail_verified, phone_verified) VALUES (3049, 'Matthew', 'Mwanzia', 'acnair@gmail.com', '$argon2i$v=19$m=16,t=2,p=1$bGFiVFNkNkl6YldhMEZ2Mg$KoO4yuR++bGwD7EviELL+Q', '0725138436', 'OWNER', 'VERIFIED', 0, 0);
INSERT INTO business (id, owner_id, name, country, pharmacode, status, type, currency, test, address) VALUES (1701, 3049, 'AMICARE CHEMISTS (Nairobi)', 'KENYA', 'PPB/A/1742', 'VERIFIED', 'PHARMACY', 'KES', 1, 'SPINE ROAD');
INSERT INTO branch (id, name, address, main, business_id) VALUES (1799, 'Main Branch', 'SPINE ROAD', 0, 1701);
INSERT INTO users (id, first_name, last_name, email, password, phone, user_type, status, mail_verified, phone_verified) VALUES (3050, 'Esther', 'Kipruto', 'acnair@gmail.com', '$argon2i$v=19$m=16,t=2,p=1$bGFiVFNkNkl6YldhMEZ2Mg$KoO4yuR++bGwD7EviELL+Q', '0731799012', 'OWNER', 'VERIFIED', 0, 0);
INSERT INTO business (id, owner_id, name, country, pharmacode, status, type, currency, test, address) VALUES (1702, 3050, 'AMIST CHEMISTS LIMITED (Nairobi)', 'KENYA', 'PPB/A/1769', 'VERIFIED', 'PHARMACY', 'KES', 1, 'OLE SHAPARA ROAD');
INSERT INTO branch (id, name, address, main, business_id) VALUES (1800, 'Main Branch', 'OLE SHAPARA ROAD', 0, 1702);
INSERT INTO users (id, first_name, last_name, email, password, phone, user_type, status, mail_verified, phone_verified) VALUES (3051, 'Ruth', 'Mochoge', 'ruthr@yahoo.com', '$argon2i$v=19$m=16,t=2,p=1$bGFiVFNkNkl6YldhMEZ2Mg$KoO4yuR++bGwD7EviELL+Q', '0787016326', 'OWNER', 'VERIFIED', 0, 0);
INSERT INTO business (id, owner_id, name, country, pharmacode, status, type, currency, test, address) VALUES (1703, 3051, 'ANDRON CHEMIST (Nairobi)', 'KENYA', 'PPB/A/942', 'VERIFIED', 'PHARMACY', 'KES', 1, 'KASARANI MWIKI ROAD');
INSERT INTO branch (id, name, address, main, business_id) VALUES (1801, 'Main Branch', 'KASARANI MWIKI ROAD', 0, 1703);
INSERT INTO users (id, first_name, last_name, email, password, phone, user_type, status, mail_verified, phone_verified) VALUES (3052, 'Grace', 'Lusaka', 'asnair@gmail.com', '$argon2i$v=19$m=16,t=2,p=1$bGFiVFNkNkl6YldhMEZ2Mg$KoO4yuR++bGwD7EviELL+Q', '0719762367', 'OWNER', 'VERIFIED', 0, 0);
INSERT INTO business (id, owner_id, name, country, pharmacode, status, type, currency, test, address) VALUES (1704, 3052, 'ANGELIC STAR PHARMACY (Nairobi)', 'KENYA', 'PPB/A/2020', 'VERIFIED', 'PHARMACY', 'KES', 1, 'MOI DRIVE');
INSERT INTO branch (id, name, address, main, business_id) VALUES (1802, 'Main Branch', 'MOI DRIVE', 0, 1704);
INSERT INTO users (id, first_name, last_name, email, password, phone, user_type, status, mail_verified, phone_verified) VALUES (3053, 'Martha', 'Muthama', 'acnair@gmail.com', '$argon2i$v=19$m=16,t=2,p=1$bGFiVFNkNkl6YldhMEZ2Mg$KoO4yuR++bGwD7EviELL+Q', '0754500051', 'OWNER', 'VERIFIED', 0, 0);
INSERT INTO business (id, owner_id, name, country, pharmacode, status, type, currency, test, address) VALUES (1705, 3053, 'ANGRAC COMPANY LIMITED (Nairobi)', 'KENYA', 'PPB/A/1877', 'VERIFIED', 'PHARMACY', 'KES', 1, 'KIAMBU ROAD');
INSERT INTO branch (id, name, address, main, business_id) VALUES (1803, 'Main Branch', 'KIAMBU ROAD', 0, 1705);
INSERT INTO users (id, first_name, last_name, email, password, phone, user_type, status, mail_verified, phone_verified) VALUES (3054, 'Zachary', 'Monyancha', 'acnair@gmail.com', '$argon2i$v=19$m=16,t=2,p=1$bGFiVFNkNkl6YldhMEZ2Mg$KoO4yuR++bGwD7EviELL+Q', '0763677962', 'OWNER', 'VERIFIED', 0, 0);
INSERT INTO business (id, owner_id, name, country, pharmacode, status, type, currency, test, address) VALUES (1706, 3054, 'ANISAH CHEMIST (Nairobi)', 'KENYA', 'PPB/A/1915', 'VERIFIED', 'PHARMACY', 'KES', 1, 'OUTERING ROAD');
INSERT INTO branch (id, name, address, main, business_id) VALUES (1804, 'Main Branch', 'OUTERING ROAD', 0, 1706);
INSERT INTO users (id, first_name, last_name, email, password, phone, user_type, status, mail_verified, phone_verified) VALUES (3055, 'Luke', 'Wanyama', 'ahnair@yahoo.com', '$argon2i$v=19$m=16,t=2,p=1$bGFiVFNkNkl6YldhMEZ2Mg$KoO4yuR++bGwD7EviELL+Q', '0736709973', 'OWNER', 'VERIFIED', 0, 0);
INSERT INTO business (id, owner_id, name, country, pharmacode, status, type, currency, test, address) VALUES (1707, 3055, 'ANIVCARE HEALTH PHARMACY (Nairobi)', 'KENYA', 'PPB/A/2022', 'VERIFIED', 'PHARMACY', 'KES', 1, 'MANYANJA STREET');
INSERT INTO branch (id, name, address, main, business_id) VALUES (1805, 'Main Branch', 'MANYANJA STREET', 0, 1707);
INSERT INTO users (id, first_name, last_name, email, password, phone, user_type, status, mail_verified, phone_verified) VALUES (3056, 'Ethan', 'Monyancha', 'acnair@yahoo.com', '$argon2i$v=19$m=16,t=2,p=1$bGFiVFNkNkl6YldhMEZ2Mg$KoO4yuR++bGwD7EviELL+Q', '0797793649', 'OWNER', 'VERIFIED', 0, 0);
INSERT INTO business (id, owner_id, name, country, pharmacode, status, type, currency, test, address) VALUES (1708, 3056, 'ANMARC CHEMIST (Nairobi)', 'KENYA', 'PPB/A/2005', 'VERIFIED', 'PHARMACY', 'KES', 1, 'KIBIKU');
INSERT INTO branch (id, name, address, main, business_id) VALUES (1806, 'Main Branch', 'KIBIKU', 0, 1708);
INSERT INTO users (id, first_name, last_name, email, password, phone, user_type, status, mail_verified, phone_verified) VALUES (3057, 'Elisha', 'Odinga', 'elishar@gmail.com', '$argon2i$v=19$m=16,t=2,p=1$bGFiVFNkNkl6YldhMEZ2Mg$KoO4yuR++bGwD7EviELL+Q', '0713518934', 'OWNER', 'VERIFIED', 0, 0);
INSERT INTO business (id, owner_id, name, country, pharmacode, status, type, currency, test, address) VALUES (1709, 3057, 'ANNOINTED PHARMACEUTICALS LTD-MUTHIGA STAGE (Nairobi)', 'KENYA', 'PPB/A/1530', 'VERIFIED', 'PHARMACY', 'KES', 1, 'UHURU ROAD');
INSERT INTO branch (id, name, address, main, business_id) VALUES (1807, 'Main Branch', 'UHURU ROAD', 0, 1709);
INSERT INTO users (id, first_name, last_name, email, password, phone, user_type, status, mail_verified, phone_verified) VALUES (3058, 'Mary', 'Ouma', 'mary@gmail.com', '$argon2i$v=19$m=16,t=2,p=1$bGFiVFNkNkl6YldhMEZ2Mg$KoO4yuR++bGwD7EviELL+Q', '0768350606', 'OWNER', 'VERIFIED', 0, 0);
INSERT INTO business (id, owner_id, name, country, pharmacode, status, type, currency, test, address) VALUES (1710, 3058, 'ANTOCHEM PHARMACY (Nairobi)', 'KENYA', 'PPB/A/254', 'VERIFIED', 'PHARMACY', 'KES', 1, 'MOI DRIVE');
INSERT INTO branch (id, name, address, main, business_id) VALUES (1808, 'Main Branch', 'MOI DRIVE', 0, 1710);
INSERT INTO users (id, first_name, last_name, email, password, phone, user_type, status, mail_verified, phone_verified) VALUES (3059, 'Daniel', 'Cheruiyot', 'amnair@yahoo.com', '$argon2i$v=19$m=16,t=2,p=1$bGFiVFNkNkl6YldhMEZ2Mg$KoO4yuR++bGwD7EviELL+Q', '0775977834', 'OWNER', 'VERIFIED', 0, 0);
INSERT INTO business (id, owner_id, name, country, pharmacode, status, type, currency, test, address) VALUES (1711, 3059, 'ANTONIO MEMZCHEMIST (Nairobi)', 'KENYA', 'PPB/A/1872', 'VERIFIED', 'PHARMACY', 'KES', 1, 'MUTUINI');
INSERT INTO branch (id, name, address, main, business_id) VALUES (1809, 'Main Branch', 'MUTUINI', 0, 1711);
INSERT INTO users (id, first_name, last_name, email, password, phone, user_type, status, mail_verified, phone_verified) VALUES (3060, 'Hannah', 'Kisilu', 'hannah@yahoo.com', '$argon2i$v=19$m=16,t=2,p=1$bGFiVFNkNkl6YldhMEZ2Mg$KoO4yuR++bGwD7EviELL+Q', '0762330200', 'OWNER', 'VERIFIED', 0, 0);
INSERT INTO business (id, owner_id, name, country, pharmacode, status, type, currency, test, address) VALUES (1712, 3060, 'APOCARE PHARMACY LIMITED (Nairobi)', 'KENYA', 'PPB/A/1880', 'VERIFIED', 'PHARMACY', 'KES', 1, 'THIRD PARKLANDS AVENUE');
INSERT INTO branch (id, name, address, main, business_id) VALUES (1810, 'Main Branch', 'THIRD PARKLANDS AVENUE', 0, 1712);
INSERT INTO users (id, first_name, last_name, email, password, phone, user_type, status, mail_verified, phone_verified) VALUES (3061, 'Tabitha', 'Kilonzo', 'tabitha48@yahoo.com', '$argon2i$v=19$m=16,t=2,p=1$bGFiVFNkNkl6YldhMEZ2Mg$KoO4yuR++bGwD7EviELL+Q', '0783603634', 'OWNER', 'VERIFIED', 0, 0);
INSERT INTO business (id, owner_id, name, country, pharmacode, status, type, currency, test, address) VALUES (1713, 3061, 'APOLLO MEDICARE(K) LTD (Nairobi)', 'KENYA', 'PPB/A/264', 'VERIFIED', 'PHARMACY', 'KES', 1, 'MARKET ROAD');
INSERT INTO branch (id, name, address, main, business_id) VALUES (1811, 'Main Branch', 'MARKET ROAD', 0, 1713);
INSERT INTO users (id, first_name, last_name, email, password, phone, user_type, status, mail_verified, phone_verified) VALUES (3062, 'Deborah', 'Mogaka', 'deborahr@yahoo.com', '$argon2i$v=19$m=16,t=2,p=1$bGFiVFNkNkl6YldhMEZ2Mg$KoO4yuR++bGwD7EviELL+Q', '0793774017', 'OWNER', 'VERIFIED', 0, 0);
INSERT INTO business (id, owner_id, name, country, pharmacode, status, type, currency, test, address) VALUES (1714, 3062, 'APOLO HEALTHCARE-NAIROBI (Nairobi)', 'KENYA', 'PPB/A/0368', 'VERIFIED', 'PHARMACY', 'KES', 1, 'KIPKAPUS  ROAD');
INSERT INTO branch (id, name, address, main, business_id) VALUES (1812, 'Main Branch', 'KIPKAPUS  ROAD', 0, 1714);
INSERT INTO users (id, first_name, last_name, email, password, phone, user_type, status, mail_verified, phone_verified) VALUES (3063, 'Joshua', 'Mochoge', 'joshua76@yahoo.com', '$argon2i$v=19$m=16,t=2,p=1$bGFiVFNkNkl6YldhMEZ2Mg$KoO4yuR++bGwD7EviELL+Q', '0749982274', 'OWNER', 'VERIFIED', 0, 0);
INSERT INTO business (id, owner_id, name, country, pharmacode, status, type, currency, test, address) VALUES (1715, 3063, 'APPLEGENE PHARMACY LTD (Nairobi)', 'KENYA', 'PPB/A/117', 'VERIFIED', 'PHARMACY', 'KES', 1, 'LANGATA RD');
INSERT INTO branch (id, name, address, main, business_id) VALUES (1813, 'Main Branch', 'LANGATA RD', 0, 1715);
INSERT INTO users (id, first_name, last_name, email, password, phone, user_type, status, mail_verified, phone_verified) VALUES (3064, 'Hannah', 'Njoroge', 'apnair@yahoo.com', '$argon2i$v=19$m=16,t=2,p=1$bGFiVFNkNkl6YldhMEZ2Mg$KoO4yuR++bGwD7EviELL+Q', '0745130590', 'OWNER', 'VERIFIED', 0, 0);
INSERT INTO business (id, owner_id, name, country, pharmacode, status, type, currency, test, address) VALUES (1716, 3064, 'APPLETON PHARMACEUTICALS LIMITED (Nairobi)', 'KENYA', 'PPB/A/1950', 'VERIFIED', 'PHARMACY', 'KES', 1, 'MONROVIA STREET');
INSERT INTO branch (id, name, address, main, business_id) VALUES (1814, 'Main Branch', 'MONROVIA STREET', 0, 1716);
INSERT INTO users (id, first_name, last_name, email, password, phone, user_type, status, mail_verified, phone_verified) VALUES (3065, 'Daniel', 'Muli', 'daniel58@yahoo.com', '$argon2i$v=19$m=16,t=2,p=1$bGFiVFNkNkl6YldhMEZ2Mg$KoO4yuR++bGwD7EviELL+Q', '0759026655', 'OWNER', 'VERIFIED', 0, 0);
INSERT INTO business (id, owner_id, name, country, pharmacode, status, type, currency, test, address) VALUES (1717, 3065, 'ARABICA CHEMISTS-KASARANI (Nairobi)', 'KENYA', 'PPB/A/1799', 'VERIFIED', 'PHARMACY', 'KES', 1, 'MATHARE NORTH ROAD');
INSERT INTO branch (id, name, address, main, business_id) VALUES (1815, 'Main Branch', 'MATHARE NORTH ROAD', 0, 1717);
INSERT INTO users (id, first_name, last_name, email, password, phone, user_type, status, mail_verified, phone_verified) VALUES (3066, 'Elijah', 'Musyoka', 'acnair@yahoo.com', '$argon2i$v=19$m=16,t=2,p=1$bGFiVFNkNkl6YldhMEZ2Mg$KoO4yuR++bGwD7EviELL+Q', '0745868357', 'OWNER', 'VERIFIED', 0, 0);
INSERT INTO business (id, owner_id, name, country, pharmacode, status, type, currency, test, address) VALUES (1718, 3066, 'ARABICA CHEMISTS-LUCKY SUMMER ROAD (Nairobi)', 'KENYA', 'PPB/A/1643', 'VERIFIED', 'PHARMACY', 'KES', 1, 'LUCKY SUMMER ROAD');
INSERT INTO branch (id, name, address, main, business_id) VALUES (1816, 'Main Branch', 'LUCKY SUMMER ROAD', 0, 1718);
INSERT INTO users (id, first_name, last_name, email, password, phone, user_type, status, mail_verified, phone_verified) VALUES (3067, 'Jesse', 'Wainaina', 'apnair@yahoo.com', '$argon2i$v=19$m=16,t=2,p=1$bGFiVFNkNkl6YldhMEZ2Mg$KoO4yuR++bGwD7EviELL+Q', '0748196151', 'OWNER', 'VERIFIED', 0, 0);
INSERT INTO business (id, owner_id, name, country, pharmacode, status, type, currency, test, address) VALUES (1719, 3067, 'ARFAAT PHARMACY- EASTLEIGH (Nairobi)', 'KENYA', 'PPB/A/205', 'VERIFIED', 'PHARMACY', 'KES', 1, 'AL-HIDAYA AREA');
INSERT INTO branch (id, name, address, main, business_id) VALUES (1817, 'Main Branch', 'AL-HIDAYA AREA', 0, 1719);
INSERT INTO users (id, first_name, last_name, email, password, phone, user_type, status, mail_verified, phone_verified) VALUES (3068, 'Delilah', 'Ngui', 'apnair@gmail.com', '$argon2i$v=19$m=16,t=2,p=1$bGFiVFNkNkl6YldhMEZ2Mg$KoO4yuR++bGwD7EviELL+Q', '0721424008', 'OWNER', 'VERIFIED', 0, 0);
INSERT INTO business (id, owner_id, name, country, pharmacode, status, type, currency, test, address) VALUES (1720, 3068, 'ARNICA PHARMACEUTICALS LTD (Nairobi)', 'KENYA', 'PPB/A/472', 'VERIFIED', 'PHARMACY', 'KES', 1, 'RIVERSIDE DRIVE');
INSERT INTO branch (id, name, address, main, business_id) VALUES (1818, 'Main Branch', 'RIVERSIDE DRIVE', 0, 1720);
INSERT INTO users (id, first_name, last_name, email, password, phone, user_type, status, mail_verified, phone_verified) VALUES (3069, 'Isaac', 'Onyango', 'isaac@yahoo.com', '$argon2i$v=19$m=16,t=2,p=1$bGFiVFNkNkl6YldhMEZ2Mg$KoO4yuR++bGwD7EviELL+Q', '0733444473', 'OWNER', 'VERIFIED', 0, 0);
INSERT INTO business (id, owner_id, name, country, pharmacode, status, type, currency, test, address) VALUES (1721, 3069, 'ARYA PHARMACEUTICALS (Nairobi)', 'KENYA', 'PPB/A/1575', 'VERIFIED', 'PHARMACY', 'KES', 1, 'FEDHA ROAD TASSIA');
INSERT INTO branch (id, name, address, main, business_id) VALUES (1819, 'Main Branch', 'FEDHA ROAD TASSIA', 0, 1721);
INSERT INTO users (id, first_name, last_name, email, password, phone, user_type, status, mail_verified, phone_verified) VALUES (3070, 'Titus', 'Nyakundi', 'amnair@yahoo.com', '$argon2i$v=19$m=16,t=2,p=1$bGFiVFNkNkl6YldhMEZ2Mg$KoO4yuR++bGwD7EviELL+Q', '0752267738', 'OWNER', 'VERIFIED', 0, 0);
INSERT INTO business (id, owner_id, name, country, pharmacode, status, type, currency, test, address) VALUES (1722, 3070, 'ASCENT MEDMART (Nairobi)', 'KENYA', 'PPB/A/1570', 'VERIFIED', 'PHARMACY', 'KES', 1, 'LANGATA SOUTH ROAD');
INSERT INTO branch (id, name, address, main, business_id) VALUES (1820, 'Main Branch', 'LANGATA SOUTH ROAD', 0, 1722);
INSERT INTO users (id, first_name, last_name, email, password, phone, user_type, status, mail_verified, phone_verified) VALUES (3071, 'Elijah', 'Nanjala', 'apnair@yahoo.com', '$argon2i$v=19$m=16,t=2,p=1$bGFiVFNkNkl6YldhMEZ2Mg$KoO4yuR++bGwD7EviELL+Q', '0755309420', 'OWNER', 'VERIFIED', 0, 0);
INSERT INTO business (id, owner_id, name, country, pharmacode, status, type, currency, test, address) VALUES (1723, 3071, 'ASHBRIDGE PHARMACEUTICALS (Nairobi)', 'KENYA', 'PPB/A/357', 'VERIFIED', 'PHARMACY', 'KES', 1, 'nan');
INSERT INTO branch (id, name, address, main, business_id) VALUES (1821, 'Main Branch', 'nan', 0, 1723);
INSERT INTO users (id, first_name, last_name, email, password, phone, user_type, status, mail_verified, phone_verified) VALUES (3072, 'Stephen', 'Kipsang', 'stephen52@yahoo.com', '$argon2i$v=19$m=16,t=2,p=1$bGFiVFNkNkl6YldhMEZ2Mg$KoO4yuR++bGwD7EviELL+Q', '0770844028', 'OWNER', 'VERIFIED', 0, 0);
INSERT INTO business (id, owner_id, name, country, pharmacode, status, type, currency, test, address) VALUES (1724, 3072, 'ASHOKEM PHARMACEUTICALS (Nairobi)', 'KENYA', 'PPB/A/1952', 'VERIFIED', 'PHARMACY', 'KES', 1, 'GINGURI UTAWALA ROAD');
INSERT INTO branch (id, name, address, main, business_id) VALUES (1822, 'Main Branch', 'GINGURI UTAWALA ROAD', 0, 1724);
INSERT INTO users (id, first_name, last_name, email, password, phone, user_type, status, mail_verified, phone_verified) VALUES (3073, 'Deborah', 'Ochieng', 'apnair@gmail.com', '$argon2i$v=19$m=16,t=2,p=1$bGFiVFNkNkl6YldhMEZ2Mg$KoO4yuR++bGwD7EviELL+Q', '0786386392', 'OWNER', 'VERIFIED', 0, 0);
INSERT INTO business (id, owner_id, name, country, pharmacode, status, type, currency, test, address) VALUES (1725, 3073, 'ASMIT PHARMACEUTICALS - FEDHA (Nairobi)', 'KENYA', 'PPB/A/1836', 'VERIFIED', 'PHARMACY', 'KES', 1, 'FEDHA AVENUE');
INSERT INTO branch (id, name, address, main, business_id) VALUES (1823, 'Main Branch', 'FEDHA AVENUE', 0, 1725);
INSERT INTO users (id, first_name, last_name, email, password, phone, user_type, status, mail_verified, phone_verified) VALUES (3074, 'Naomi', 'Chepkwony', 'apnair@yahoo.com', '$argon2i$v=19$m=16,t=2,p=1$bGFiVFNkNkl6YldhMEZ2Mg$KoO4yuR++bGwD7EviELL+Q', '0763482692', 'OWNER', 'VERIFIED', 0, 0);
INSERT INTO business (id, owner_id, name, country, pharmacode, status, type, currency, test, address) VALUES (1726, 3074, 'ASMIT PHARMACEUTICALS LTD (Nairobi)', 'KENYA', 'PPB/A/1959', 'VERIFIED', 'PHARMACY', 'KES', 1, 'GICHUGU ROAD');
INSERT INTO branch (id, name, address, main, business_id) VALUES (1824, 'Main Branch', 'GICHUGU ROAD', 0, 1726);
INSERT INTO users (id, first_name, last_name, email, password, phone, user_type, status, mail_verified, phone_verified) VALUES (3075, 'Solomon', 'Mukhisa', 'apnair@yahoo.com', '$argon2i$v=19$m=16,t=2,p=1$bGFiVFNkNkl6YldhMEZ2Mg$KoO4yuR++bGwD7EviELL+Q', '0744770545', 'OWNER', 'VERIFIED', 0, 0);
INSERT INTO business (id, owner_id, name, country, pharmacode, status, type, currency, test, address) VALUES (1727, 3075, 'ASSURED PHARMACEUTICALS LTD (Nairobi)', 'KENYA', 'PPB/A/1747', 'VERIFIED', 'PHARMACY', 'KES', 1, 'MUNYU ROAD');
INSERT INTO branch (id, name, address, main, business_id) VALUES (1825, 'Main Branch', 'MUNYU ROAD', 0, 1727);
INSERT INTO users (id, first_name, last_name, email, password, phone, user_type, status, mail_verified, phone_verified) VALUES (3076, 'Peter', 'Odhiambo', 'peter53@gmail.com', '$argon2i$v=19$m=16,t=2,p=1$bGFiVFNkNkl6YldhMEZ2Mg$KoO4yuR++bGwD7EviELL+Q', '0713726540', 'OWNER', 'VERIFIED', 0, 0);
INSERT INTO business (id, owner_id, name, country, pharmacode, status, type, currency, test, address) VALUES (1728, 3076, 'ASTRAVALE PHARMACEE LTD (Nairobi)', 'KENYA', 'PPB/A/1767', 'VERIFIED', 'PHARMACY', 'KES', 1, 'OLE SANGALE ROAD');
INSERT INTO branch (id, name, address, main, business_id) VALUES (1826, 'Main Branch', 'OLE SANGALE ROAD', 0, 1728);
INSERT INTO users (id, first_name, last_name, email, password, phone, user_type, status, mail_verified, phone_verified) VALUES (3077, 'Elisha', 'Mudavadi', 'elisha@gmail.com', '$argon2i$v=19$m=16,t=2,p=1$bGFiVFNkNkl6YldhMEZ2Mg$KoO4yuR++bGwD7EviELL+Q', '0732661589', 'OWNER', 'VERIFIED', 0, 0);
INSERT INTO business (id, owner_id, name, country, pharmacode, status, type, currency, test, address) VALUES (1729, 3077, 'AURA HEALTHCARE LIMITED (Nairobi)', 'KENYA', 'PPB/A/1932', 'VERIFIED', 'PHARMACY', 'KES', 1, 'GENERAL MATHENGE DRIVE');
INSERT INTO branch (id, name, address, main, business_id) VALUES (1827, 'Main Branch', 'GENERAL MATHENGE DRIVE', 0, 1729);
INSERT INTO users (id, first_name, last_name, email, password, phone, user_type, status, mail_verified, phone_verified) VALUES (3078, 'Jesse', 'Njoroge', 'jesser@yahoo.com', '$argon2i$v=19$m=16,t=2,p=1$bGFiVFNkNkl6YldhMEZ2Mg$KoO4yuR++bGwD7EviELL+Q', '0768546518', 'OWNER', 'VERIFIED', 0, 0);
INSERT INTO business (id, owner_id, name, country, pharmacode, status, type, currency, test, address) VALUES (1730, 3078, 'AVA PHARMACY LIMITED (Nairobi)', 'KENYA', 'PPB/A/1545', 'VERIFIED', 'PHARMACY', 'KES', 1, 'KAREN-NGONG');
INSERT INTO branch (id, name, address, main, business_id) VALUES (1828, 'Main Branch', 'KAREN-NGONG', 0, 1730);
INSERT INTO users (id, first_name, last_name, email, password, phone, user_type, status, mail_verified, phone_verified) VALUES (3079, 'Moses', 'Odhiambo', 'moses@yahoo.com', '$argon2i$v=19$m=16,t=2,p=1$bGFiVFNkNkl6YldhMEZ2Mg$KoO4yuR++bGwD7EviELL+Q', '0762399911', 'OWNER', 'VERIFIED', 0, 0);
INSERT INTO business (id, owner_id, name, country, pharmacode, status, type, currency, test, address) VALUES (1731, 3079, 'AWALE II PHARMACEUTICALS LTD (Nairobi)', 'KENYA', 'PPB/A/394', 'VERIFIED', 'PHARMACY', 'KES', 1, '12 TH');
INSERT INTO branch (id, name, address, main, business_id) VALUES (1829, 'Main Branch', '12 TH', 0, 1731);
INSERT INTO users (id, first_name, last_name, email, password, phone, user_type, status, mail_verified, phone_verified) VALUES (3080, 'Bartholomew', 'Ochieng', 'apnair@gmail.com', '$argon2i$v=19$m=16,t=2,p=1$bGFiVFNkNkl6YldhMEZ2Mg$KoO4yuR++bGwD7EviELL+Q', '0797566933', 'OWNER', 'VERIFIED', 0, 0);
INSERT INTO business (id, owner_id, name, country, pharmacode, status, type, currency, test, address) VALUES (1732, 3080, 'AWALE PHARMACEUTICALS LTD (Nairobi)', 'KENYA', 'PPB/A/103', 'VERIFIED', 'PHARMACY', 'KES', 1, '2ND AVENUE,5TH STREET');
INSERT INTO branch (id, name, address, main, business_id) VALUES (1830, 'Main Branch', '2ND AVENUE,5TH STREET', 0, 1732);
INSERT INTO users (id, first_name, last_name, email, password, phone, user_type, status, mail_verified, phone_verified) VALUES (3081, 'Joanna', 'Ouko', 'joanna@yahoo.com', '$argon2i$v=19$m=16,t=2,p=1$bGFiVFNkNkl6YldhMEZ2Mg$KoO4yuR++bGwD7EviELL+Q', '0737137377', 'OWNER', 'VERIFIED', 0, 0);
INSERT INTO business (id, owner_id, name, country, pharmacode, status, type, currency, test, address) VALUES (1733, 3081, 'AWASICARE PHARMACY', 'KENYA', 'PPB/A/2108', 'VERIFIED', 'PHARMACY', 'KES', 1, 'NAIROBI ROAD');
INSERT INTO branch (id, name, address, main, business_id) VALUES (1831, 'Main Branch', 'NAIROBI ROAD', 0, 1733);
INSERT INTO users (id, first_name, last_name, email, password, phone, user_type, status, mail_verified, phone_verified) VALUES (3082, 'Barnabas', 'Ngugi', 'apnair@yahoo.com', '$argon2i$v=19$m=16,t=2,p=1$bGFiVFNkNkl6YldhMEZ2Mg$KoO4yuR++bGwD7EviELL+Q', '0725085152', 'OWNER', 'VERIFIED', 0, 0);
INSERT INTO business (id, owner_id, name, country, pharmacode, status, type, currency, test, address) VALUES (1734, 3082, 'AZERA PHARMACY (Nairobi)', 'KENYA', 'PPB/A/150 B', 'VERIFIED', 'PHARMACY', 'KES', 1, 'KAMITI ROAD');
INSERT INTO branch (id, name, address, main, business_id) VALUES (1832, 'Main Branch', 'KAMITI ROAD', 0, 1734);
INSERT INTO users (id, first_name, last_name, email, password, phone, user_type, status, mail_verified, phone_verified) VALUES (3083, 'Ezekiel', 'Mokua', 'amnair@yahoo.com', '$argon2i$v=19$m=16,t=2,p=1$bGFiVFNkNkl6YldhMEZ2Mg$KoO4yuR++bGwD7EviELL+Q', '0719916891', 'OWNER', 'VERIFIED', 0, 0);
INSERT INTO business (id, owner_id, name, country, pharmacode, status, type, currency, test, address) VALUES (1735, 3083, 'AZRAH MEDICAL CENTRE LIMITED (Nairobi)', 'KENYA', 'PPB/A/2091', 'VERIFIED', 'PHARMACY', 'KES', 1, '11TH STREET');
INSERT INTO branch (id, name, address, main, business_id) VALUES (1833, 'Main Branch', '11TH STREET', 0, 1735);
INSERT INTO users (id, first_name, last_name, email, password, phone, user_type, status, mail_verified, phone_verified) VALUES (3084, 'Bartholomew', 'Barasa', 'bpnair@gmail.com', '$argon2i$v=19$m=16,t=2,p=1$bGFiVFNkNkl6YldhMEZ2Mg$KoO4yuR++bGwD7EviELL+Q', '0729920678', 'OWNER', 'VERIFIED', 0, 0);
INSERT INTO business (id, owner_id, name, country, pharmacode, status, type, currency, test, address) VALUES (1736, 3084, 'BADGE PHARMACY (Nairobi)', 'KENYA', 'PPB/B/6901', 'VERIFIED', 'PHARMACY', 'KES', 1, 'KATANI ROAD');
INSERT INTO branch (id, name, address, main, business_id) VALUES (1834, 'Main Branch', 'KATANI ROAD', 0, 1736);
INSERT INTO users (id, first_name, last_name, email, password, phone, user_type, status, mail_verified, phone_verified) VALUES (3085, 'Gabriel', 'Musyoka', 'gabriel91@gmail.com', '$argon2i$v=19$m=16,t=2,p=1$bGFiVFNkNkl6YldhMEZ2Mg$KoO4yuR++bGwD7EviELL+Q', '0790236681', 'OWNER', 'VERIFIED', 0, 0);
INSERT INTO business (id, owner_id, name, country, pharmacode, status, type, currency, test, address) VALUES (1737, 3085, 'BAHRAIN PHARMA LIMITED (Nairobi)', 'KENYA', 'PPB/B/6675', 'VERIFIED', 'PHARMACY', 'KES', 1, 'FIFTH STREET');
INSERT INTO branch (id, name, address, main, business_id) VALUES (1835, 'Main Branch', 'FIFTH STREET', 0, 1737);
INSERT INTO users (id, first_name, last_name, email, password, phone, user_type, status, mail_verified, phone_verified) VALUES (3086, 'Aaron', 'Cheruiyot', 'aaron@gmail.com', '$argon2i$v=19$m=16,t=2,p=1$bGFiVFNkNkl6YldhMEZ2Mg$KoO4yuR++bGwD7EviELL+Q', '0789759143', 'OWNER', 'VERIFIED', 0, 0);
INSERT INTO business (id, owner_id, name, country, pharmacode, status, type, currency, test, address) VALUES (1738, 3086, 'BALKAM PHARMACEUTICALS (Nairobi)', 'KENYA', 'PPB/B/59', 'VERIFIED', 'PHARMACY', 'KES', 1, 'nan');
INSERT INTO branch (id, name, address, main, business_id) VALUES (1836, 'Main Branch', 'nan', 0, 1738);
INSERT INTO users (id, first_name, last_name, email, password, phone, user_type, status, mail_verified, phone_verified) VALUES (3087, 'Rachel', 'Mutua', 'bpnair@yahoo.com', '$argon2i$v=19$m=16,t=2,p=1$bGFiVFNkNkl6YldhMEZ2Mg$KoO4yuR++bGwD7EviELL+Q', '0783464278', 'OWNER', 'VERIFIED', 0, 0);
INSERT INTO business (id, owner_id, name, country, pharmacode, status, type, currency, test, address) VALUES (1739, 3087, 'BAMCHEM PHARMACY-NAIROBI (Nairobi)', 'KENYA', 'PPB/B/377', 'VERIFIED', 'PHARMACY', 'KES', 1, 'WAWERU ROAD');
INSERT INTO branch (id, name, address, main, business_id) VALUES (1837, 'Main Branch', 'WAWERU ROAD', 0, 1739);
INSERT INTO users (id, first_name, last_name, email, password, phone, user_type, status, mail_verified, phone_verified) VALUES (3088, 'Isaac', 'Ochieng', 'isaac31@gmail.com', '$argon2i$v=19$m=16,t=2,p=1$bGFiVFNkNkl6YldhMEZ2Mg$KoO4yuR++bGwD7EviELL+Q', '0796605579', 'OWNER', 'VERIFIED', 0, 0);
INSERT INTO business (id, owner_id, name, country, pharmacode, status, type, currency, test, address) VALUES (1740, 3088, 'BANADOZ PHARMACEUTICALS (Nairobi)', 'KENYA', 'PPB/B/437', 'VERIFIED', 'PHARMACY', 'KES', 1, 'KAMITI ROAD');
INSERT INTO branch (id, name, address, main, business_id) VALUES (1838, 'Main Branch', 'KAMITI ROAD', 0, 1740);
INSERT INTO users (id, first_name, last_name, email, password, phone, user_type, status, mail_verified, phone_verified) VALUES (3089, 'Abraham', 'Ongeri', 'abraham@yahoo.com', '$argon2i$v=19$m=16,t=2,p=1$bGFiVFNkNkl6YldhMEZ2Mg$KoO4yuR++bGwD7EviELL+Q', '0769951162', 'OWNER', 'VERIFIED', 0, 0);
INSERT INTO business (id, owner_id, name, country, pharmacode, status, type, currency, test, address) VALUES (1741, 3089, 'BARAKAAT CHEMIST LIMITED- USHIRIKA (Nairobi)', 'KENYA', 'PPB/B/7094', 'VERIFIED', 'PHARMACY', 'KES', 1, 'JAM STREET');
INSERT INTO branch (id, name, address, main, business_id) VALUES (1839, 'Main Branch', 'JAM STREET', 0, 1741);
INSERT INTO users (id, first_name, last_name, email, password, phone, user_type, status, mail_verified, phone_verified) VALUES (3090, 'Priscilla', 'Omollo', 'bcnair@gmail.com', '$argon2i$v=19$m=16,t=2,p=1$bGFiVFNkNkl6YldhMEZ2Mg$KoO4yuR++bGwD7EviELL+Q', '0719498475', 'OWNER', 'VERIFIED', 0, 0);
INSERT INTO business (id, owner_id, name, country, pharmacode, status, type, currency, test, address) VALUES (1742, 3090, 'BARAKAAT CHEMIST LTD (Nairobi)', 'KENYA', 'PPB/353', 'VERIFIED', 'PHARMACY', 'KES', 1, 'KIPANGA ATHUMANI ROAD');
INSERT INTO branch (id, name, address, main, business_id) VALUES (1840, 'Main Branch', 'KIPANGA ATHUMANI ROAD', 0, 1742);
INSERT INTO users (id, first_name, last_name, email, password, phone, user_type, status, mail_verified, phone_verified) VALUES (3091, 'Samuel', 'Wainaina', 'samuel@yahoo.com', '$argon2i$v=19$m=16,t=2,p=1$bGFiVFNkNkl6YldhMEZ2Mg$KoO4yuR++bGwD7EviELL+Q', '0731576530', 'OWNER', 'VERIFIED', 0, 0);
INSERT INTO business (id, owner_id, name, country, pharmacode, status, type, currency, test, address) VALUES (1743, 3091, 'BARIYOW MEDICAL CENTRE LTD (Nairobi)', 'KENYA', 'PPB/B/240', 'VERIFIED', 'PHARMACY', 'KES', 1, 'KIPANDE ATHUMANI');
INSERT INTO branch (id, name, address, main, business_id) VALUES (1841, 'Main Branch', 'KIPANDE ATHUMANI', 0, 1743);
INSERT INTO users (id, first_name, last_name, email, password, phone, user_type, status, mail_verified, phone_verified) VALUES (3092, 'Peter', 'Owino', 'bpnair@yahoo.com', '$argon2i$v=19$m=16,t=2,p=1$bGFiVFNkNkl6YldhMEZ2Mg$KoO4yuR++bGwD7EviELL+Q', '0739292371', 'OWNER', 'VERIFIED', 0, 0);
INSERT INTO business (id, owner_id, name, country, pharmacode, status, type, currency, test, address) VALUES (1744, 3092, 'BARTON PHAMACY (Nairobi)', 'KENYA', 'PPB/B/6716', 'VERIFIED', 'PHARMACY', 'KES', 1, 'OUTERING ROAD');
INSERT INTO branch (id, name, address, main, business_id) VALUES (1842, 'Main Branch', 'OUTERING ROAD', 0, 1744);
INSERT INTO users (id, first_name, last_name, email, password, phone, user_type, status, mail_verified, phone_verified) VALUES (3093, 'Priscilla', 'Wekesa', 'bdnair@yahoo.com', '$argon2i$v=19$m=16,t=2,p=1$bGFiVFNkNkl6YldhMEZ2Mg$KoO4yuR++bGwD7EviELL+Q', '0764009646', 'OWNER', 'VERIFIED', 0, 0);
INSERT INTO business (id, owner_id, name, country, pharmacode, status, type, currency, test, address) VALUES (1745, 3093, 'BASE DRUG PHARMACY (Nairobi)', 'KENYA', 'PPB/B/6793', 'VERIFIED', 'PHARMACY', 'KES', 1, 'KAMITI ROAD');
INSERT INTO branch (id, name, address, main, business_id) VALUES (1843, 'Main Branch', 'KAMITI ROAD', 0, 1745);
INSERT INTO users (id, first_name, last_name, email, password, phone, user_type, status, mail_verified, phone_verified) VALUES (3094, 'Rebecca', 'Musyoka', 'rebecca76@gmail.com', '$argon2i$v=19$m=16,t=2,p=1$bGFiVFNkNkl6YldhMEZ2Mg$KoO4yuR++bGwD7EviELL+Q', '0719108453', 'OWNER', 'VERIFIED', 0, 0);
INSERT INTO business (id, owner_id, name, country, pharmacode, status, type, currency, test, address) VALUES (1746, 3094, 'BASE PHARMACEUTICALS (Nairobi)', 'KENYA', 'PPB/B/7026', 'VERIFIED', 'PHARMACY', 'KES', 1, 'BIMA ROAD');
INSERT INTO branch (id, name, address, main, business_id) VALUES (1844, 'Main Branch', 'BIMA ROAD', 0, 1746);
INSERT INTO users (id, first_name, last_name, email, password, phone, user_type, status, mail_verified, phone_verified) VALUES (3095, 'Grace', 'Ratemo', 'grace@gmail.com', '$argon2i$v=19$m=16,t=2,p=1$bGFiVFNkNkl6YldhMEZ2Mg$KoO4yuR++bGwD7EviELL+Q', '0741824253', 'OWNER', 'VERIFIED', 0, 0);
INSERT INTO business (id, owner_id, name, country, pharmacode, status, type, currency, test, address) VALUES (1747, 3095, 'BEALLARA PHARMACY (Nairobi)', 'KENYA', 'PPB/B/241', 'VERIFIED', 'PHARMACY', 'KES', 1, 'nan');
INSERT INTO branch (id, name, address, main, business_id) VALUES (1845, 'Main Branch', 'nan', 0, 1747);
INSERT INTO users (id, first_name, last_name, email, password, phone, user_type, status, mail_verified, phone_verified) VALUES (3096, 'Ethan', 'Ratemo', 'bhnair@yahoo.com', '$argon2i$v=19$m=16,t=2,p=1$bGFiVFNkNkl6YldhMEZ2Mg$KoO4yuR++bGwD7EviELL+Q', '0781916280', 'OWNER', 'VERIFIED', 0, 0);
INSERT INTO business (id, owner_id, name, country, pharmacode, status, type, currency, test, address) VALUES (1748, 3096, 'BEKY HOLDING PHARMACY LTD (Nairobi)', 'KENYA', 'PPB/B/456', 'VERIFIED', 'PHARMACY', 'KES', 1, 'MOMBASA ROAD');
INSERT INTO branch (id, name, address, main, business_id) VALUES (1846, 'Main Branch', 'MOMBASA ROAD', 0, 1748);
INSERT INTO users (id, first_name, last_name, email, password, phone, user_type, status, mail_verified, phone_verified) VALUES (3097, 'Paul', 'Ochieng', 'paul@yahoo.com', '$argon2i$v=19$m=16,t=2,p=1$bGFiVFNkNkl6YldhMEZ2Mg$KoO4yuR++bGwD7EviELL+Q', '0758772579', 'OWNER', 'VERIFIED', 0, 0);
INSERT INTO business (id, owner_id, name, country, pharmacode, status, type, currency, test, address) VALUES (1749, 3097, 'BEKY HOLDINGS PHARMACY (Nairobi)', 'KENYA', 'PPB/B/6983', 'VERIFIED', 'PHARMACY', 'KES', 1, 'LIMURU ROAD');
INSERT INTO branch (id, name, address, main, business_id) VALUES (1847, 'Main Branch', 'LIMURU ROAD', 0, 1749);
INSERT INTO users (id, first_name, last_name, email, password, phone, user_type, status, mail_verified, phone_verified) VALUES (3098, 'Rebecca', 'Wanyama', 'bpnair@gmail.com', '$argon2i$v=19$m=16,t=2,p=1$bGFiVFNkNkl6YldhMEZ2Mg$KoO4yuR++bGwD7EviELL+Q', '0751389601', 'OWNER', 'VERIFIED', 0, 0);
INSERT INTO business (id, owner_id, name, country, pharmacode, status, type, currency, test, address) VALUES (1750, 3098, 'BEN-AMMI PHARMACIES LTD (Nairobi)', 'KENYA', 'PPB/B/352', 'VERIFIED', 'PHARMACY', 'KES', 1, '5TH AVENUE');
INSERT INTO branch (id, name, address, main, business_id) VALUES (1848, 'Main Branch', '5TH AVENUE', 0, 1750);
INSERT INTO users (id, first_name, last_name, email, password, phone, user_type, status, mail_verified, phone_verified) VALUES (3099, 'Elizabeth', 'Mudavadi', 'bpnair@gmail.com', '$argon2i$v=19$m=16,t=2,p=1$bGFiVFNkNkl6YldhMEZ2Mg$KoO4yuR++bGwD7EviELL+Q', '0712095132', 'OWNER', 'VERIFIED', 0, 0);
INSERT INTO business (id, owner_id, name, country, pharmacode, status, type, currency, test, address) VALUES (1751, 3099, 'BEN-AMMI PHARMCIES- NHIF (Nairobi)', 'KENYA', 'PPB/B/352 B', 'VERIFIED', 'PHARMACY', 'KES', 1, 'RAGATI');
INSERT INTO branch (id, name, address, main, business_id) VALUES (1849, 'Main Branch', 'RAGATI', 0, 1751);
INSERT INTO users (id, first_name, last_name, email, password, phone, user_type, status, mail_verified, phone_verified) VALUES (3100, 'Daniel', 'Otieno', 'bpnair@gmail.com', '$argon2i$v=19$m=16,t=2,p=1$bGFiVFNkNkl6YldhMEZ2Mg$KoO4yuR++bGwD7EviELL+Q', '0723210248', 'OWNER', 'VERIFIED', 0, 0);
INSERT INTO business (id, owner_id, name, country, pharmacode, status, type, currency, test, address) VALUES (1752, 3100, 'BENAMED PHARMACY (Nairobi)', 'KENYA', 'PPB/B/623', 'VERIFIED', 'PHARMACY', 'KES', 1, 'KANGUNDO RD');
INSERT INTO branch (id, name, address, main, business_id) VALUES (1850, 'Main Branch', 'KANGUNDO RD', 0, 1752);
INSERT INTO users (id, first_name, last_name, email, password, phone, user_type, status, mail_verified, phone_verified) VALUES (3101, 'Isaiah', 'Ochieng', 'isaiah@yahoo.com', '$argon2i$v=19$m=16,t=2,p=1$bGFiVFNkNkl6YldhMEZ2Mg$KoO4yuR++bGwD7EviELL+Q', '0770394134', 'OWNER', 'VERIFIED', 0, 0);
INSERT INTO business (id, owner_id, name, country, pharmacode, status, type, currency, test, address) VALUES (1753, 3101, 'BENCHMARK PHARMACY (Nairobi)', 'KENYA', 'PPB/B/6733', 'VERIFIED', 'PHARMACY', 'KES', 1, 'KANGUNDO ROAD');
INSERT INTO branch (id, name, address, main, business_id) VALUES (1851, 'Main Branch', 'KANGUNDO ROAD', 0, 1753);
INSERT INTO users (id, first_name, last_name, email, password, phone, user_type, status, mail_verified, phone_verified) VALUES (3102, 'Ethan', 'Wainaina', 'bpnair@yahoo.com', '$argon2i$v=19$m=16,t=2,p=1$bGFiVFNkNkl6YldhMEZ2Mg$KoO4yuR++bGwD7EviELL+Q', '0733350641', 'OWNER', 'VERIFIED', 0, 0);
INSERT INTO business (id, owner_id, name, country, pharmacode, status, type, currency, test, address) VALUES (1754, 3102, 'BERRIES PHARMACY (Nairobi)', 'KENYA', 'PPB/B/6829', 'VERIFIED', 'PHARMACY', 'KES', 1, 'NGONG\\'' ROAD');
INSERT INTO branch (id, name, address, main, business_id) VALUES (1852, 'Main Branch', 'NGONG\\'' ROAD', 0, 1754);
INSERT INTO users (id, first_name, last_name, email, password, phone, user_type, status, mail_verified, phone_verified) VALUES (3103, 'Joanna', 'Marube', 'bpnair@gmail.com', '$argon2i$v=19$m=16,t=2,p=1$bGFiVFNkNkl6YldhMEZ2Mg$KoO4yuR++bGwD7EviELL+Q', '0731754752', 'OWNER', 'VERIFIED', 0, 0);
INSERT INTO business (id, owner_id, name, country, pharmacode, status, type, currency, test, address) VALUES (1755, 3103, 'BETTAN PHARMACY (Nairobi)', 'KENYA', 'PPB/B/420', 'VERIFIED', 'PHARMACY', 'KES', 1, 'KAMITI RD');
INSERT INTO branch (id, name, address, main, business_id) VALUES (1853, 'Main Branch', 'KAMITI RD', 0, 1755);
INSERT INTO users (id, first_name, last_name, email, password, phone, user_type, status, mail_verified, phone_verified) VALUES (3104, 'Martha', 'Wekesa', 'marthar@yahoo.com', '$argon2i$v=19$m=16,t=2,p=1$bGFiVFNkNkl6YldhMEZ2Mg$KoO4yuR++bGwD7EviELL+Q', '0726217857', 'OWNER', 'VERIFIED', 0, 0);
INSERT INTO business (id, owner_id, name, country, pharmacode, status, type, currency, test, address) VALUES (1756, 3104, 'BEVCO PHARMACEUTICAL (Nairobi)', 'KENYA', 'PPB/B/7006', 'VERIFIED', 'PHARMACY', 'KES', 1, 'KANGUNDO ROAD');
INSERT INTO branch (id, name, address, main, business_id) VALUES (1854, 'Main Branch', 'KANGUNDO ROAD', 0, 1756);
INSERT INTO users (id, first_name, last_name, email, password, phone, user_type, status, mail_verified, phone_verified) VALUES (3105, 'Jacob', 'Muthama', 'jacob@yahoo.com', '$argon2i$v=19$m=16,t=2,p=1$bGFiVFNkNkl6YldhMEZ2Mg$KoO4yuR++bGwD7EviELL+Q', '0725911315', 'OWNER', 'VERIFIED', 0, 0);
INSERT INTO business (id, owner_id, name, country, pharmacode, status, type, currency, test, address) VALUES (1757, 3105, 'BEVEL CHEMIST-UMOJA II (Nairobi)', 'KENYA', 'PPB/B/6896', 'VERIFIED', 'PHARMACY', 'KES', 1, 'MANYANJA ROAD');
INSERT INTO branch (id, name, address, main, business_id) VALUES (1855, 'Main Branch', 'MANYANJA ROAD', 0, 1757);
INSERT INTO users (id, first_name, last_name, email, password, phone, user_type, status, mail_verified, phone_verified) VALUES (3106, 'Tabitha', 'Muiruri', 'bpnair@gmail.com', '$argon2i$v=19$m=16,t=2,p=1$bGFiVFNkNkl6YldhMEZ2Mg$KoO4yuR++bGwD7EviELL+Q', '0710924901', 'OWNER', 'VERIFIED', 0, 0);
INSERT INTO business (id, owner_id, name, country, pharmacode, status, type, currency, test, address) VALUES (1758, 3106, 'BEYOND PHARMACEUTICALS-EASTLEIGH (Nairobi)', 'KENYA', 'PPB/B/6814', 'VERIFIED', 'PHARMACY', 'KES', 1, 'FIRST AVENUE');
INSERT INTO branch (id, name, address, main, business_id) VALUES (1856, 'Main Branch', 'FIRST AVENUE', 0, 1758);
INSERT INTO users (id, first_name, last_name, email, password, phone, user_type, status, mail_verified, phone_verified) VALUES (3107, 'Joanna', 'Ngugi', 'joannar@yahoo.com', '$argon2i$v=19$m=16,t=2,p=1$bGFiVFNkNkl6YldhMEZ2Mg$KoO4yuR++bGwD7EviELL+Q', '0751214695', 'OWNER', 'VERIFIED', 0, 0);
INSERT INTO business (id, owner_id, name, country, pharmacode, status, type, currency, test, address) VALUES (1759, 3107, 'BHAVESH CHEMIST (MAIN) (Nairobi)', 'KENYA', 'PPB/B/160', 'VERIFIED', 'PHARMACY', 'KES', 1, 'NGARA ROAD');
INSERT INTO branch (id, name, address, main, business_id) VALUES (1857, 'Main Branch', 'NGARA ROAD', 0, 1759);
INSERT INTO users (id, first_name, last_name, email, password, phone, user_type, status, mail_verified, phone_verified) VALUES (3108, 'Bartholomew', 'Mwanzia', 'bcnair@yahoo.com', '$argon2i$v=19$m=16,t=2,p=1$bGFiVFNkNkl6YldhMEZ2Mg$KoO4yuR++bGwD7EviELL+Q', '0796005003', 'OWNER', 'VERIFIED', 0, 0);
INSERT INTO business (id, owner_id, name, country, pharmacode, status, type, currency, test, address) VALUES (1760, 3108, 'BHAVESH CHEMIST (TOMFRANK) (Nairobi)', 'KENYA', 'PPB/B/6742', 'VERIFIED', 'PHARMACY', 'KES', 1, 'NGARA ROAD');
INSERT INTO branch (id, name, address, main, business_id) VALUES (1858, 'Main Branch', 'NGARA ROAD', 0, 1760);
INSERT INTO users (id, first_name, last_name, email, password, phone, user_type, status, mail_verified, phone_verified) VALUES (3109, 'Martha', 'Gichuru', 'martha@gmail.com', '$argon2i$v=19$m=16,t=2,p=1$bGFiVFNkNkl6YldhMEZ2Mg$KoO4yuR++bGwD7EviELL+Q', '0760123674', 'OWNER', 'VERIFIED', 0, 0);
INSERT INTO business (id, owner_id, name, country, pharmacode, status, type, currency, test, address) VALUES (1761, 3109, 'BIBO PHARMACEUTICALS LTD-MFANGANO (Nairobi)', 'KENYA', 'PPB/B/6878', 'VERIFIED', 'PHARMACY', 'KES', 1, 'MFANGANO ST');
INSERT INTO branch (id, name, address, main, business_id) VALUES (1859, 'Main Branch', 'MFANGANO ST', 0, 1761);
INSERT INTO users (id, first_name, last_name, email, password, phone, user_type, status, mail_verified, phone_verified) VALUES (3110, 'Naomi', 'Wekesa', 'naomi57@yahoo.com', '$argon2i$v=19$m=16,t=2,p=1$bGFiVFNkNkl6YldhMEZ2Mg$KoO4yuR++bGwD7EviELL+Q', '0712185432', 'OWNER', 'VERIFIED', 0, 0);
INSERT INTO business (id, owner_id, name, country, pharmacode, status, type, currency, test, address) VALUES (1762, 3110, 'BIG BROTHERS CHEMIST (Nairobi)', 'KENYA', 'PPB/B/6712', 'VERIFIED', 'PHARMACY', 'KES', 1, 'JOGOO ROAD');
INSERT INTO branch (id, name, address, main, business_id) VALUES (1860, 'Main Branch', 'JOGOO ROAD', 0, 1762);
INSERT INTO users (id, first_name, last_name, email, password, phone, user_type, status, mail_verified, phone_verified) VALUES (3111, 'Paul', 'Shikuku', 'paul@gmail.com', '$argon2i$v=19$m=16,t=2,p=1$bGFiVFNkNkl6YldhMEZ2Mg$KoO4yuR++bGwD7EviELL+Q', '0746968433', 'OWNER', 'VERIFIED', 0, 0);
INSERT INTO business (id, owner_id, name, country, pharmacode, status, type, currency, test, address) VALUES (1763, 3111, 'BIGSTAR PHARMACY (Nairobi)', 'KENYA', 'PPB/B/6745', 'VERIFIED', 'PHARMACY', 'KES', 1, 'MANYANJA ROAD');
INSERT INTO branch (id, name, address, main, business_id) VALUES (1861, 'Main Branch', 'MANYANJA ROAD', 0, 1763);
INSERT INTO users (id, first_name, last_name, email, password, phone, user_type, status, mail_verified, phone_verified) VALUES (3112, 'Rebecca', 'Ngui', 'bcnair@gmail.com', '$argon2i$v=19$m=16,t=2,p=1$bGFiVFNkNkl6YldhMEZ2Mg$KoO4yuR++bGwD7EviELL+Q', '0717387351', 'OWNER', 'VERIFIED', 0, 0);
INSERT INTO business (id, owner_id, name, country, pharmacode, status, type, currency, test, address) VALUES (1764, 3112, 'BILLY\\''S CHEMISTS (Nairobi)', 'KENYA', 'PPB/B/439', 'VERIFIED', 'PHARMACY', 'KES', 1, 'OFF KANGUNDO RD');
INSERT INTO branch (id, name, address, main, business_id) VALUES (1862, 'Main Branch', 'OFF KANGUNDO RD', 0, 1764);
INSERT INTO users (id, first_name, last_name, email, password, phone, user_type, status, mail_verified, phone_verified) VALUES (3113, 'Philip', 'Owino', 'bpnair@yahoo.com', '$argon2i$v=19$m=16,t=2,p=1$bGFiVFNkNkl6YldhMEZ2Mg$KoO4yuR++bGwD7EviELL+Q', '0776468732', 'OWNER', 'VERIFIED', 0, 0);
INSERT INTO business (id, owner_id, name, country, pharmacode, status, type, currency, test, address) VALUES (1765, 3113, 'BINGWA PHARMCARE (Nairobi)', 'KENYA', 'PPB/B/645', 'VERIFIED', 'PHARMACY', 'KES', 1, 'MFUBUNDU RD');
INSERT INTO branch (id, name, address, main, business_id) VALUES (1863, 'Main Branch', 'MFUBUNDU RD', 0, 1765);
INSERT INTO users (id, first_name, last_name, email, password, phone, user_type, status, mail_verified, phone_verified) VALUES (3114, 'Nathan', 'Wanjiru', 'nathan80@yahoo.com', '$argon2i$v=19$m=16,t=2,p=1$bGFiVFNkNkl6YldhMEZ2Mg$KoO4yuR++bGwD7EviELL+Q', '0771902906', 'OWNER', 'VERIFIED', 0, 0);
INSERT INTO business (id, owner_id, name, country, pharmacode, status, type, currency, test, address) VALUES (1766, 3114, 'BIOLIVE CHEMIST (Nairobi)', 'KENYA', 'PPB/B/480', 'VERIFIED', 'PHARMACY', 'KES', 1, 'JUAKALI RD');
INSERT INTO branch (id, name, address, main, business_id) VALUES (1864, 'Main Branch', 'JUAKALI RD', 0, 1766);
INSERT INTO users (id, first_name, last_name, email, password, phone, user_type, status, mail_verified, phone_verified) VALUES (3115, 'Titus', 'Mochoge', 'titusr@gmail.com', '$argon2i$v=19$m=16,t=2,p=1$bGFiVFNkNkl6YldhMEZ2Mg$KoO4yuR++bGwD7EviELL+Q', '0752778400', 'OWNER', 'VERIFIED', 0, 0);
INSERT INTO business (id, owner_id, name, country, pharmacode, status, type, currency, test, address) VALUES (1767, 3115, 'BITAB PHARMACY (Nairobi)', 'KENYA', 'PPB/B/601', 'VERIFIED', 'PHARMACY', 'KES', 1, 'NYAYO');
INSERT INTO branch (id, name, address, main, business_id) VALUES (1865, 'Main Branch', 'NYAYO', 0, 1767);
INSERT INTO users (id, first_name, last_name, email, password, phone, user_type, status, mail_verified, phone_verified) VALUES (3116, 'Elijah', 'Shikuku', 'elijahr@yahoo.com', '$argon2i$v=19$m=16,t=2,p=1$bGFiVFNkNkl6YldhMEZ2Mg$KoO4yuR++bGwD7EviELL+Q', '0767442092', 'OWNER', 'VERIFIED', 0, 0);
INSERT INTO business (id, owner_id, name, country, pharmacode, status, type, currency, test, address) VALUES (1768, 3116, 'BIYON HEALTH CARE LIMITED (Nairobi)', 'KENYA', 'PPB/B/7073', 'VERIFIED', 'PHARMACY', 'KES', 1, 'KLARIE HIHU ROAD 8');
INSERT INTO branch (id, name, address, main, business_id) VALUES (1866, 'Main Branch', 'KLARIE HIHU ROAD 8', 0, 1768);
INSERT INTO users (id, first_name, last_name, email, password, phone, user_type, status, mail_verified, phone_verified) VALUES (3117, 'Esther', 'Okello', 'bpnair@gmail.com', '$argon2i$v=19$m=16,t=2,p=1$bGFiVFNkNkl6YldhMEZ2Mg$KoO4yuR++bGwD7EviELL+Q', '0771123478', 'OWNER', 'VERIFIED', 0, 0);
INSERT INTO business (id, owner_id, name, country, pharmacode, status, type, currency, test, address) VALUES (1769, 3117, 'BIZET PHARMA LTD (Nairobi)', 'KENYA', 'PPB/B/620', 'VERIFIED', 'PHARMACY', 'KES', 1, 'MUGUMONI ST.');
INSERT INTO branch (id, name, address, main, business_id) VALUES (1867, 'Main Branch', 'MUGUMONI ST.', 0, 1769);
INSERT INTO users (id, first_name, last_name, email, password, phone, user_type, status, mail_verified, phone_verified) VALUES (3118, 'Rebecca', 'Gichuru', 'bjnair@yahoo.com', '$argon2i$v=19$m=16,t=2,p=1$bGFiVFNkNkl6YldhMEZ2Mg$KoO4yuR++bGwD7EviELL+Q', '0790806841', 'OWNER', 'VERIFIED', 0, 0);
INSERT INTO business (id, owner_id, name, country, pharmacode, status, type, currency, test, address) VALUES (1770, 3118, 'BLESSED JAB (Nairobi)', 'KENYA', 'PPB/B/6919', 'VERIFIED', 'PHARMACY', 'KES', 1, 'ELDORET ROAD');
INSERT INTO branch (id, name, address, main, business_id) VALUES (1868, 'Main Branch', 'ELDORET ROAD', 0, 1770);
INSERT INTO users (id, first_name, last_name, email, password, phone, user_type, status, mail_verified, phone_verified) VALUES (3119, 'Miriam', 'Wanyama', 'miriam@gmail.com', '$argon2i$v=19$m=16,t=2,p=1$bGFiVFNkNkl6YldhMEZ2Mg$KoO4yuR++bGwD7EviELL+Q', '0765246306', 'OWNER', 'VERIFIED', 0, 0);
INSERT INTO business (id, owner_id, name, country, pharmacode, status, type, currency, test, address) VALUES (1771, 3119, 'BLIXEN PHARMA LTD (Nairobi)', 'KENYA', 'PPB/B/470', 'VERIFIED', 'PHARMACY', 'KES', 1, 'NGARA');
INSERT INTO branch (id, name, address, main, business_id) VALUES (1869, 'Main Branch', 'NGARA', 0, 1771);
INSERT INTO users (id, first_name, last_name, email, password, phone, user_type, status, mail_verified, phone_verified) VALUES (3120, 'Reuben', 'Nyakundi', 'bpnair@gmail.com', '$argon2i$v=19$m=16,t=2,p=1$bGFiVFNkNkl6YldhMEZ2Mg$KoO4yuR++bGwD7EviELL+Q', '0726574261', 'OWNER', 'VERIFIED', 0, 0);
INSERT INTO business (id, owner_id, name, country, pharmacode, status, type, currency, test, address) VALUES (1772, 3120, 'BLOOMMED PHARMACY (Nairobi)', 'KENYA', 'PPB/B/6786', 'VERIFIED', 'PHARMACY', 'KES', 1, 'OFF KANGUNDO ROAD');
INSERT INTO branch (id, name, address, main, business_id) VALUES (1870, 'Main Branch', 'OFF KANGUNDO ROAD', 0, 1772);
INSERT INTO users (id, first_name, last_name, email, password, phone, user_type, status, mail_verified, phone_verified) VALUES (3121, 'Jonathan', 'Muli', 'bpnair@yahoo.com', '$argon2i$v=19$m=16,t=2,p=1$bGFiVFNkNkl6YldhMEZ2Mg$KoO4yuR++bGwD7EviELL+Q', '0760313381', 'OWNER', 'VERIFIED', 0, 0);
INSERT INTO business (id, owner_id, name, country, pharmacode, status, type, currency, test, address) VALUES (1773, 3121, 'BLOSSOM PHARMACEUTICALS (Nairobi)', 'KENYA', 'PPB/B/506', 'VERIFIED', 'PHARMACY', 'KES', 1, 'KAMUNDE RD');
INSERT INTO branch (id, name, address, main, business_id) VALUES (1871, 'Main Branch', 'KAMUNDE RD', 0, 1773);
INSERT INTO users (id, first_name, last_name, email, password, phone, user_type, status, mail_verified, phone_verified) VALUES (3122, 'Elizabeth', 'Wanyama', 'elizabeth73@yahoo.com', '$argon2i$v=19$m=16,t=2,p=1$bGFiVFNkNkl6YldhMEZ2Mg$KoO4yuR++bGwD7EviELL+Q', '0765532090', 'OWNER', 'VERIFIED', 0, 0);
INSERT INTO business (id, owner_id, name, country, pharmacode, status, type, currency, test, address) VALUES (1774, 3122, 'BLUE OCEAN PHARMACEUTICALS (Nairobi)', 'KENYA', 'PPB/B/7013', 'VERIFIED', 'PHARMACY', 'KES', 1, 'NAIVASHA ROAD');
INSERT INTO branch (id, name, address, main, business_id) VALUES (1872, 'Main Branch', 'NAIVASHA ROAD', 0, 1774);
INSERT INTO users (id, first_name, last_name, email, password, phone, user_type, status, mail_verified, phone_verified) VALUES (3123, 'Rebecca', 'Kamau', 'rebeccar@yahoo.com', '$argon2i$v=19$m=16,t=2,p=1$bGFiVFNkNkl6YldhMEZ2Mg$KoO4yuR++bGwD7EviELL+Q', '0737283663', 'OWNER', 'VERIFIED', 0, 0);
INSERT INTO business (id, owner_id, name, country, pharmacode, status, type, currency, test, address) VALUES (1775, 3123, 'BLURACE CHEMIST (Nairobi)', 'KENYA', 'PPB/B/0500', 'VERIFIED', 'PHARMACY', 'KES', 1, 'KAMUNDE RD');
INSERT INTO branch (id, name, address, main, business_id) VALUES (1873, 'Main Branch', 'KAMUNDE RD', 0, 1775);
INSERT INTO users (id, first_name, last_name, email, password, phone, user_type, status, mail_verified, phone_verified) VALUES (3124, 'Seth', 'Wamalwa', 'bpnair@gmail.com', '$argon2i$v=19$m=16,t=2,p=1$bGFiVFNkNkl6YldhMEZ2Mg$KoO4yuR++bGwD7EviELL+Q', '0784389679', 'OWNER', 'VERIFIED', 0, 0);
INSERT INTO business (id, owner_id, name, country, pharmacode, status, type, currency, test, address) VALUES (1776, 3124, 'BOMA PHARMACEUTICAL LIMITED (Nairobi)', 'KENYA', 'PPB/B/6686', 'VERIFIED', 'PHARMACY', 'KES', 1, 'KANGUNDO ROAD');
INSERT INTO branch (id, name, address, main, business_id) VALUES (1874, 'Main Branch', 'KANGUNDO ROAD', 0, 1776);
INSERT INTO users (id, first_name, last_name, email, password, phone, user_type, status, mail_verified, phone_verified) VALUES (3125, 'Elizabeth', 'Nyakundi', 'elizabethr@gmail.com', '$argon2i$v=19$m=16,t=2,p=1$bGFiVFNkNkl6YldhMEZ2Mg$KoO4yuR++bGwD7EviELL+Q', '0773192547', 'OWNER', 'VERIFIED', 0, 0);
INSERT INTO business (id, owner_id, name, country, pharmacode, status, type, currency, test, address) VALUES (1777, 3125, 'BON SANTE PHARMACEUTICALS LTD  (Nairobi)', 'KENYA', 'PPB/B/477', 'VERIFIED', 'PHARMACY', 'KES', 1, 'CDF ROAD OFF MANYAJA ROAD');
INSERT INTO branch (id, name, address, main, business_id) VALUES (1875, 'Main Branch', 'CDF ROAD OFF MANYAJA ROAD', 0, 1777);
INSERT INTO users (id, first_name, last_name, email, password, phone, user_type, status, mail_verified, phone_verified) VALUES (3126, 'Naomi', 'Otieno', 'bpnair@gmail.com', '$argon2i$v=19$m=16,t=2,p=1$bGFiVFNkNkl6YldhMEZ2Mg$KoO4yuR++bGwD7EviELL+Q', '0782431512', 'OWNER', 'VERIFIED', 0, 0);
INSERT INTO business (id, owner_id, name, country, pharmacode, status, type, currency, test, address) VALUES (1778, 3126, 'BOND PHARMACEUTICALS (Nairobi)', 'KENYA', 'PPB/B/332', 'VERIFIED', 'PHARMACY', 'KES', 1, 'THIKA RD');
INSERT INTO branch (id, name, address, main, business_id) VALUES (1876, 'Main Branch', 'THIKA RD', 0, 1778);
INSERT INTO users (id, first_name, last_name, email, password, phone, user_type, status, mail_verified, phone_verified) VALUES (3127, 'Esther', 'Omollo', 'esther50@gmail.com', '$argon2i$v=19$m=16,t=2,p=1$bGFiVFNkNkl6YldhMEZ2Mg$KoO4yuR++bGwD7EviELL+Q', '0766413322', 'OWNER', 'VERIFIED', 0, 0);
INSERT INTO business (id, owner_id, name, country, pharmacode, status, type, currency, test, address) VALUES (1779, 3127, 'BONFAITH HEALTHCARE LIMITED-HURUMA (Nairobi)', 'KENYA', 'PPB/B/664', 'VERIFIED', 'PHARMACY', 'KES', 1, 'EASTERN BYPASS');
INSERT INTO branch (id, name, address, main, business_id) VALUES (1877, 'Main Branch', 'EASTERN BYPASS', 0, 1779);
INSERT INTO users (id, first_name, last_name, email, password, phone, user_type, status, mail_verified, phone_verified) VALUES (3128, 'Rachel', 'Nyakundi', 'bpnair@gmail.com', '$argon2i$v=19$m=16,t=2,p=1$bGFiVFNkNkl6YldhMEZ2Mg$KoO4yuR++bGwD7EviELL+Q', '0710367609', 'OWNER', 'VERIFIED', 0, 0);
INSERT INTO business (id, owner_id, name, country, pharmacode, status, type, currency, test, address) VALUES (1780, 3128, 'BONGO PHARMACEUTICALS-TARSIA (Nairobi)', 'KENYA', 'PPB/B/0654', 'VERIFIED', 'PHARMACY', 'KES', 1, 'OUTERING ROAD');
INSERT INTO branch (id, name, address, main, business_id) VALUES (1878, 'Main Branch', 'OUTERING ROAD', 0, 1780);
INSERT INTO users (id, first_name, last_name, email, password, phone, user_type, status, mail_verified, phone_verified) VALUES (3129, 'Mary', 'Koech', 'bcnair@gmail.com', '$argon2i$v=19$m=16,t=2,p=1$bGFiVFNkNkl6YldhMEZ2Mg$KoO4yuR++bGwD7EviELL+Q', '0760263319', 'OWNER', 'VERIFIED', 0, 0);
INSERT INTO business (id, owner_id, name, country, pharmacode, status, type, currency, test, address) VALUES (1781, 3129, 'BONIS CHEMIST (Nairobi)', 'KENYA', 'PPB/B/7061', 'VERIFIED', 'PHARMACY', 'KES', 1, 'WANYEE ROAD');
INSERT INTO branch (id, name, address, main, business_id) VALUES (1879, 'Main Branch', 'WANYEE ROAD', 0, 1781);
INSERT INTO users (id, first_name, last_name, email, password, phone, user_type, status, mail_verified, phone_verified) VALUES (3130, 'Barnabas', 'Kipruto', 'bpnair@yahoo.com', '$argon2i$v=19$m=16,t=2,p=1$bGFiVFNkNkl6YldhMEZ2Mg$KoO4yuR++bGwD7EviELL+Q', '0717088655', 'OWNER', 'VERIFIED', 0, 0);
INSERT INTO business (id, owner_id, name, country, pharmacode, status, type, currency, test, address) VALUES (1782, 3130, 'BRANSTONE PHARMACY (Nairobi)', 'KENYA', 'PPB/B/6913', 'VERIFIED', 'PHARMACY', 'KES', 1, 'IGIRIAKURUI ROAD');
INSERT INTO branch (id, name, address, main, business_id) VALUES (1880, 'Main Branch', 'IGIRIAKURUI ROAD', 0, 1782);
INSERT INTO users (id, first_name, last_name, email, password, phone, user_type, status, mail_verified, phone_verified) VALUES (3131, 'Susannah', 'Chebet', 'susannah@gmail.com', '$argon2i$v=19$m=16,t=2,p=1$bGFiVFNkNkl6YldhMEZ2Mg$KoO4yuR++bGwD7EviELL+Q', '0725049396', 'OWNER', 'VERIFIED', 0, 0);
INSERT INTO business (id, owner_id, name, country, pharmacode, status, type, currency, test, address) VALUES (1783, 3131, 'BREAMS PHARMACARE (Nairobi)', 'KENYA', 'PPB/B/6689', 'VERIFIED', 'PHARMACY', 'KES', 1, 'METAMETA ROAD');
INSERT INTO branch (id, name, address, main, business_id) VALUES (1881, 'Main Branch', 'METAMETA ROAD', 0, 1783);
INSERT INTO users (id, first_name, last_name, email, password, phone, user_type, status, mail_verified, phone_verified) VALUES (3132, 'Abigail', 'Omari', 'bpnair@gmail.com', '$argon2i$v=19$m=16,t=2,p=1$bGFiVFNkNkl6YldhMEZ2Mg$KoO4yuR++bGwD7EviELL+Q', '0724383809', 'OWNER', 'VERIFIED', 0, 0);
INSERT INTO business (id, owner_id, name, country, pharmacode, status, type, currency, test, address) VALUES (1784, 3132, 'BRETT PHARMACY  (Nairobi)', 'KENYA', 'PPB/B/7002', 'VERIFIED', 'PHARMACY', 'KES', 1, 'KARADINI');
INSERT INTO branch (id, name, address, main, business_id) VALUES (1882, 'Main Branch', 'KARADINI', 0, 1784);
INSERT INTO users (id, first_name, last_name, email, password, phone, user_type, status, mail_verified, phone_verified) VALUES (3133, 'Eve', 'Odhiambo', 'eve82@yahoo.com', '$argon2i$v=19$m=16,t=2,p=1$bGFiVFNkNkl6YldhMEZ2Mg$KoO4yuR++bGwD7EviELL+Q', '0725237946', 'OWNER', 'VERIFIED', 0, 0);
INSERT INTO business (id, owner_id, name, country, pharmacode, status, type, currency, test, address) VALUES (1785, 3133, 'BRIGHT HOPE PHARMACEUTICAL (Nairobi)', 'KENYA', 'PPB/B/7125', 'VERIFIED', 'PHARMACY', 'KES', 1, 'WANYEE ROAD');
INSERT INTO branch (id, name, address, main, business_id) VALUES (1883, 'Main Branch', 'WANYEE ROAD', 0, 1785);
INSERT INTO users (id, first_name, last_name, email, password, phone, user_type, status, mail_verified, phone_verified) VALUES (3134, 'Eve', 'Wangari', 'eve65@gmail.com', '$argon2i$v=19$m=16,t=2,p=1$bGFiVFNkNkl6YldhMEZ2Mg$KoO4yuR++bGwD7EviELL+Q', '0720242381', 'OWNER', 'VERIFIED', 0, 0);
INSERT INTO business (id, owner_id, name, country, pharmacode, status, type, currency, test, address) VALUES (1786, 3134, 'BRIXTONES PHARMACEUTICALS (Nairobi)', 'KENYA', 'PPB/B/6723', 'VERIFIED', 'PHARMACY', 'KES', 1, '6THSTREET');
INSERT INTO branch (id, name, address, main, business_id) VALUES (1884, 'Main Branch', '6THSTREET', 0, 1786);
INSERT INTO users (id, first_name, last_name, email, password, phone, user_type, status, mail_verified, phone_verified) VALUES (3135, 'Levi', 'Omari', 'levi72@yahoo.com', '$argon2i$v=19$m=16,t=2,p=1$bGFiVFNkNkl6YldhMEZ2Mg$KoO4yuR++bGwD7EviELL+Q', '0731117740', 'OWNER', 'VERIFIED', 0, 0);
INSERT INTO business (id, owner_id, name, country, pharmacode, status, type, currency, test, address) VALUES (1787, 3135, 'BROMS CHEMIST (Nairobi)', 'KENYA', 'PPB/B/6661', 'VERIFIED', 'PHARMACY', 'KES', 1, 'OFF OUTER RING RD');
INSERT INTO branch (id, name, address, main, business_id) VALUES (1885, 'Main Branch', 'OFF OUTER RING RD', 0, 1787);
INSERT INTO users (id, first_name, last_name, email, password, phone, user_type, status, mail_verified, phone_verified) VALUES (3136, 'Joanna', 'Mukhisa', 'bpnair@yahoo.com', '$argon2i$v=19$m=16,t=2,p=1$bGFiVFNkNkl6YldhMEZ2Mg$KoO4yuR++bGwD7EviELL+Q', '0739092687', 'OWNER', 'VERIFIED', 0, 0);
INSERT INTO business (id, owner_id, name, country, pharmacode, status, type, currency, test, address) VALUES (1788, 3136, 'BROOKLANE PHARMACEUTICALS LTD (Nairobi)', 'KENYA', 'PPB/B/7180', 'VERIFIED', 'PHARMACY', 'KES', 1, 'BROOKSIDE DRIVE');
INSERT INTO branch (id, name, address, main, business_id) VALUES (1886, 'Main Branch', 'BROOKSIDE DRIVE', 0, 1788);
INSERT INTO users (id, first_name, last_name, email, password, phone, user_type, status, mail_verified, phone_verified) VALUES (3137, 'Philip', 'Shikuku', 'bpnair@yahoo.com', '$argon2i$v=19$m=16,t=2,p=1$bGFiVFNkNkl6YldhMEZ2Mg$KoO4yuR++bGwD7EviELL+Q', '0724638772', 'OWNER', 'VERIFIED', 0, 0);
INSERT INTO business (id, owner_id, name, country, pharmacode, status, type, currency, test, address) VALUES (1789, 3137, 'BROSH PHARMACEUTICALS LTD (Nairobi)', 'KENYA', 'PPB/B/219', 'VERIFIED', 'PHARMACY', 'KES', 1, 'THIGIRI RIDGE RD');
INSERT INTO branch (id, name, address, main, business_id) VALUES (1887, 'Main Branch', 'THIGIRI RIDGE RD', 0, 1789);
INSERT INTO users (id, first_name, last_name, email, password, phone, user_type, status, mail_verified, phone_verified) VALUES (3138, 'Micah', 'Wamalwa', 'bpnair@yahoo.com', '$argon2i$v=19$m=16,t=2,p=1$bGFiVFNkNkl6YldhMEZ2Mg$KoO4yuR++bGwD7EviELL+Q', '0717910077', 'OWNER', 'VERIFIED', 0, 0);
INSERT INTO business (id, owner_id, name, country, pharmacode, status, type, currency, test, address) VALUES (1790, 3138, 'BRUTAX PHARMACY (Nairobi)', 'KENYA', 'PPB/B/6922', 'VERIFIED', 'PHARMACY', 'KES', 1, 'THIKA ROAD');
INSERT INTO branch (id, name, address, main, business_id) VALUES (1888, 'Main Branch', 'THIKA ROAD', 0, 1790);
INSERT INTO users (id, first_name, last_name, email, password, phone, user_type, status, mail_verified, phone_verified) VALUES (3139, 'Deborah', 'Odhiambo', 'deborah73@gmail.com', '$argon2i$v=19$m=16,t=2,p=1$bGFiVFNkNkl6YldhMEZ2Mg$KoO4yuR++bGwD7EviELL+Q', '0779438524', 'OWNER', 'VERIFIED', 0, 0);
INSERT INTO business (id, owner_id, name, country, pharmacode, status, type, currency, test, address) VALUES (1791, 3139, 'BUDGET PHARMACEUTICAL LTD (Nairobi)', 'KENYA', 'PPB/B/650A', 'VERIFIED', 'PHARMACY', 'KES', 1, 'MIRIAMS RD');
INSERT INTO branch (id, name, address, main, business_id) VALUES (1889, 'Main Branch', 'MIRIAMS RD', 0, 1791);
INSERT INTO users (id, first_name, last_name, email, password, phone, user_type, status, mail_verified, phone_verified) VALUES (3140, 'Priscilla', 'Cherono', 'priscilla@yahoo.com', '$argon2i$v=19$m=16,t=2,p=1$bGFiVFNkNkl6YldhMEZ2Mg$KoO4yuR++bGwD7EviELL+Q', '0737212755', 'OWNER', 'VERIFIED', 0, 0);
INSERT INTO business (id, owner_id, name, country, pharmacode, status, type, currency, test, address) VALUES (1792, 3140, 'BUDGET PHARMACEUTICALS LIMITED-(JAMBONI)', 'KENYA', 'PPB/B/7240', 'VERIFIED', 'PHARMACY', 'KES', 1, 'ELDORET-NAIROBI ROAD');
INSERT INTO branch (id, name, address, main, business_id) VALUES (1890, 'Main Branch', 'ELDORET-NAIROBI ROAD', 0, 1792);
INSERT INTO users (id, first_name, last_name, email, password, phone, user_type, status, mail_verified, phone_verified) VALUES (3141, 'Miriam', 'Mudavadi', 'bmnair@yahoo.com', '$argon2i$v=19$m=16,t=2,p=1$bGFiVFNkNkl6YldhMEZ2Mg$KoO4yuR++bGwD7EviELL+Q', '0739167610', 'OWNER', 'VERIFIED', 0, 0);
INSERT INTO business (id, owner_id, name, country, pharmacode, status, type, currency, test, address) VALUES (1793, 3141, 'BULALE MEDICAL AND PHARMACY (Nairobi)', 'KENYA', 'PPB/B/7009', 'VERIFIED', 'PHARMACY', 'KES', 1, 'MUINAMI STREET');
INSERT INTO branch (id, name, address, main, business_id) VALUES (1891, 'Main Branch', 'MUINAMI STREET', 0, 1793);
INSERT INTO users (id, first_name, last_name, email, password, phone, user_type, status, mail_verified, phone_verified) VALUES (3142, 'Priscilla', 'Kipsang', 'priscilla58@yahoo.com', '$argon2i$v=19$m=16,t=2,p=1$bGFiVFNkNkl6YldhMEZ2Mg$KoO4yuR++bGwD7EviELL+Q', '0798694622', 'OWNER', 'VERIFIED', 0, 0);
INSERT INTO business (id, owner_id, name, country, pharmacode, status, type, currency, test, address) VALUES (1794, 3142, 'BWINA PHARMACEUTICALS (Nairobi)', 'KENYA', 'PPB/B/458', 'VERIFIED', 'PHARMACY', 'KES', 1, 'nan');
INSERT INTO branch (id, name, address, main, business_id) VALUES (1892, 'Main Branch', 'nan', 0, 1794);
INSERT INTO users (id, first_name, last_name, email, password, phone, user_type, status, mail_verified, phone_verified) VALUES (3143, 'Delilah', 'Lusaka', 'delilah@yahoo.com', '$argon2i$v=19$m=16,t=2,p=1$bGFiVFNkNkl6YldhMEZ2Mg$KoO4yuR++bGwD7EviELL+Q', '0723997992', 'OWNER', 'VERIFIED', 0, 0);
INSERT INTO business (id, owner_id, name, country, pharmacode, status, type, currency, test, address) VALUES (1795, 3143, 'BYPASS PHARM CHEMIST (Nairobi)', 'KENYA', 'PPB/B/6703', 'VERIFIED', 'PHARMACY', 'KES', 1, 'MOMBASA ROAD');
INSERT INTO branch (id, name, address, main, business_id) VALUES (1893, 'Main Branch', 'MOMBASA ROAD', 0, 1795);
INSERT INTO users (id, first_name, last_name, email, password, phone, user_type, status, mail_verified, phone_verified) VALUES (3144, 'Seth', 'Shikuku', 'cpnair@yahoo.com', '$argon2i$v=19$m=16,t=2,p=1$bGFiVFNkNkl6YldhMEZ2Mg$KoO4yuR++bGwD7EviELL+Q', '0771934370', 'OWNER', 'VERIFIED', 0, 0);
INSERT INTO business (id, owner_id, name, country, pharmacode, status, type, currency, test, address) VALUES (1796, 3144, 'CABEN PHARMACY (Nairobi)', 'KENYA', 'PPB/C/259', 'VERIFIED', 'PHARMACY', 'KES', 1, 'CROSS RD');
INSERT INTO branch (id, name, address, main, business_id) VALUES (1894, 'Main Branch', 'CROSS RD', 0, 1796);
INSERT INTO users (id, first_name, last_name, email, password, phone, user_type, status, mail_verified, phone_verified) VALUES (3145, 'Hannah', 'Ratemo', 'cmnair@yahoo.com', '$argon2i$v=19$m=16,t=2,p=1$bGFiVFNkNkl6YldhMEZ2Mg$KoO4yuR++bGwD7EviELL+Q', '0725932488', 'OWNER', 'VERIFIED', 0, 0);
INSERT INTO business (id, owner_id, name, country, pharmacode, status, type, currency, test, address) VALUES (1797, 3145, 'CALIFORNIA MEDICAL POINT LTD (Nairobi)', 'KENYA', 'PPB/C/1499', 'VERIFIED', 'PHARMACY', 'KES', 1, '8TH STREET');
INSERT INTO branch (id, name, address, main, business_id) VALUES (1895, 'Main Branch', '8TH STREET', 0, 1797);
INSERT INTO users (id, first_name, last_name, email, password, phone, user_type, status, mail_verified, phone_verified) VALUES (3146, 'Hannah', 'Mogaka', 'cpnair@yahoo.com', '$argon2i$v=19$m=16,t=2,p=1$bGFiVFNkNkl6YldhMEZ2Mg$KoO4yuR++bGwD7EviELL+Q', '0799863094', 'OWNER', 'VERIFIED', 0, 0);
INSERT INTO business (id, owner_id, name, country, pharmacode, status, type, currency, test, address) VALUES (1798, 3146, 'CANAAN PHARMACEUTICALS LTD (Nairobi)', 'KENYA', 'PPB/C/184', 'VERIFIED', 'PHARMACY', 'KES', 1, 'MUMIAS SOUTH-MUTINDWA JUNCTION');
INSERT INTO branch (id, name, address, main, business_id) VALUES (1896, 'Main Branch', 'MUMIAS SOUTH-MUTINDWA JUNCTION', 0, 1798);
INSERT INTO users (id, first_name, last_name, email, password, phone, user_type, status, mail_verified, phone_verified) VALUES (3147, 'Bartholomew', 'Ratemo', 'bartholomew39@yahoo.com', '$argon2i$v=19$m=16,t=2,p=1$bGFiVFNkNkl6YldhMEZ2Mg$KoO4yuR++bGwD7EviELL+Q', '0797036245', 'OWNER', 'VERIFIED', 0, 0);
INSERT INTO business (id, owner_id, name, country, pharmacode, status, type, currency, test, address) VALUES (1799, 3147, 'CANAAN PHARMACEUTICALS LTD -PETOSAM HOUSE (Nairobi)', 'KENYA', 'PPB/C/159 \\\\\\''B\\\\\\''', 'VERIFIED', 'PHARMACY', 'KES', 1, 'MUMIAS SOUTH SOUTH ROAD');
INSERT INTO branch (id, name, address, main, business_id) VALUES (1897, 'Main Branch', 'MUMIAS SOUTH SOUTH ROAD', 0, 1799);
INSERT INTO users (id, first_name, last_name, email, password, phone, user_type, status, mail_verified, phone_verified) VALUES (3148, 'Gabriel', 'Odhiambo', 'gabrielr@yahoo.com', '$argon2i$v=19$m=16,t=2,p=1$bGFiVFNkNkl6YldhMEZ2Mg$KoO4yuR++bGwD7EviELL+Q', '0747031352', 'OWNER', 'VERIFIED', 0, 0);
INSERT INTO business (id, owner_id, name, country, pharmacode, status, type, currency, test, address) VALUES (1800, 3148, 'CANTONS CHEMIST (Nairobi)', 'KENYA', 'PPB/C/0419', 'VERIFIED', 'PHARMACY', 'KES', 1, 'UTAWALA BYPASS');
INSERT INTO branch (id, name, address, main, business_id) VALUES (1898, 'Main Branch', 'UTAWALA BYPASS', 0, 1800);
INSERT INTO users (id, first_name, last_name, email, password, phone, user_type, status, mail_verified, phone_verified) VALUES (3149, 'Daniel', 'Ouko', 'ccnair@yahoo.com', '$argon2i$v=19$m=16,t=2,p=1$bGFiVFNkNkl6YldhMEZ2Mg$KoO4yuR++bGwD7EviELL+Q', '0740697319', 'OWNER', 'VERIFIED', 0, 0);
INSERT INTO business (id, owner_id, name, country, pharmacode, status, type, currency, test, address) VALUES (1801, 3149, 'CAPERNAUM CHEMIST (Nairobi)', 'KENYA', 'PPB/C/1370', 'VERIFIED', 'PHARMACY', 'KES', 1, 'SAIKA ESTATE OFF KANGUNDO ROAD');
INSERT INTO branch (id, name, address, main, business_id) VALUES (1899, 'Main Branch', 'SAIKA ESTATE OFF KANGUNDO ROAD', 0, 1801);
INSERT INTO users (id, first_name, last_name, email, password, phone, user_type, status, mail_verified, phone_verified) VALUES (3150, 'John', 'Kamau', 'john97@yahoo.com', '$argon2i$v=19$m=16,t=2,p=1$bGFiVFNkNkl6YldhMEZ2Mg$KoO4yuR++bGwD7EviELL+Q', '0785991152', 'OWNER', 'VERIFIED', 0, 0);
INSERT INTO business (id, owner_id, name, country, pharmacode, status, type, currency, test, address) VALUES (1802, 3150, 'CARE MORE PHARMACY (Nairobi)', 'KENYA', 'PPB/C/1543', 'VERIFIED', 'PHARMACY', 'KES', 1, 'FLATS ROAD');
INSERT INTO branch (id, name, address, main, business_id) VALUES (1900, 'Main Branch', 'FLATS ROAD', 0, 1802);
INSERT INTO users (id, first_name, last_name, email, password, phone, user_type, status, mail_verified, phone_verified) VALUES (3151, 'Jacob', 'Mukhisa', 'cpnair@gmail.com', '$argon2i$v=19$m=16,t=2,p=1$bGFiVFNkNkl6YldhMEZ2Mg$KoO4yuR++bGwD7EviELL+Q', '0770478237', 'OWNER', 'VERIFIED', 0, 0);
INSERT INTO business (id, owner_id, name, country, pharmacode, status, type, currency, test, address) VALUES (1803, 3151, 'CAREWELL PHARMACY (Nairobi)', 'KENYA', 'PPB/C/1407', 'VERIFIED', 'PHARMACY', 'KES', 1, 'PIPELINE ROAD NAIROBI');
INSERT INTO branch (id, name, address, main, business_id) VALUES (1901, 'Main Branch', 'PIPELINE ROAD NAIROBI', 0, 1803);
INSERT INTO users (id, first_name, last_name, email, password, phone, user_type, status, mail_verified, phone_verified) VALUES (3152, 'Esther', 'Khisa', 'cpnair@gmail.com', '$argon2i$v=19$m=16,t=2,p=1$bGFiVFNkNkl6YldhMEZ2Mg$KoO4yuR++bGwD7EviELL+Q', '0787317557', 'OWNER', 'VERIFIED', 0, 0);
INSERT INTO business (id, owner_id, name, country, pharmacode, status, type, currency, test, address) VALUES (1804, 3152, 'CARIS PHARMACY (Nairobi)', 'KENYA', 'PPB/C/1365', 'VERIFIED', 'PHARMACY', 'KES', 1, 'LUMUMBA DRIVE');
INSERT INTO branch (id, name, address, main, business_id) VALUES (1902, 'Main Branch', 'LUMUMBA DRIVE', 0, 1804);
INSERT INTO users (id, first_name, last_name, email, password, phone, user_type, status, mail_verified, phone_verified) VALUES (3153, 'Abigail', 'Machogu', 'abigail@gmail.com', '$argon2i$v=19$m=16,t=2,p=1$bGFiVFNkNkl6YldhMEZ2Mg$KoO4yuR++bGwD7EviELL+Q', '0792010470', 'OWNER', 'VERIFIED', 0, 0);
INSERT INTO business (id, owner_id, name, country, pharmacode, status, type, currency, test, address) VALUES (1805, 3153, 'CARLTONS CHEMIST LTD-LIMURU RD (Nairobi)', 'KENYA', 'PPB/S/945', 'VERIFIED', 'PHARMACY', 'KES', 1, 'LIMURU ROAD');
INSERT INTO branch (id, name, address, main, business_id) VALUES (1903, 'Main Branch', 'LIMURU ROAD', 0, 1805);
INSERT INTO users (id, first_name, last_name, email, password, phone, user_type, status, mail_verified, phone_verified) VALUES (3154, 'Martha', 'Wainaina', 'cpnair@yahoo.com', '$argon2i$v=19$m=16,t=2,p=1$bGFiVFNkNkl6YldhMEZ2Mg$KoO4yuR++bGwD7EviELL+Q', '0726263868', 'OWNER', 'VERIFIED', 0, 0);
INSERT INTO business (id, owner_id, name, country, pharmacode, status, type, currency, test, address) VALUES (1806, 3154, 'CATERWELL  PHARM (Nairobi)', 'KENYA', 'PPB/C/1560', 'VERIFIED', 'PHARMACY', 'KES', 1, 'WOODVALE GROOVE');
INSERT INTO branch (id, name, address, main, business_id) VALUES (1904, 'Main Branch', 'WOODVALE GROOVE', 0, 1806);
INSERT INTO users (id, first_name, last_name, email, password, phone, user_type, status, mail_verified, phone_verified) VALUES (3155, 'Noah', 'Mokua', 'cpnair@gmail.com', '$argon2i$v=19$m=16,t=2,p=1$bGFiVFNkNkl6YldhMEZ2Mg$KoO4yuR++bGwD7EviELL+Q', '0714908044', 'OWNER', 'VERIFIED', 0, 0);
INSERT INTO business (id, owner_id, name, country, pharmacode, status, type, currency, test, address) VALUES (1807, 3155, 'CEDAR PHARMACARE LIMITED - FOURWAYS JUNCTION (Nairobi)', 'KENYA', 'PPB/C/1535', 'VERIFIED', 'PHARMACY', 'KES', 1, 'FOURWAYS JUNCTION');
INSERT INTO branch (id, name, address, main, business_id) VALUES (1905, 'Main Branch', 'FOURWAYS JUNCTION', 0, 1807);
INSERT INTO users (id, first_name, last_name, email, password, phone, user_type, status, mail_verified, phone_verified) VALUES (3156, 'Samuel', 'Kipruto', 'samuel@gmail.com', '$argon2i$v=19$m=16,t=2,p=1$bGFiVFNkNkl6YldhMEZ2Mg$KoO4yuR++bGwD7EviELL+Q', '0757059181', 'OWNER', 'VERIFIED', 0, 0);
INSERT INTO business (id, owner_id, name, country, pharmacode, status, type, currency, test, address) VALUES (1808, 3156, 'CEDAR PHARMCARE LTD - TOM MBOYA STREET (Nairobi)', 'KENYA', 'PPC/C/358', 'VERIFIED', 'PHARMACY', 'KES', 1, 'TOM MBOYA STREET');
INSERT INTO branch (id, name, address, main, business_id) VALUES (1906, 'Main Branch', 'TOM MBOYA STREET', 0, 1808);
INSERT INTO users (id, first_name, last_name, email, password, phone, user_type, status, mail_verified, phone_verified) VALUES (3157, 'Lydia', 'Ouma', 'cpnair@gmail.com', '$argon2i$v=19$m=16,t=2,p=1$bGFiVFNkNkl6YldhMEZ2Mg$KoO4yuR++bGwD7EviELL+Q', '0754210052', 'OWNER', 'VERIFIED', 0, 0);
INSERT INTO business (id, owner_id, name, country, pharmacode, status, type, currency, test, address) VALUES (1809, 3157, 'CEFACHEM PHARMACY (Nairobi)', 'KENYA', 'PPB/C/1324', 'VERIFIED', 'PHARMACY', 'KES', 1, 'MWIKI ROAD');
INSERT INTO branch (id, name, address, main, business_id) VALUES (1907, 'Main Branch', 'MWIKI ROAD', 0, 1809);
INSERT INTO users (id, first_name, last_name, email, password, phone, user_type, status, mail_verified, phone_verified) VALUES (3158, 'Noah', 'Omari', 'noah38@yahoo.com', '$argon2i$v=19$m=16,t=2,p=1$bGFiVFNkNkl6YldhMEZ2Mg$KoO4yuR++bGwD7EviELL+Q', '0778591532', 'OWNER', 'VERIFIED', 0, 0);
INSERT INTO business (id, owner_id, name, country, pharmacode, status, type, currency, test, address) VALUES (1810, 3158, 'CELA LIMITED (Nairobi)', 'KENYA', 'PPB/C/1436', 'VERIFIED', 'PHARMACY', 'KES', 1, 'SAVANNAH ROAD');
INSERT INTO branch (id, name, address, main, business_id) VALUES (1908, 'Main Branch', 'SAVANNAH ROAD', 0, 1810);
INSERT INTO users (id, first_name, last_name, email, password, phone, user_type, status, mail_verified, phone_verified) VALUES (3159, 'Rebekah', 'Mokua', 'ccnair@gmail.com', '$argon2i$v=19$m=16,t=2,p=1$bGFiVFNkNkl6YldhMEZ2Mg$KoO4yuR++bGwD7EviELL+Q', '0745196128', 'OWNER', 'VERIFIED', 0, 0);
INSERT INTO business (id, owner_id, name, country, pharmacode, status, type, currency, test, address) VALUES (1811, 3159, 'CELMAR CHEMIST (Nairobi)', 'KENYA', 'PPB/C/204', 'VERIFIED', 'PHARMACY', 'KES', 1, 'JOGOO ROAD');
INSERT INTO branch (id, name, address, main, business_id) VALUES (1909, 'Main Branch', 'JOGOO ROAD', 0, 1811);
INSERT INTO users (id, first_name, last_name, email, password, phone, user_type, status, mail_verified, phone_verified) VALUES (3160, 'Grace', 'Mukhisa', 'gracer@yahoo.com', '$argon2i$v=19$m=16,t=2,p=1$bGFiVFNkNkl6YldhMEZ2Mg$KoO4yuR++bGwD7EviELL+Q', '0787267460', 'OWNER', 'VERIFIED', 0, 0);
INSERT INTO business (id, owner_id, name, country, pharmacode, status, type, currency, test, address) VALUES (1812, 3160, 'CELYDA PHARMACY (Nairobi)', 'KENYA', 'PPB/C/361', 'VERIFIED', 'PHARMACY', 'KES', 1, 'OUTERING RD');
INSERT INTO branch (id, name, address, main, business_id) VALUES (1910, 'Main Branch', 'OUTERING RD', 0, 1812);
INSERT INTO users (id, first_name, last_name, email, password, phone, user_type, status, mail_verified, phone_verified) VALUES (3161, 'Deborah', 'Kipruto', 'ccnair@gmail.com', '$argon2i$v=19$m=16,t=2,p=1$bGFiVFNkNkl6YldhMEZ2Mg$KoO4yuR++bGwD7EviELL+Q', '0712947828', 'OWNER', 'VERIFIED', 0, 0);
INSERT INTO business (id, owner_id, name, country, pharmacode, status, type, currency, test, address) VALUES (1813, 3161, 'CENBA CHEMISTRY (Nairobi)', 'KENYA', 'PPB/C/1474', 'VERIFIED', 'PHARMACY', 'KES', 1, 'MTONGWE ROAD - NGUMO');
INSERT INTO branch (id, name, address, main, business_id) VALUES (1911, 'Main Branch', 'MTONGWE ROAD - NGUMO', 0, 1813);
INSERT INTO users (id, first_name, last_name, email, password, phone, user_type, status, mail_verified, phone_verified) VALUES (3162, 'David', 'Nyakundi', 'david@yahoo.com', '$argon2i$v=19$m=16,t=2,p=1$bGFiVFNkNkl6YldhMEZ2Mg$KoO4yuR++bGwD7EviELL+Q', '0739781789', 'OWNER', 'VERIFIED', 0, 0);
INSERT INTO business (id, owner_id, name, country, pharmacode, status, type, currency, test, address) VALUES (1814, 3162, 'CENTURION PHARMACY (Nairobi)', 'KENYA', 'PPB/C/1361', 'VERIFIED', 'PHARMACY', 'KES', 1, 'LIMURU');
INSERT INTO branch (id, name, address, main, business_id) VALUES (1912, 'Main Branch', 'LIMURU', 0, 1814);
INSERT INTO users (id, first_name, last_name, email, password, phone, user_type, status, mail_verified, phone_verified) VALUES (3163, 'Rebecca', 'Kipchoge', 'rebecca@gmail.com', '$argon2i$v=19$m=16,t=2,p=1$bGFiVFNkNkl6YldhMEZ2Mg$KoO4yuR++bGwD7EviELL+Q', '0713457196', 'OWNER', 'VERIFIED', 0, 0);
INSERT INTO business (id, owner_id, name, country, pharmacode, status, type, currency, test, address) VALUES (1815, 3163, 'CESSCHEM PHARMACEUTICALS- EMBAKASI (Nairobi)', 'KENYA', 'PPB/C/0219', 'VERIFIED', 'PHARMACY', 'KES', 1, 'OUTERING ROAD');
INSERT INTO branch (id, name, address, main, business_id) VALUES (1913, 'Main Branch', 'OUTERING ROAD', 0, 1815);
INSERT INTO users (id, first_name, last_name, email, password, phone, user_type, status, mail_verified, phone_verified) VALUES (3164, 'Elijah', 'Wainaina', 'elijahr@gmail.com', '$argon2i$v=19$m=16,t=2,p=1$bGFiVFNkNkl6YldhMEZ2Mg$KoO4yuR++bGwD7EviELL+Q', '0740451816', 'OWNER', 'VERIFIED', 0, 0);
INSERT INTO business (id, owner_id, name, country, pharmacode, status, type, currency, test, address) VALUES (1816, 3164, 'CETAMOL PHARMACY (Nairobi)', 'KENYA', 'PPB/C/1480', 'VERIFIED', 'PHARMACY', 'KES', 1, 'UTAWALA GITUNGULI');
INSERT INTO branch (id, name, address, main, business_id) VALUES (1914, 'Main Branch', 'UTAWALA GITUNGULI', 0, 1816);
INSERT INTO users (id, first_name, last_name, email, password, phone, user_type, status, mail_verified, phone_verified) VALUES (3165, 'Grace', 'Cherono', 'grace@yahoo.com', '$argon2i$v=19$m=16,t=2,p=1$bGFiVFNkNkl6YldhMEZ2Mg$KoO4yuR++bGwD7EviELL+Q', '0794874001', 'OWNER', 'VERIFIED', 0, 0);
INSERT INTO business (id, owner_id, name, country, pharmacode, status, type, currency, test, address) VALUES (1817, 3165, 'CETAMOL PHARMACY CHOKAA (Nairobi)', 'KENYA', 'PPB/C/9252', 'VERIFIED', 'PHARMACY', 'KES', 1, 'SPINE ROAD');
INSERT INTO branch (id, name, address, main, business_id) VALUES (1915, 'Main Branch', 'SPINE ROAD', 0, 1817);
INSERT INTO users (id, first_name, last_name, email, password, phone, user_type, status, mail_verified, phone_verified) VALUES (3166, 'Gabriel', 'Wangari', 'gabriel@yahoo.com', '$argon2i$v=19$m=16,t=2,p=1$bGFiVFNkNkl6YldhMEZ2Mg$KoO4yuR++bGwD7EviELL+Q', '0791689012', 'OWNER', 'VERIFIED', 0, 0);
INSERT INTO business (id, owner_id, name, country, pharmacode, status, type, currency, test, address) VALUES (1818, 3166, 'CHALEMWAS PHARMACY LTD (Nairobi)', 'KENYA', 'PPB/C/1610', 'VERIFIED', 'PHARMACY', 'KES', 1, 'UMOJA 2');
INSERT INTO branch (id, name, address, main, business_id) VALUES (1916, 'Main Branch', 'UMOJA 2', 0, 1818);
INSERT INTO users (id, first_name, last_name, email, password, phone, user_type, status, mail_verified, phone_verified) VALUES (3167, 'Deborah', 'Mukhisa', 'cpnair@gmail.com', '$argon2i$v=19$m=16,t=2,p=1$bGFiVFNkNkl6YldhMEZ2Mg$KoO4yuR++bGwD7EviELL+Q', '0759336050', 'OWNER', 'VERIFIED', 0, 0);
INSERT INTO business (id, owner_id, name, country, pharmacode, status, type, currency, test, address) VALUES (1819, 3167, 'CHARLIK PHARMACY (Nairobi)', 'KENYA', 'PPB/C/9262', 'VERIFIED', 'PHARMACY', 'KES', 1, 'LUMUMBA DRIVE');
INSERT INTO branch (id, name, address, main, business_id) VALUES (1917, 'Main Branch', 'LUMUMBA DRIVE', 0, 1819);
INSERT INTO users (id, first_name, last_name, email, password, phone, user_type, status, mail_verified, phone_verified) VALUES (3168, 'Micah', 'Mogaka', 'cpnair@yahoo.com', '$argon2i$v=19$m=16,t=2,p=1$bGFiVFNkNkl6YldhMEZ2Mg$KoO4yuR++bGwD7EviELL+Q', '0789381422', 'OWNER', 'VERIFIED', 0, 0);
INSERT INTO business (id, owner_id, name, country, pharmacode, status, type, currency, test, address) VALUES (1820, 3168, 'CHARLIZE PHARMACY  (Nairobi)', 'KENYA', 'PPB/C/9165', 'VERIFIED', 'PHARMACY', 'KES', 1, 'KIAMBU ROAD');
INSERT INTO branch (id, name, address, main, business_id) VALUES (1918, 'Main Branch', 'KIAMBU ROAD', 0, 1820);
INSERT INTO users (id, first_name, last_name, email, password, phone, user_type, status, mail_verified, phone_verified) VALUES (3169, 'Joshua', 'Owino', 'chnair@yahoo.com', '$argon2i$v=19$m=16,t=2,p=1$bGFiVFNkNkl6YldhMEZ2Mg$KoO4yuR++bGwD7EviELL+Q', '0725018940', 'OWNER', 'VERIFIED', 0, 0);
INSERT INTO business (id, owner_id, name, country, pharmacode, status, type, currency, test, address) VALUES (1821, 3169, 'CHARZEL HEALTH CHEMIST (Nairobi)', 'KENYA', 'PPB/C/1489', 'VERIFIED', 'PHARMACY', 'KES', 1, 'LANGATA ROAD');
INSERT INTO branch (id, name, address, main, business_id) VALUES (1919, 'Main Branch', 'LANGATA ROAD', 0, 1821);
INSERT INTO users (id, first_name, last_name, email, password, phone, user_type, status, mail_verified, phone_verified) VALUES (3170, 'Aaron', 'Wanyama', 'aaron88@yahoo.com', '$argon2i$v=19$m=16,t=2,p=1$bGFiVFNkNkl6YldhMEZ2Mg$KoO4yuR++bGwD7EviELL+Q', '0798027034', 'OWNER', 'VERIFIED', 0, 0);
INSERT INTO business (id, owner_id, name, country, pharmacode, status, type, currency, test, address) VALUES (1822, 3170, 'CHASTED CHEMIST (Nairobi)', 'KENYA', 'PPB/C/1562', 'VERIFIED', 'PHARMACY', 'KES', 1, 'TOM MBOYA');
INSERT INTO branch (id, name, address, main, business_id) VALUES (1920, 'Main Branch', 'TOM MBOYA', 0, 1822);
INSERT INTO users (id, first_name, last_name, email, password, phone, user_type, status, mail_verified, phone_verified) VALUES (3171, 'Joshua', 'Mutua', 'joshua64@yahoo.com', '$argon2i$v=19$m=16,t=2,p=1$bGFiVFNkNkl6YldhMEZ2Mg$KoO4yuR++bGwD7EviELL+Q', '0714363600', 'OWNER', 'VERIFIED', 0, 0);
INSERT INTO business (id, owner_id, name, country, pharmacode, status, type, currency, test, address) VALUES (1823, 3171, 'CHEDOC PHARMACY (Nairobi)', 'KENYA', 'PPB/C/1441', 'VERIFIED', 'PHARMACY', 'KES', 1, 'MWIKI ROAD');
INSERT INTO branch (id, name, address, main, business_id) VALUES (1921, 'Main Branch', 'MWIKI ROAD', 0, 1823);
INSERT INTO users (id, first_name, last_name, email, password, phone, user_type, status, mail_verified, phone_verified) VALUES (3172, 'Lydia', 'Wanjiru', 'cpnair@yahoo.com', '$argon2i$v=19$m=16,t=2,p=1$bGFiVFNkNkl6YldhMEZ2Mg$KoO4yuR++bGwD7EviELL+Q', '0738270530', 'OWNER', 'VERIFIED', 0, 0);
INSERT INTO business (id, owner_id, name, country, pharmacode, status, type, currency, test, address) VALUES (1824, 3172, 'CHEMFAM PHARMACEUTICAL LTD (Nairobi)', 'KENYA', 'PPB/C/397', 'VERIFIED', 'PHARMACY', 'KES', 1, 'OUTERING');
INSERT INTO branch (id, name, address, main, business_id) VALUES (1922, 'Main Branch', 'OUTERING', 0, 1824);
INSERT INTO users (id, first_name, last_name, email, password, phone, user_type, status, mail_verified, phone_verified) VALUES (3173, 'Thaddeus', 'Wangari', 'thaddeus@gmail.com', '$argon2i$v=19$m=16,t=2,p=1$bGFiVFNkNkl6YldhMEZ2Mg$KoO4yuR++bGwD7EviELL+Q', '0764282651', 'OWNER', 'VERIFIED', 0, 0);
INSERT INTO business (id, owner_id, name, country, pharmacode, status, type, currency, test, address) VALUES (1825, 3173, 'CHEMMART PHARMACY (Nairobi)', 'KENYA', 'PPB/C/1307', 'VERIFIED', 'PHARMACY', 'KES', 1, 'MUMIAS SOUTH ROAD');
INSERT INTO branch (id, name, address, main, business_id) VALUES (1923, 'Main Branch', 'MUMIAS SOUTH ROAD', 0, 1825);
INSERT INTO users (id, first_name, last_name, email, password, phone, user_type, status, mail_verified, phone_verified) VALUES (3174, 'Miriam', 'Kipsang', 'miriam91@gmail.com', '$argon2i$v=19$m=16,t=2,p=1$bGFiVFNkNkl6YldhMEZ2Mg$KoO4yuR++bGwD7EviELL+Q', '0790322022', 'OWNER', 'VERIFIED', 0, 0);
INSERT INTO business (id, owner_id, name, country, pharmacode, status, type, currency, test, address) VALUES (1826, 3174, 'CHEMWORLD PHARMACY - MWIKI RD (Nairobi)', 'KENYA', 'PPB/C/303', 'VERIFIED', 'PHARMACY', 'KES', 1, 'OFF MWIKI RD');
INSERT INTO branch (id, name, address, main, business_id) VALUES (1924, 'Main Branch', 'OFF MWIKI RD', 0, 1826);
INSERT INTO users (id, first_name, last_name, email, password, phone, user_type, status, mail_verified, phone_verified) VALUES (3175, 'Phoebe', 'Ruto', 'phoebe@gmail.com', '$argon2i$v=19$m=16,t=2,p=1$bGFiVFNkNkl6YldhMEZ2Mg$KoO4yuR++bGwD7EviELL+Q', '0760044446', 'OWNER', 'VERIFIED', 0, 0);
INSERT INTO business (id, owner_id, name, country, pharmacode, status, type, currency, test, address) VALUES (1827, 3175, 'CHEMWORLD PHARMACY -ZIMMERMAN (Nairobi)', 'KENYA', 'PPP/C/391', 'VERIFIED', 'PHARMACY', 'KES', 1, 'OFF KAMITI ROAD');
INSERT INTO branch (id, name, address, main, business_id) VALUES (1925, 'Main Branch', 'OFF KAMITI ROAD', 0, 1827);
INSERT INTO users (id, first_name, last_name, email, password, phone, user_type, status, mail_verified, phone_verified) VALUES (3176, 'Adam', 'Kiptoo', 'cpnair@gmail.com', '$argon2i$v=19$m=16,t=2,p=1$bGFiVFNkNkl6YldhMEZ2Mg$KoO4yuR++bGwD7EviELL+Q', '0753530034', 'OWNER', 'VERIFIED', 0, 0);
INSERT INTO business (id, owner_id, name, country, pharmacode, status, type, currency, test, address) VALUES (1828, 3176, 'CHEMWORLD PHARMACY-KASARANI (Nairobi)', 'KENYA', 'PPB/C/271', 'VERIFIED', 'PHARMACY', 'KES', 1, 'KASARANI MWIKI ROAD');
INSERT INTO branch (id, name, address, main, business_id) VALUES (1926, 'Main Branch', 'KASARANI MWIKI ROAD', 0, 1828);
INSERT INTO users (id, first_name, last_name, email, password, phone, user_type, status, mail_verified, phone_verified) VALUES (3177, 'Levi', 'Mochoge', 'ccnair@gmail.com', '$argon2i$v=19$m=16,t=2,p=1$bGFiVFNkNkl6YldhMEZ2Mg$KoO4yuR++bGwD7EviELL+Q', '0783043694', 'OWNER', 'VERIFIED', 0, 0);
INSERT INTO business (id, owner_id, name, country, pharmacode, status, type, currency, test, address) VALUES (1829, 3177, 'CHIEKO  CHEMIST  (Nairobi)', 'KENYA', 'PPB/C/9174', 'VERIFIED', 'PHARMACY', 'KES', 1, 'MURADI ROAD');
INSERT INTO branch (id, name, address, main, business_id) VALUES (1927, 'Main Branch', 'MURADI ROAD', 0, 1829);
INSERT INTO users (id, first_name, last_name, email, password, phone, user_type, status, mail_verified, phone_verified) VALUES (3178, 'Bartholomew', 'Odinga', 'cpnair@yahoo.com', '$argon2i$v=19$m=16,t=2,p=1$bGFiVFNkNkl6YldhMEZ2Mg$KoO4yuR++bGwD7EviELL+Q', '0772532998', 'OWNER', 'VERIFIED', 0, 0);
INSERT INTO business (id, owner_id, name, country, pharmacode, status, type, currency, test, address) VALUES (1830, 3178, 'CHLOE-PHARM PHARMACY (Nairobi)', 'KENYA', 'PPB/C/1486', 'VERIFIED', 'PHARMACY', 'KES', 1, 'KIGWATHI STREET');
INSERT INTO branch (id, name, address, main, business_id) VALUES (1928, 'Main Branch', 'KIGWATHI STREET', 0, 1830);
INSERT INTO users (id, first_name, last_name, email, password, phone, user_type, status, mail_verified, phone_verified) VALUES (3179, 'Joanna', 'Kariuki', 'cc_kis@yahoo.com', '$argon2i$v=19$m=16,t=2,p=1$bGFiVFNkNkl6YldhMEZ2Mg$KoO4yuR++bGwD7EviELL+Q', '0757224928', 'OWNER', 'VERIFIED', 0, 0);
INSERT INTO business (id, owner_id, name, country, pharmacode, status, type, currency, test, address) VALUES (1831, 3179, 'CHRISPALAH CHEMIST _KISUMU', 'KENYA', 'PPB/C/9208', 'VERIFIED', 'PHARMACY', 'KES', 1, 'KISUMU /NAIROBI STREAT');
INSERT INTO branch (id, name, address, main, business_id) VALUES (1929, 'Main Branch', 'KISUMU /NAIROBI STREAT', 0, 1831);
INSERT INTO users (id, first_name, last_name, email, password, phone, user_type, status, mail_verified, phone_verified) VALUES (3180, 'Ruth', 'Kiptoo', 'cpnair@yahoo.com', '$argon2i$v=19$m=16,t=2,p=1$bGFiVFNkNkl6YldhMEZ2Mg$KoO4yuR++bGwD7EviELL+Q', '0791176349', 'OWNER', 'VERIFIED', 0, 0);
INSERT INTO business (id, owner_id, name, country, pharmacode, status, type, currency, test, address) VALUES (1832, 3180, 'CISTEIN PHARMACEUTICALS LTD (Nairobi)', 'KENYA', 'PPB/C/211', 'VERIFIED', 'PHARMACY', 'KES', 1, '1ST AVENUE');
INSERT INTO branch (id, name, address, main, business_id) VALUES (1930, 'Main Branch', '1ST AVENUE', 0, 1832);
INSERT INTO users (id, first_name, last_name, email, password, phone, user_type, status, mail_verified, phone_verified) VALUES (3181, 'Luke', 'Gichuru', 'cgnair@yahoo.com', '$argon2i$v=19$m=16,t=2,p=1$bGFiVFNkNkl6YldhMEZ2Mg$KoO4yuR++bGwD7EviELL+Q', '0748886614', 'OWNER', 'VERIFIED', 0, 0);
INSERT INTO business (id, owner_id, name, country, pharmacode, status, type, currency, test, address) VALUES (1833, 3181, 'CITY GATE PHARMACY LTD (Nairobi)', 'KENYA', 'PPB/C/1305', 'VERIFIED', 'PHARMACY', 'KES', 1, 'RHAPTA ROAD, WESTLANDS');
INSERT INTO branch (id, name, address, main, business_id) VALUES (1931, 'Main Branch', 'RHAPTA ROAD, WESTLANDS', 0, 1833);
INSERT INTO users (id, first_name, last_name, email, password, phone, user_type, status, mail_verified, phone_verified) VALUES (3182, 'Tabitha', 'Cheruiyot', 'cmnair@gmail.com', '$argon2i$v=19$m=16,t=2,p=1$bGFiVFNkNkl6YldhMEZ2Mg$KoO4yuR++bGwD7EviELL+Q', '0729680034', 'OWNER', 'VERIFIED', 0, 0);
INSERT INTO business (id, owner_id, name, country, pharmacode, status, type, currency, test, address) VALUES (1834, 3182, 'CITY MED PHARMACY LIMITED-RIDGE COURT  (Nairobi)', 'KENYA', 'PPB/C/1570', 'VERIFIED', 'PHARMACY', 'KES', 1, '3RD PARKLANDS AVENUE');
INSERT INTO branch (id, name, address, main, business_id) VALUES (1932, 'Main Branch', '3RD PARKLANDS AVENUE', 0, 1834);
INSERT INTO users (id, first_name, last_name, email, password, phone, user_type, status, mail_verified, phone_verified) VALUES (3183, 'Ruth', 'Kivutha', 'ruth@yahoo.com', '$argon2i$v=19$m=16,t=2,p=1$bGFiVFNkNkl6YldhMEZ2Mg$KoO4yuR++bGwD7EviELL+Q', '0773552779', 'OWNER', 'VERIFIED', 0, 0);
INSERT INTO business (id, owner_id, name, country, pharmacode, status, type, currency, test, address) VALUES (1835, 3183, 'CITY VIEW CHEMIST (Nairobi)', 'KENYA', 'PPB/C/1296', 'VERIFIED', 'PHARMACY', 'KES', 1, 'KARIOBANGI SOUTH');
INSERT INTO branch (id, name, address, main, business_id) VALUES (1933, 'Main Branch', 'KARIOBANGI SOUTH', 0, 1835);
INSERT INTO users (id, first_name, last_name, email, password, phone, user_type, status, mail_verified, phone_verified) VALUES (3184, 'Miriam', 'Okello', 'miriam@yahoo.com', '$argon2i$v=19$m=16,t=2,p=1$bGFiVFNkNkl6YldhMEZ2Mg$KoO4yuR++bGwD7EviELL+Q', '0729935576', 'OWNER', 'VERIFIED', 0, 0);
INSERT INTO business (id, owner_id, name, country, pharmacode, status, type, currency, test, address) VALUES (1836, 3184, 'CITYLINK PHARMACY-BRANCH (Nairobi)', 'KENYA', 'PPB/C/124', 'VERIFIED', 'PHARMACY', 'KES', 1, 'WARUINGE STREET');
INSERT INTO branch (id, name, address, main, business_id) VALUES (1934, 'Main Branch', 'WARUINGE STREET', 0, 1836);
INSERT INTO users (id, first_name, last_name, email, password, phone, user_type, status, mail_verified, phone_verified) VALUES (3185, 'Susannah', 'Odinga', 'cpnair@gmail.com', '$argon2i$v=19$m=16,t=2,p=1$bGFiVFNkNkl6YldhMEZ2Mg$KoO4yuR++bGwD7EviELL+Q', '0717888447', 'OWNER', 'VERIFIED', 0, 0);
INSERT INTO business (id, owner_id, name, country, pharmacode, status, type, currency, test, address) VALUES (1837, 3185, 'CITYMED PHARMACY LTD-NAIROBI (Nairobi)', 'KENYA', 'PPB/C/1327', 'VERIFIED', 'PHARMACY', 'KES', 1, 'LIMURU ROAD');
INSERT INTO branch (id, name, address, main, business_id) VALUES (1935, 'Main Branch', 'LIMURU ROAD', 0, 1837);
INSERT INTO users (id, first_name, last_name, email, password, phone, user_type, status, mail_verified, phone_verified) VALUES (3186, 'Miriam', 'Monyancha', 'miriam60@yahoo.com', '$argon2i$v=19$m=16,t=2,p=1$bGFiVFNkNkl6YldhMEZ2Mg$KoO4yuR++bGwD7EviELL+Q', '0776161295', 'OWNER', 'VERIFIED', 0, 0);
INSERT INTO business (id, owner_id, name, country, pharmacode, status, type, currency, test, address) VALUES (1838, 3186, 'CKS DIALYSIS CENTRE LTD-BURUBURU (Nairobi)', 'KENYA', 'PPB/C/9153', 'VERIFIED', 'PHARMACY', 'KES', 1, 'BURUBURU');
INSERT INTO branch (id, name, address, main, business_id) VALUES (1936, 'Main Branch', 'BURUBURU', 0, 1838);
INSERT INTO users (id, first_name, last_name, email, password, phone, user_type, status, mail_verified, phone_verified) VALUES (3187, 'Leah', 'Wainaina', 'leah9@gmail.com', '$argon2i$v=19$m=16,t=2,p=1$bGFiVFNkNkl6YldhMEZ2Mg$KoO4yuR++bGwD7EviELL+Q', '0785712393', 'OWNER', 'VERIFIED', 0, 0);
INSERT INTO business (id, owner_id, name, country, pharmacode, status, type, currency, test, address) VALUES (1839, 3187, 'CKS DIALYSIS CENTRE LTD-PANGANI (Nairobi)', 'KENYA', 'PPB/C/1604', 'VERIFIED', 'PHARMACY', 'KES', 1, 'OFF JUJA ROAD CHAI ROAD AT THE JUNCTION');
INSERT INTO branch (id, name, address, main, business_id) VALUES (1937, 'Main Branch', 'OFF JUJA ROAD CHAI ROAD AT THE JUNCTION', 0, 1839);
INSERT INTO users (id, first_name, last_name, email, password, phone, user_type, status, mail_verified, phone_verified) VALUES (3188, 'Reuben', 'Wanjiru', 'reuben@gmail.com', '$argon2i$v=19$m=16,t=2,p=1$bGFiVFNkNkl6YldhMEZ2Mg$KoO4yuR++bGwD7EviELL+Q', '0748541318', 'OWNER', 'VERIFIED', 0, 0);
INSERT INTO business (id, owner_id, name, country, pharmacode, status, type, currency, test, address) VALUES (1840, 3188, 'CLARIPHARM PHARMACEUTICALS LTD -UMOJA (Nairobi)', 'KENYA', 'PPB/C/275', 'VERIFIED', 'PHARMACY', 'KES', 1, 'MOI DRIVE');
INSERT INTO branch (id, name, address, main, business_id) VALUES (1938, 'Main Branch', 'MOI DRIVE', 0, 1840);
INSERT INTO users (id, first_name, last_name, email, password, phone, user_type, status, mail_verified, phone_verified) VALUES (3189, 'Miriam', 'Omollo', 'miriam@yahoo.com', '$argon2i$v=19$m=16,t=2,p=1$bGFiVFNkNkl6YldhMEZ2Mg$KoO4yuR++bGwD7EviELL+Q', '0785160323', 'OWNER', 'VERIFIED', 0, 0);
INSERT INTO business (id, owner_id, name, country, pharmacode, status, type, currency, test, address) VALUES (1841, 3189, 'CLINMED CHEMIST (Nairobi)', 'KENYA', 'PPB/C/1536', 'VERIFIED', 'PHARMACY', 'KES', 1, 'KILOME  ROAD');
INSERT INTO branch (id, name, address, main, business_id) VALUES (1939, 'Main Branch', 'KILOME  ROAD', 0, 1841);
INSERT INTO users (id, first_name, last_name, email, password, phone, user_type, status, mail_verified, phone_verified) VALUES (3190, 'Titus', 'Koech', 'titus86@yahoo.com', '$argon2i$v=19$m=16,t=2,p=1$bGFiVFNkNkl6YldhMEZ2Mg$KoO4yuR++bGwD7EviELL+Q', '0758141637', 'OWNER', 'VERIFIED', 0, 0);
INSERT INTO business (id, owner_id, name, country, pharmacode, status, type, currency, test, address) VALUES (1842, 3190, 'COLMED PHARMACEUTICALS LIMITED-LANGATA (Nairobi)', 'KENYA', 'PPB/C/1487', 'VERIFIED', 'PHARMACY', 'KES', 1, 'LANG\\\\\\''ATA ROAD');
INSERT INTO branch (id, name, address, main, business_id) VALUES (1940, 'Main Branch', 'LANG\\\\\\''ATA ROAD', 0, 1842);
INSERT INTO users (id, first_name, last_name, email, password, phone, user_type, status, mail_verified, phone_verified) VALUES (3191, 'Caleb', 'Odinga', 'caleb13@gmail.com', '$argon2i$v=19$m=16,t=2,p=1$bGFiVFNkNkl6YldhMEZ2Mg$KoO4yuR++bGwD7EviELL+Q', '0726915172', 'OWNER', 'VERIFIED', 0, 0);
INSERT INTO business (id, owner_id, name, country, pharmacode, status, type, currency, test, address) VALUES (1843, 3191, 'CONNECTIONS DESPENSING CHEMIST LTD (Nairobi)', 'KENYA', 'PPB/C/231', 'VERIFIED', 'PHARMACY', 'KES', 1, 'OFF OUTERING RD');
INSERT INTO branch (id, name, address, main, business_id) VALUES (1941, 'Main Branch', 'OFF OUTERING RD', 0, 1843);
INSERT INTO users (id, first_name, last_name, email, password, phone, user_type, status, mail_verified, phone_verified) VALUES (3192, 'Leah', 'Muiruri', 'leah82@gmail.com', '$argon2i$v=19$m=16,t=2,p=1$bGFiVFNkNkl6YldhMEZ2Mg$KoO4yuR++bGwD7EviELL+Q', '0729894492', 'OWNER', 'VERIFIED', 0, 0);
INSERT INTO business (id, owner_id, name, country, pharmacode, status, type, currency, test, address) VALUES (1844, 3192, 'CORNER PHARMACY LIMITED (Nairobi)', 'KENYA', 'PPB/C/167', 'VERIFIED', 'PHARMACY', 'KES', 1, 'STREET PARKLANDS ROAD');
INSERT INTO branch (id, name, address, main, business_id) VALUES (1942, 'Main Branch', 'STREET PARKLANDS ROAD', 0, 1844);
INSERT INTO users (id, first_name, last_name, email, password, phone, user_type, status, mail_verified, phone_verified) VALUES (3193, 'Jacob', 'Wainaina', 'canair@yahoo.com', '$argon2i$v=19$m=16,t=2,p=1$bGFiVFNkNkl6YldhMEZ2Mg$KoO4yuR++bGwD7EviELL+Q', '0752896783', 'OWNER', 'VERIFIED', 0, 0);
INSERT INTO business (id, owner_id, name, country, pharmacode, status, type, currency, test, address) VALUES (1845, 3193, 'COSBY AND HEIRS PHARMACY  (Nairobi)', 'KENYA', 'PPB/C/1416', 'VERIFIED', 'PHARMACY', 'KES', 1, 'AOKO ROAD');
INSERT INTO branch (id, name, address, main, business_id) VALUES (1943, 'Main Branch', 'AOKO ROAD', 0, 1845);
INSERT INTO users (id, first_name, last_name, email, password, phone, user_type, status, mail_verified, phone_verified) VALUES (3194, 'Abraham', 'Musila', 'abraham@gmail.com', '$argon2i$v=19$m=16,t=2,p=1$bGFiVFNkNkl6YldhMEZ2Mg$KoO4yuR++bGwD7EviELL+Q', '0796368009', 'OWNER', 'VERIFIED', 0, 0);
INSERT INTO business (id, owner_id, name, country, pharmacode, status, type, currency, test, address) VALUES (1846, 3194, 'COSIGN CHEMIST (Nairobi)', 'KENYA', 'PPB/C/1463', 'VERIFIED', 'PHARMACY', 'KES', 1, 'KIKUYU ROAD');
INSERT INTO branch (id, name, address, main, business_id) VALUES (1944, 'Main Branch', 'KIKUYU ROAD', 0, 1846);
INSERT INTO users (id, first_name, last_name, email, password, phone, user_type, status, mail_verified, phone_verified) VALUES (3195, 'Zachary', 'Kilonzo', 'ccnair@yahoo.com', '$argon2i$v=19$m=16,t=2,p=1$bGFiVFNkNkl6YldhMEZ2Mg$KoO4yuR++bGwD7EviELL+Q', '0758222101', 'OWNER', 'VERIFIED', 0, 0);
INSERT INTO business (id, owner_id, name, country, pharmacode, status, type, currency, test, address) VALUES (1847, 3195, 'CROSSAL CHEMICAL SERVICES (Nairobi)', 'KENYA', 'PPB/C/1286', 'VERIFIED', 'PHARMACY', 'KES', 1, 'KAREN NGONG ROAD');
INSERT INTO branch (id, name, address, main, business_id) VALUES (1945, 'Main Branch', 'KAREN NGONG ROAD', 0, 1847);
INSERT INTO users (id, first_name, last_name, email, password, phone, user_type, status, mail_verified, phone_verified) VALUES (3196, 'Leah', 'Marube', 'dpnair@yahoo.com', '$argon2i$v=19$m=16,t=2,p=1$bGFiVFNkNkl6YldhMEZ2Mg$KoO4yuR++bGwD7EviELL+Q', '0749523790', 'OWNER', 'VERIFIED', 0, 0);
INSERT INTO business (id, owner_id, name, country, pharmacode, status, type, currency, test, address) VALUES (1848, 3196, 'D-CHEM PHARMACEUTICAL LIMITED (Nairobi)', 'KENYA', 'PPB/D/2145', 'VERIFIED', 'PHARMACY', 'KES', 1, 'MWANGAZA RD');
INSERT INTO branch (id, name, address, main, business_id) VALUES (1946, 'Main Branch', 'MWANGAZA RD', 0, 1848);
INSERT INTO users (id, first_name, last_name, email, password, phone, user_type, status, mail_verified, phone_verified) VALUES (3197, 'Rachel', 'Gichuru', 'rachel@gmail.com', '$argon2i$v=19$m=16,t=2,p=1$bGFiVFNkNkl6YldhMEZ2Mg$KoO4yuR++bGwD7EviELL+Q', '0766345008', 'OWNER', 'VERIFIED', 0, 0);
INSERT INTO business (id, owner_id, name, country, pharmacode, status, type, currency, test, address) VALUES (1849, 3197, 'DAHLIA PHARMACY LIMITED (Nairobi)', 'KENYA', 'PPB/D/2288', 'VERIFIED', 'PHARMACY', 'KES', 1, 'NGONG ROAD');
INSERT INTO branch (id, name, address, main, business_id) VALUES (1947, 'Main Branch', 'NGONG ROAD', 0, 1849);
INSERT INTO users (id, first_name, last_name, email, password, phone, user_type, status, mail_verified, phone_verified) VALUES (3198, 'Jesse', 'Mutua', 'jesse@yahoo.com', '$argon2i$v=19$m=16,t=2,p=1$bGFiVFNkNkl6YldhMEZ2Mg$KoO4yuR++bGwD7EviELL+Q', '0730259497', 'OWNER', 'VERIFIED', 0, 0);
INSERT INTO business (id, owner_id, name, country, pharmacode, status, type, currency, test, address) VALUES (1850, 3198, 'DAJIM PHARMACY (Nairobi)', 'KENYA', 'PPB/D/97', 'VERIFIED', 'PHARMACY', 'KES', 1, 'NAIVASHA ROAD');
INSERT INTO branch (id, name, address, main, business_id) VALUES (1948, 'Main Branch', 'NAIVASHA ROAD', 0, 1850);
INSERT INTO users (id, first_name, last_name, email, password, phone, user_type, status, mail_verified, phone_verified) VALUES (3199, 'Philip', 'Khisa', 'philip@gmail.com', '$argon2i$v=19$m=16,t=2,p=1$bGFiVFNkNkl6YldhMEZ2Mg$KoO4yuR++bGwD7EviELL+Q', '0788922728', 'OWNER', 'VERIFIED', 0, 0);
INSERT INTO business (id, owner_id, name, country, pharmacode, status, type, currency, test, address) VALUES (1851, 3199, 'DALCAMED LIMITED - DONHOLM BRANCH (Nairobi)', 'KENYA', 'PPB/D/2245', 'VERIFIED', 'PHARMACY', 'KES', 1, 'OUTER RING ROAD');
INSERT INTO branch (id, name, address, main, business_id) VALUES (1949, 'Main Branch', 'OUTER RING ROAD', 0, 1851);
INSERT INTO users (id, first_name, last_name, email, password, phone, user_type, status, mail_verified, phone_verified) VALUES (3200, 'Noah', 'Muli', 'dlnair@yahoo.com', '$argon2i$v=19$m=16,t=2,p=1$bGFiVFNkNkl6YldhMEZ2Mg$KoO4yuR++bGwD7EviELL+Q', '0783272208', 'OWNER', 'VERIFIED', 0, 0);
INSERT INTO business (id, owner_id, name, country, pharmacode, status, type, currency, test, address) VALUES (1852, 3200, 'DALCAMED LIMITED - IMARA DAIMA BRANCH (Nairobi)', 'KENYA', 'PPB/D/2247', 'VERIFIED', 'PHARMACY', 'KES', 1, 'COSMAS NDETEI ROAD');
INSERT INTO branch (id, name, address, main, business_id) VALUES (1950, 'Main Branch', 'COSMAS NDETEI ROAD', 0, 1852);
INSERT INTO users (id, first_name, last_name, email, password, phone, user_type, status, mail_verified, phone_verified) VALUES (3201, 'Grace', 'Kisilu', 'gracer@gmail.com', '$argon2i$v=19$m=16,t=2,p=1$bGFiVFNkNkl6YldhMEZ2Mg$KoO4yuR++bGwD7EviELL+Q', '0778317896', 'OWNER', 'VERIFIED', 0, 0);
INSERT INTO business (id, owner_id, name, country, pharmacode, status, type, currency, test, address) VALUES (1853, 3201, 'DAM CARE PHARMACEUTICALS LIMITED (Nairobi)', 'KENYA', 'PPB/D/2253', 'VERIFIED', 'PHARMACY', 'KES', 1, 'MWANGAZA ROAD');
INSERT INTO branch (id, name, address, main, business_id) VALUES (1951, 'Main Branch', 'MWANGAZA ROAD', 0, 1853);
INSERT INTO users (id, first_name, last_name, email, password, phone, user_type, status, mail_verified, phone_verified) VALUES (3202, 'Zachary', 'Mukhisa', 'dpnair@gmail.com', '$argon2i$v=19$m=16,t=2,p=1$bGFiVFNkNkl6YldhMEZ2Mg$KoO4yuR++bGwD7EviELL+Q', '0774196074', 'OWNER', 'VERIFIED', 0, 0);
INSERT INTO business (id, owner_id, name, country, pharmacode, status, type, currency, test, address) VALUES (1854, 3202, 'DAMCO PHARMA LIMITED (Nairobi)', 'KENYA', 'PPB/D/076', 'VERIFIED', 'PHARMACY', 'KES', 1, 'KOINANGE STREET');
INSERT INTO branch (id, name, address, main, business_id) VALUES (1952, 'Main Branch', 'KOINANGE STREET', 0, 1854);
INSERT INTO users (id, first_name, last_name, email, password, phone, user_type, status, mail_verified, phone_verified) VALUES (3203, 'Sarah', 'Ochieng', 'sarah@gmail.com', '$argon2i$v=19$m=16,t=2,p=1$bGFiVFNkNkl6YldhMEZ2Mg$KoO4yuR++bGwD7EviELL+Q', '0758443653', 'OWNER', 'VERIFIED', 0, 0);
INSERT INTO business (id, owner_id, name, country, pharmacode, status, type, currency, test, address) VALUES (1855, 3203, 'DAMUKU PHARMACEUTICALS LTD (Nairobi)', 'KENYA', 'PPB/D/2220', 'VERIFIED', 'PHARMACY', 'KES', 1, 'KANGUNDO RD');
INSERT INTO branch (id, name, address, main, business_id) VALUES (1953, 'Main Branch', 'KANGUNDO RD', 0, 1855);
INSERT INTO users (id, first_name, last_name, email, password, phone, user_type, status, mail_verified, phone_verified) VALUES (3204, 'Sarah', 'Koech', 'sarah70@yahoo.com', '$argon2i$v=19$m=16,t=2,p=1$bGFiVFNkNkl6YldhMEZ2Mg$KoO4yuR++bGwD7EviELL+Q', '0773752881', 'OWNER', 'VERIFIED', 0, 0);
INSERT INTO business (id, owner_id, name, country, pharmacode, status, type, currency, test, address) VALUES (1856, 3204, 'DAN PHARMACIE LIMITED-KANGEMI (Nairobi)', 'KENYA', 'PPB/D/2215', 'VERIFIED', 'PHARMACY', 'KES', 1, 'WAIYAKI WAY');
INSERT INTO branch (id, name, address, main, business_id) VALUES (1954, 'Main Branch', 'WAIYAKI WAY', 0, 1856);
INSERT INTO users (id, first_name, last_name, email, password, phone, user_type, status, mail_verified, phone_verified) VALUES (3205, 'Abraham', 'Mutua', 'abrahamr@gmail.com', '$argon2i$v=19$m=16,t=2,p=1$bGFiVFNkNkl6YldhMEZ2Mg$KoO4yuR++bGwD7EviELL+Q', '0756646116', 'OWNER', 'VERIFIED', 0, 0);
INSERT INTO business (id, owner_id, name, country, pharmacode, status, type, currency, test, address) VALUES (1857, 3205, 'DANCHEM PHARMACY LIMITED - NAIROBI CBD (Nairobi)', 'KENYA', 'PPB/D/48', 'VERIFIED', 'PHARMACY', 'KES', 1, 'DURUMA ROAD');
INSERT INTO branch (id, name, address, main, business_id) VALUES (1955, 'Main Branch', 'DURUMA ROAD', 0, 1857);
INSERT INTO users (id, first_name, last_name, email, password, phone, user_type, status, mail_verified, phone_verified) VALUES (3206, 'Esther', 'Nanjala', 'esther@yahoo.com', '$argon2i$v=19$m=16,t=2,p=1$bGFiVFNkNkl6YldhMEZ2Mg$KoO4yuR++bGwD7EviELL+Q', '0798616158', 'OWNER', 'VERIFIED', 0, 0);
INSERT INTO business (id, owner_id, name, country, pharmacode, status, type, currency, test, address) VALUES (1858, 3206, 'DANNES PHARMACY LTD - UTAWALA (Nairobi)', 'KENYA', 'PPB/D/065 C', 'VERIFIED', 'PHARMACY', 'KES', 1, 'UTAWALA RD');
INSERT INTO branch (id, name, address, main, business_id) VALUES (1956, 'Main Branch', 'UTAWALA RD', 0, 1858);
INSERT INTO users (id, first_name, last_name, email, password, phone, user_type, status, mail_verified, phone_verified) VALUES (3207, 'Sarah', 'Mochoge', 'dpnair@gmail.com', '$argon2i$v=19$m=16,t=2,p=1$bGFiVFNkNkl6YldhMEZ2Mg$KoO4yuR++bGwD7EviELL+Q', '0760817465', 'OWNER', 'VERIFIED', 0, 0);
INSERT INTO business (id, owner_id, name, country, pharmacode, status, type, currency, test, address) VALUES (1859, 3207, 'DANTON PHARMACY LTD  (Nairobi)', 'KENYA', 'PPB/D/2256', 'VERIFIED', 'PHARMACY', 'KES', 1, 'EMBAKASI ROAD/BY PASS');
INSERT INTO branch (id, name, address, main, business_id) VALUES (1957, 'Main Branch', 'EMBAKASI ROAD/BY PASS', 0, 1859);
INSERT INTO users (id, first_name, last_name, email, password, phone, user_type, status, mail_verified, phone_verified) VALUES (3208, 'Adam', 'Mudavadi', 'dpnair@yahoo.com', '$argon2i$v=19$m=16,t=2,p=1$bGFiVFNkNkl6YldhMEZ2Mg$KoO4yuR++bGwD7EviELL+Q', '0754177712', 'OWNER', 'VERIFIED', 0, 0);
INSERT INTO business (id, owner_id, name, country, pharmacode, status, type, currency, test, address) VALUES (1860, 3208, 'DARLHA PHARMACY (Nairobi)', 'KENYA', 'PPB/D/2278', 'VERIFIED', 'PHARMACY', 'KES', 1, 'THOME MARURUI ROAD');
INSERT INTO branch (id, name, address, main, business_id) VALUES (1958, 'Main Branch', 'THOME MARURUI ROAD', 0, 1860);
INSERT INTO users (id, first_name, last_name, email, password, phone, user_type, status, mail_verified, phone_verified) VALUES (3209, 'Reuben', 'Ouma', 'dcnair@yahoo.com', '$argon2i$v=19$m=16,t=2,p=1$bGFiVFNkNkl6YldhMEZ2Mg$KoO4yuR++bGwD7EviELL+Q', '0765330736', 'OWNER', 'VERIFIED', 0, 0);
INSERT INTO business (id, owner_id, name, country, pharmacode, status, type, currency, test, address) VALUES (1861, 3209, 'DARNOPHARM CHEMIST (Nairobi)', 'KENYA', 'PPB/D/2128', 'VERIFIED', 'PHARMACY', 'KES', 1, 'KAMUNDE ROAD');
INSERT INTO branch (id, name, address, main, business_id) VALUES (1959, 'Main Branch', 'KAMUNDE ROAD', 0, 1861);
INSERT INTO users (id, first_name, last_name, email, password, phone, user_type, status, mail_verified, phone_verified) VALUES (3210, 'Zachary', 'Lusaka', 'zachary@yahoo.com', '$argon2i$v=19$m=16,t=2,p=1$bGFiVFNkNkl6YldhMEZ2Mg$KoO4yuR++bGwD7EviELL+Q', '0723111256', 'OWNER', 'VERIFIED', 0, 0);
INSERT INTO business (id, owner_id, name, country, pharmacode, status, type, currency, test, address) VALUES (1862, 3210, 'DAROMA CHEMIST (Nairobi)', 'KENYA', 'PPB/D/2123', 'VERIFIED', 'PHARMACY', 'KES', 1, 'LANDHIES ROAD');
INSERT INTO branch (id, name, address, main, business_id) VALUES (1960, 'Main Branch', 'LANDHIES ROAD', 0, 1862);
INSERT INTO users (id, first_name, last_name, email, password, phone, user_type, status, mail_verified, phone_verified) VALUES (3211, 'Miriam', 'Odinga', 'dcnair@yahoo.com', '$argon2i$v=19$m=16,t=2,p=1$bGFiVFNkNkl6YldhMEZ2Mg$KoO4yuR++bGwD7EviELL+Q', '0710328221', 'OWNER', 'VERIFIED', 0, 0);
INSERT INTO business (id, owner_id, name, country, pharmacode, status, type, currency, test, address) VALUES (1863, 3211, 'DASAE CHEMIST (Nairobi)', 'KENYA', 'PPB/D/248', 'VERIFIED', 'PHARMACY', 'KES', 1, 'KIKUYU');
INSERT INTO branch (id, name, address, main, business_id) VALUES (1961, 'Main Branch', 'KIKUYU', 0, 1863);
INSERT INTO users (id, first_name, last_name, email, password, phone, user_type, status, mail_verified, phone_verified) VALUES (3212, 'Ruth', 'Ruto', 'ruth@gmail.com', '$argon2i$v=19$m=16,t=2,p=1$bGFiVFNkNkl6YldhMEZ2Mg$KoO4yuR++bGwD7EviELL+Q', '0754530791', 'OWNER', 'VERIFIED', 0, 0);
INSERT INTO business (id, owner_id, name, country, pharmacode, status, type, currency, test, address) VALUES (1864, 3212, 'DATCHE PHARMACEUTICALS (Nairobi)', 'KENYA', 'PPB/D/197', 'VERIFIED', 'PHARMACY', 'KES', 1, 'SAVANNA ROAD');
INSERT INTO branch (id, name, address, main, business_id) VALUES (1962, 'Main Branch', 'SAVANNA ROAD', 0, 1864);
INSERT INTO users (id, first_name, last_name, email, password, phone, user_type, status, mail_verified, phone_verified) VALUES (3213, 'Ethan', 'Mwanzia', 'ethan@gmail.com', '$argon2i$v=19$m=16,t=2,p=1$bGFiVFNkNkl6YldhMEZ2Mg$KoO4yuR++bGwD7EviELL+Q', '0744478066', 'OWNER', 'VERIFIED', 0, 0);
INSERT INTO business (id, owner_id, name, country, pharmacode, status, type, currency, test, address) VALUES (1865, 3213, 'DAVRY PHARMACEUTICALS (Nairobi)', 'KENYA', 'PPB/D/062', 'VERIFIED', 'PHARMACY', 'KES', 1, 'GITANGA ROAD');
INSERT INTO branch (id, name, address, main, business_id) VALUES (1963, 'Main Branch', 'GITANGA ROAD', 0, 1865);
INSERT INTO users (id, first_name, last_name, email, password, phone, user_type, status, mail_verified, phone_verified) VALUES (3214, 'Seth', 'Chebet', 'dpnair@yahoo.com', '$argon2i$v=19$m=16,t=2,p=1$bGFiVFNkNkl6YldhMEZ2Mg$KoO4yuR++bGwD7EviELL+Q', '0748067410', 'OWNER', 'VERIFIED', 0, 0);
INSERT INTO business (id, owner_id, name, country, pharmacode, status, type, currency, test, address) VALUES (1866, 3214, 'DAYAH PHARMACEUTICALS LTD (Nairobi)', 'KENYA', 'PPB/M/8504', 'VERIFIED', 'PHARMACY', 'KES', 1, 'WOOD STREET');
INSERT INTO branch (id, name, address, main, business_id) VALUES (1964, 'Main Branch', 'WOOD STREET', 0, 1866);
INSERT INTO users (id, first_name, last_name, email, password, phone, user_type, status, mail_verified, phone_verified) VALUES (3215, 'Phoebe', 'Wekesa', 'phoebe@yahoo.com', '$argon2i$v=19$m=16,t=2,p=1$bGFiVFNkNkl6YldhMEZ2Mg$KoO4yuR++bGwD7EviELL+Q', '0774277150', 'OWNER', 'VERIFIED', 0, 0);
INSERT INTO business (id, owner_id, name, country, pharmacode, status, type, currency, test, address) VALUES (1867, 3215, 'DEFINO PHARMACY (Nairobi)', 'KENYA', 'PPB/D/2171', 'VERIFIED', 'PHARMACY', 'KES', 1, 'OFF JUJA ROAD');
INSERT INTO branch (id, name, address, main, business_id) VALUES (1965, 'Main Branch', 'OFF JUJA ROAD', 0, 1867);
INSERT INTO users (id, first_name, last_name, email, password, phone, user_type, status, mail_verified, phone_verified) VALUES (3216, 'Rachel', 'Odinga', 'dcchem@yahoo.com', '$argon2i$v=19$m=16,t=2,p=1$bGFiVFNkNkl6YldhMEZ2Mg$KoO4yuR++bGwD7EviELL+Q', '0718588630', 'OWNER', 'VERIFIED', 0, 0);
INSERT INTO business (id, owner_id, name, country, pharmacode, status, type, currency, test, address) VALUES (1868, 3216, 'DELAM CHEMIST', 'KENYA', 'PPB/D/3241', 'VERIFIED', 'PHARMACY', 'KES', 1, 'NAIROBI KISERIAN ROAD');
INSERT INTO branch (id, name, address, main, business_id) VALUES (1966, 'Main Branch', 'NAIROBI KISERIAN ROAD', 0, 1868);
INSERT INTO users (id, first_name, last_name, email, password, phone, user_type, status, mail_verified, phone_verified) VALUES (3217, 'Nathan', 'Wangari', 'nathan@yahoo.com', '$argon2i$v=19$m=16,t=2,p=1$bGFiVFNkNkl6YldhMEZ2Mg$KoO4yuR++bGwD7EviELL+Q', '0725835103', 'OWNER', 'VERIFIED', 0, 0);
INSERT INTO business (id, owner_id, name, country, pharmacode, status, type, currency, test, address) VALUES (1869, 3217, 'DELCHEM PHARMACY (Nairobi)', 'KENYA', 'PPB/D/2307', 'VERIFIED', 'PHARMACY', 'KES', 1, 'KIBARAGE');
INSERT INTO branch (id, name, address, main, business_id) VALUES (1967, 'Main Branch', 'KIBARAGE', 0, 1869);
INSERT INTO users (id, first_name, last_name, email, password, phone, user_type, status, mail_verified, phone_verified) VALUES (3218, 'Samuel', 'Ngugi', 'samuelr@yahoo.com', '$argon2i$v=19$m=16,t=2,p=1$bGFiVFNkNkl6YldhMEZ2Mg$KoO4yuR++bGwD7EviELL+Q', '0716805808', 'OWNER', 'VERIFIED', 0, 0);
INSERT INTO business (id, owner_id, name, country, pharmacode, status, type, currency, test, address) VALUES (1870, 3218, 'DELTON PHARMACEUTICAL LIMITED (Nairobi)', 'KENYA', 'PPB/D/2143', 'VERIFIED', 'PHARMACY', 'KES', 1, 'RABAI ROAD');
INSERT INTO branch (id, name, address, main, business_id) VALUES (1968, 'Main Branch', 'RABAI ROAD', 0, 1870);
INSERT INTO users (id, first_name, last_name, email, password, phone, user_type, status, mail_verified, phone_verified) VALUES (3219, 'Ruth', 'Marube', 'dcnair@gmail.com', '$argon2i$v=19$m=16,t=2,p=1$bGFiVFNkNkl6YldhMEZ2Mg$KoO4yuR++bGwD7EviELL+Q', '0748953050', 'OWNER', 'VERIFIED', 0, 0);
INSERT INTO business (id, owner_id, name, country, pharmacode, status, type, currency, test, address) VALUES (1871, 3219, 'DENSON CHEMIST (Nairobi)', 'KENYA', 'PPB/D/2224', 'VERIFIED', 'PHARMACY', 'KES', 1, 'VILLAGE STREET');
INSERT INTO branch (id, name, address, main, business_id) VALUES (1969, 'Main Branch', 'VILLAGE STREET', 0, 1871);
INSERT INTO users (id, first_name, last_name, email, password, phone, user_type, status, mail_verified, phone_verified) VALUES (3220, 'Abraham', 'Gichuru', 'denair@gmail.com', '$argon2i$v=19$m=16,t=2,p=1$bGFiVFNkNkl6YldhMEZ2Mg$KoO4yuR++bGwD7EviELL+Q', '0727429475', 'OWNER', 'VERIFIED', 0, 0);
INSERT INTO business (id, owner_id, name, country, pharmacode, status, type, currency, test, address) VALUES (1872, 3220, 'DEVAS EXPRESS CHEMIST (Nairobi)', 'KENYA', 'PPB/D/2282', 'VERIFIED', 'PHARMACY', 'KES', 1, 'MONDLANE STREET');
INSERT INTO branch (id, name, address, main, business_id) VALUES (1970, 'Main Branch', 'MONDLANE STREET', 0, 1872);
INSERT INTO users (id, first_name, last_name, email, password, phone, user_type, status, mail_verified, phone_verified) VALUES (3221, 'Jacob', 'Mutua', 'dpnair@yahoo.com', '$argon2i$v=19$m=16,t=2,p=1$bGFiVFNkNkl6YldhMEZ2Mg$KoO4yuR++bGwD7EviELL+Q', '0722278165', 'OWNER', 'VERIFIED', 0, 0);
INSERT INTO business (id, owner_id, name, country, pharmacode, status, type, currency, test, address) VALUES (1873, 3221, 'DEVINS PHARMACY (Nairobi)', 'KENYA', 'PPB/D/240', 'VERIFIED', 'PHARMACY', 'KES', 1, 'BYPASS');
INSERT INTO branch (id, name, address, main, business_id) VALUES (1971, 'Main Branch', 'BYPASS', 0, 1873);
INSERT INTO users (id, first_name, last_name, email, password, phone, user_type, status, mail_verified, phone_verified) VALUES (3222, 'David', 'Machogu', 'dknair@gmail.com', '$argon2i$v=19$m=16,t=2,p=1$bGFiVFNkNkl6YldhMEZ2Mg$KoO4yuR++bGwD7EviELL+Q', '0776990932', 'OWNER', 'VERIFIED', 0, 0);
INSERT INTO business (id, owner_id, name, country, pharmacode, status, type, currency, test, address) VALUES (1874, 3222, 'DEWMED KENYA LIMITED (Nairobi)', 'KENYA', 'PPB/D/2180', 'VERIFIED', 'PHARMACY', 'KES', 1, 'OUTERING ROAD');
INSERT INTO branch (id, name, address, main, business_id) VALUES (1972, 'Main Branch', 'OUTERING ROAD', 0, 1874);
INSERT INTO users (id, first_name, last_name, email, password, phone, user_type, status, mail_verified, phone_verified) VALUES (3223, 'Priscilla', 'Kipruto', 'dmnair@yahoo.com', '$argon2i$v=19$m=16,t=2,p=1$bGFiVFNkNkl6YldhMEZ2Mg$KoO4yuR++bGwD7EviELL+Q', '0733326351', 'OWNER', 'VERIFIED', 0, 0);
INSERT INTO business (id, owner_id, name, country, pharmacode, status, type, currency, test, address) VALUES (1875, 3223, 'DIABETES MANAGEMENT RESOURCE CENTRE KENYA LIMITED (Nairobi)', 'KENYA', 'PPB/D/2242', 'VERIFIED', 'PHARMACY', 'KES', 1, 'NGARA');
INSERT INTO branch (id, name, address, main, business_id) VALUES (1973, 'Main Branch', 'NGARA', 0, 1875);
INSERT INTO users (id, first_name, last_name, email, password, phone, user_type, status, mail_verified, phone_verified) VALUES (3224, 'Deborah', 'Wainaina', 'dpnair@yahoo.com', '$argon2i$v=19$m=16,t=2,p=1$bGFiVFNkNkl6YldhMEZ2Mg$KoO4yuR++bGwD7EviELL+Q', '0726517874', 'OWNER', 'VERIFIED', 0, 0);
INSERT INTO business (id, owner_id, name, country, pharmacode, status, type, currency, test, address) VALUES (1876, 3224, 'DIAMED PHARMACEUTICALS (Nairobi)', 'KENYA', 'PPB/D/2280', 'VERIFIED', 'PHARMACY', 'KES', 1, 'WAUDO');
INSERT INTO branch (id, name, address, main, business_id) VALUES (1974, 'Main Branch', 'WAUDO', 0, 1876);
INSERT INTO users (id, first_name, last_name, email, password, phone, user_type, status, mail_verified, phone_verified) VALUES (3225, 'Micah', 'Kivutha', 'micahr@yahoo.com', '$argon2i$v=19$m=16,t=2,p=1$bGFiVFNkNkl6YldhMEZ2Mg$KoO4yuR++bGwD7EviELL+Q', '0773632118', 'OWNER', 'VERIFIED', 0, 0);
INSERT INTO business (id, owner_id, name, country, pharmacode, status, type, currency, test, address) VALUES (1877, 3225, 'DIGFER PHARMACY (Nairobi)', 'KENYA', 'PPB/D/2283', 'VERIFIED', 'PHARMACY', 'KES', 1, 'KIRONGOTHI');
INSERT INTO branch (id, name, address, main, business_id) VALUES (1975, 'Main Branch', 'KIRONGOTHI', 0, 1877);
INSERT INTO users (id, first_name, last_name, email, password, phone, user_type, status, mail_verified, phone_verified) VALUES (3226, 'Caleb', 'Monyancha', 'dpnair@yahoo.com', '$argon2i$v=19$m=16,t=2,p=1$bGFiVFNkNkl6YldhMEZ2Mg$KoO4yuR++bGwD7EviELL+Q', '0769950228', 'OWNER', 'VERIFIED', 0, 0);
INSERT INTO business (id, owner_id, name, country, pharmacode, status, type, currency, test, address) VALUES (1878, 3226, 'DILABIT PHARMACY LTD-MLOLONGO (Nairobi)', 'KENYA', 'PPB/D/318', 'VERIFIED', 'PHARMACY', 'KES', 1, 'OUTERING');
INSERT INTO branch (id, name, address, main, business_id) VALUES (1976, 'Main Branch', 'OUTERING', 0, 1878);
INSERT INTO users (id, first_name, last_name, email, password, phone, user_type, status, mail_verified, phone_verified) VALUES (3227, 'Phoebe', 'Odhiambo', 'dpnair@yahoo.com', '$argon2i$v=19$m=16,t=2,p=1$bGFiVFNkNkl6YldhMEZ2Mg$KoO4yuR++bGwD7EviELL+Q', '0783285940', 'OWNER', 'VERIFIED', 0, 0);
INSERT INTO business (id, owner_id, name, country, pharmacode, status, type, currency, test, address) VALUES (1879, 3227, 'DINE PHARMACEUTICALS (Nairobi)', 'KENYA', 'PPB/D/', 'VERIFIED', 'PHARMACY', 'KES', 1, 'KANISANI ROAD');
INSERT INTO branch (id, name, address, main, business_id) VALUES (1977, 'Main Branch', 'KANISANI ROAD', 0, 1879);
INSERT INTO users (id, first_name, last_name, email, password, phone, user_type, status, mail_verified, phone_verified) VALUES (3228, 'Solomon', 'Lusaka', 'solomon@yahoo.com', '$argon2i$v=19$m=16,t=2,p=1$bGFiVFNkNkl6YldhMEZ2Mg$KoO4yuR++bGwD7EviELL+Q', '0769623450', 'OWNER', 'VERIFIED', 0, 0);
INSERT INTO business (id, owner_id, name, country, pharmacode, status, type, currency, test, address) VALUES (1880, 3228, 'DINGA PHARMACY (Nairobi)', 'KENYA', 'PPB/D/2250', 'VERIFIED', 'PHARMACY', 'KES', 1, 'NEW KCC');
INSERT INTO branch (id, name, address, main, business_id) VALUES (1978, 'Main Branch', 'NEW KCC', 0, 1880);
INSERT INTO users (id, first_name, last_name, email, password, phone, user_type, status, mail_verified, phone_verified) VALUES (3229, 'Seth', 'Ouko', 'seth49@yahoo.com', '$argon2i$v=19$m=16,t=2,p=1$bGFiVFNkNkl6YldhMEZ2Mg$KoO4yuR++bGwD7EviELL+Q', '0744371082', 'OWNER', 'VERIFIED', 0, 0);
INSERT INTO business (id, owner_id, name, country, pharmacode, status, type, currency, test, address) VALUES (1881, 3229, 'DIPLOMAT MEDICAL SUPPLIES (Nairobi)', 'KENYA', 'PPB/D/2316', 'VERIFIED', 'PHARMACY', 'KES', 1, 'TSAVO ROAD');
INSERT INTO branch (id, name, address, main, business_id) VALUES (1979, 'Main Branch', 'TSAVO ROAD', 0, 1881);
INSERT INTO users (id, first_name, last_name, email, password, phone, user_type, status, mail_verified, phone_verified) VALUES (3230, 'Esther', 'Mwanzia', 'dpnair@yahoo.com', '$argon2i$v=19$m=16,t=2,p=1$bGFiVFNkNkl6YldhMEZ2Mg$KoO4yuR++bGwD7EviELL+Q', '0770298573', 'OWNER', 'VERIFIED', 0, 0);
INSERT INTO business (id, owner_id, name, country, pharmacode, status, type, currency, test, address) VALUES (1882, 3230, 'DISHCHEM PHARMACY (Nairobi)', 'KENYA', 'PPB/D/176', 'VERIFIED', 'PHARMACY', 'KES', 1, 'SABA SABA RD');
INSERT INTO branch (id, name, address, main, business_id) VALUES (1980, 'Main Branch', 'SABA SABA RD', 0, 1882);
INSERT INTO users (id, first_name, last_name, email, password, phone, user_type, status, mail_verified, phone_verified) VALUES (3231, 'Seth', 'Nanjala', 'dgphar@yahoo.com', '$argon2i$v=19$m=16,t=2,p=1$bGFiVFNkNkl6YldhMEZ2Mg$KoO4yuR++bGwD7EviELL+Q', '0713525323', 'OWNER', 'VERIFIED', 0, 0);
INSERT INTO business (id, owner_id, name, country, pharmacode, status, type, currency, test, address) VALUES (1883, 3231, 'DIVINE GRACE PHARMACY', 'KENYA', 'PPB/D/3306', 'VERIFIED', 'PHARMACY', 'KES', 1, 'MERU/NAIROBI HIGHWAY');
INSERT INTO branch (id, name, address, main, business_id) VALUES (1981, 'Main Branch', 'MERU/NAIROBI HIGHWAY', 0, 1883);
INSERT INTO users (id, first_name, last_name, email, password, phone, user_type, status, mail_verified, phone_verified) VALUES (3232, 'Delilah', 'Wanyama', 'delilah@gmail.com', '$argon2i$v=19$m=16,t=2,p=1$bGFiVFNkNkl6YldhMEZ2Mg$KoO4yuR++bGwD7EviELL+Q', '0796726032', 'OWNER', 'VERIFIED', 0, 0);
INSERT INTO business (id, owner_id, name, country, pharmacode, status, type, currency, test, address) VALUES (1884, 3232, 'DOC-CARE  VILLE PHARMACY LIMITED (Nairobi)', 'KENYA', 'PPB/D/2167', 'VERIFIED', 'PHARMACY', 'KES', 1, 'RONALD NGARA');
INSERT INTO branch (id, name, address, main, business_id) VALUES (1982, 'Main Branch', 'RONALD NGARA', 0, 1884);
INSERT INTO users (id, first_name, last_name, email, password, phone, user_type, status, mail_verified, phone_verified) VALUES (3233, 'Thaddeus', 'Mukhisa', 'dpnair@yahoo.com', '$argon2i$v=19$m=16,t=2,p=1$bGFiVFNkNkl6YldhMEZ2Mg$KoO4yuR++bGwD7EviELL+Q', '0741811516', 'OWNER', 'VERIFIED', 0, 0);
INSERT INTO business (id, owner_id, name, country, pharmacode, status, type, currency, test, address) VALUES (1885, 3233, 'DOCLINE PHARMACY LIMITED (Nairobi)', 'KENYA', 'PPB/D/2153', 'VERIFIED', 'PHARMACY', 'KES', 1, 'NAIVASHA ROAD');
INSERT INTO branch (id, name, address, main, business_id) VALUES (1983, 'Main Branch', 'NAIVASHA ROAD', 0, 1885);
INSERT INTO users (id, first_name, last_name, email, password, phone, user_type, status, mail_verified, phone_verified) VALUES (3234, 'Sarah', 'Okello', 'sarah@yahoo.com', '$argon2i$v=19$m=16,t=2,p=1$bGFiVFNkNkl6YldhMEZ2Mg$KoO4yuR++bGwD7EviELL+Q', '0746438402', 'OWNER', 'VERIFIED', 0, 0);
INSERT INTO business (id, owner_id, name, country, pharmacode, status, type, currency, test, address) VALUES (1886, 3234, 'DOCPHARMA LIMITED (Nairobi)', 'KENYA', 'PPB/D/2141', 'VERIFIED', 'PHARMACY', 'KES', 1, '3RD PARKLAND AVENUE');
INSERT INTO branch (id, name, address, main, business_id) VALUES (1984, 'Main Branch', '3RD PARKLAND AVENUE', 0, 1886);
INSERT INTO users (id, first_name, last_name, email, password, phone, user_type, status, mail_verified, phone_verified) VALUES (3235, 'Micah', 'Ongeri', 'micahr@yahoo.com', '$argon2i$v=19$m=16,t=2,p=1$bGFiVFNkNkl6YldhMEZ2Mg$KoO4yuR++bGwD7EviELL+Q', '0726982155', 'OWNER', 'VERIFIED', 0, 0);
INSERT INTO business (id, owner_id, name, country, pharmacode, status, type, currency, test, address) VALUES (1887, 3235, 'DOLLAR PHARMACY (Nairobi)', 'KENYA', 'PPB/D/191', 'VERIFIED', 'PHARMACY', 'KES', 1, 'KIPANGA ATHUMANI ROAD');
INSERT INTO branch (id, name, address, main, business_id) VALUES (1985, 'Main Branch', 'KIPANGA ATHUMANI ROAD', 0, 1887);
INSERT INTO users (id, first_name, last_name, email, password, phone, user_type, status, mail_verified, phone_verified) VALUES (3236, 'Luke', 'Mochoge', 'luke@yahoo.com', '$argon2i$v=19$m=16,t=2,p=1$bGFiVFNkNkl6YldhMEZ2Mg$KoO4yuR++bGwD7EviELL+Q', '0773705129', 'OWNER', 'VERIFIED', 0, 0);
INSERT INTO business (id, owner_id, name, country, pharmacode, status, type, currency, test, address) VALUES (1888, 3236, 'DOLMARK CHEMIST (Nairobi)', 'KENYA', 'PPB/D/2041', 'VERIFIED', 'PHARMACY', 'KES', 1, 'BUTECHI ROAD');
INSERT INTO branch (id, name, address, main, business_id) VALUES (1986, 'Main Branch', 'BUTECHI ROAD', 0, 1888);
INSERT INTO users (id, first_name, last_name, email, password, phone, user_type, status, mail_verified, phone_verified) VALUES (3237, 'Stephen', 'Muthama', 'stephen@gmail.com', '$argon2i$v=19$m=16,t=2,p=1$bGFiVFNkNkl6YldhMEZ2Mg$KoO4yuR++bGwD7EviELL+Q', '0788413775', 'OWNER', 'VERIFIED', 0, 0);
INSERT INTO business (id, owner_id, name, country, pharmacode, status, type, currency, test, address) VALUES (1889, 3237, 'DOMAIN CARE PHARMACY (Nairobi)', 'KENYA', 'PB/D/272', 'VERIFIED', 'PHARMACY', 'KES', 1, 'KAMITI ROAD');
INSERT INTO branch (id, name, address, main, business_id) VALUES (1987, 'Main Branch', 'KAMITI ROAD', 0, 1889);
INSERT INTO users (id, first_name, last_name, email, password, phone, user_type, status, mail_verified, phone_verified) VALUES (3238, 'Eve', 'Nanjala', 'dpnair@gmail.com', '$argon2i$v=19$m=16,t=2,p=1$bGFiVFNkNkl6YldhMEZ2Mg$KoO4yuR++bGwD7EviELL+Q', '0761769460', 'OWNER', 'VERIFIED', 0, 0);
INSERT INTO business (id, owner_id, name, country, pharmacode, status, type, currency, test, address) VALUES (1890, 3238, 'DOMIL PHARMACEUTICALS (Nairobi)', 'KENYA', 'PPB/D/2050', 'VERIFIED', 'PHARMACY', 'KES', 1, 'EMBAKASI ROAD');
INSERT INTO branch (id, name, address, main, business_id) VALUES (1988, 'Main Branch', 'EMBAKASI ROAD', 0, 1890);
INSERT INTO users (id, first_name, last_name, email, password, phone, user_type, status, mail_verified, phone_verified) VALUES (3239, 'Miriam', 'Onyango', 'dpnair@gmail.com', '$argon2i$v=19$m=16,t=2,p=1$bGFiVFNkNkl6YldhMEZ2Mg$KoO4yuR++bGwD7EviELL+Q', '0743232546', 'OWNER', 'VERIFIED', 0, 0);
INSERT INTO business (id, owner_id, name, country, pharmacode, status, type, currency, test, address) VALUES (1891, 3239, 'DONHOLM POLEPOLE PHARMACY (Nairobi)', 'KENYA', 'PPB/D/088', 'VERIFIED', 'PHARMACY', 'KES', 1, 'OFF OUTERING ROAD');
INSERT INTO branch (id, name, address, main, business_id) VALUES (1989, 'Main Branch', 'OFF OUTERING ROAD', 0, 1891);
INSERT INTO users (id, first_name, last_name, email, password, phone, user_type, status, mail_verified, phone_verified) VALUES (3240, 'Adam', 'Ongeri', 'dpphar@yahoo.com', '$argon2i$v=19$m=16,t=2,p=1$bGFiVFNkNkl6YldhMEZ2Mg$KoO4yuR++bGwD7EviELL+Q', '0777496593', 'OWNER', 'VERIFIED', 0, 0);
INSERT INTO business (id, owner_id, name, country, pharmacode, status, type, currency, test, address) VALUES (1892, 3240, 'DORADAWA PHARMACY', 'KENYA', 'PPB/D/3322', 'VERIFIED', 'PHARMACY', 'KES', 1, 'KISUMU-NAIROBI ROAD');
INSERT INTO branch (id, name, address, main, business_id) VALUES (1990, 'Main Branch', 'KISUMU-NAIROBI ROAD', 0, 1892);
INSERT INTO users (id, first_name, last_name, email, password, phone, user_type, status, mail_verified, phone_verified) VALUES (3241, 'Titus', 'Ratemo', 'titus@yahoo.com', '$argon2i$v=19$m=16,t=2,p=1$bGFiVFNkNkl6YldhMEZ2Mg$KoO4yuR++bGwD7EviELL+Q', '0781651397', 'OWNER', 'VERIFIED', 0, 0);
INSERT INTO business (id, owner_id, name, country, pharmacode, status, type, currency, test, address) VALUES (1893, 3241, 'DOVEY  PHARMA LTD-WESTLANDS (Nairobi)', 'KENYA', 'PPB/D/175', 'VERIFIED', 'PHARMACY', 'KES', 1, 'RINGROAD');
INSERT INTO branch (id, name, address, main, business_id) VALUES (1991, 'Main Branch', 'RINGROAD', 0, 1893);
INSERT INTO users (id, first_name, last_name, email, password, phone, user_type, status, mail_verified, phone_verified) VALUES (3242, 'Rebekah', 'Ouko', 'dpnair@yahoo.com', '$argon2i$v=19$m=16,t=2,p=1$bGFiVFNkNkl6YldhMEZ2Mg$KoO4yuR++bGwD7EviELL+Q', '0780262599', 'OWNER', 'VERIFIED', 0, 0);
INSERT INTO business (id, owner_id, name, country, pharmacode, status, type, currency, test, address) VALUES (1894, 3242, 'DOVEY PHARMA LIMITED - CITY HALL (Nairobi)', 'KENYA', 'PPB/D/2309', 'VERIFIED', 'PHARMACY', 'KES', 1, 'MAMA NGINA');
INSERT INTO branch (id, name, address, main, business_id) VALUES (1992, 'Main Branch', 'MAMA NGINA', 0, 1894);
INSERT INTO users (id, first_name, last_name, email, password, phone, user_type, status, mail_verified, phone_verified) VALUES (3243, 'Michael', 'Kariuki', 'dpnair@gmail.com', '$argon2i$v=19$m=16,t=2,p=1$bGFiVFNkNkl6YldhMEZ2Mg$KoO4yuR++bGwD7EviELL+Q', '0796088039', 'OWNER', 'VERIFIED', 0, 0);
INSERT INTO business (id, owner_id, name, country, pharmacode, status, type, currency, test, address) VALUES (1895, 3243, 'DOVEY PHARMA LTD-KAREN (Nairobi)', 'KENYA', 'PPB/D/2162', 'VERIFIED', 'PHARMACY', 'KES', 1, 'RINGROAD');
INSERT INTO branch (id, name, address, main, business_id) VALUES (1993, 'Main Branch', 'RINGROAD', 0, 1895);
INSERT INTO users (id, first_name, last_name, email, password, phone, user_type, status, mail_verified, phone_verified) VALUES (3244, 'Stephen', 'Nanjala', 'dlnair@yahoo.com', '$argon2i$v=19$m=16,t=2,p=1$bGFiVFNkNkl6YldhMEZ2Mg$KoO4yuR++bGwD7EviELL+Q', '0743514348', 'OWNER', 'VERIFIED', 0, 0);
INSERT INTO business (id, owner_id, name, country, pharmacode, status, type, currency, test, address) VALUES (1896, 3244, 'DOVEYPHARMA LIMITED -LANGATA (Nairobi)', 'KENYA', 'PPB/D/174 \\\\\\''B\\\\\\''', 'VERIFIED', 'PHARMACY', 'KES', 1, 'LANGATA SHOPPING CENTRE');
INSERT INTO branch (id, name, address, main, business_id) VALUES (1994, 'Main Branch', 'LANGATA SHOPPING CENTRE', 0, 1896);
INSERT INTO users (id, first_name, last_name, email, password, phone, user_type, status, mail_verified, phone_verified) VALUES (3245, 'Solomon', 'Njoroge', 'dlnair@gmail.com', '$argon2i$v=19$m=16,t=2,p=1$bGFiVFNkNkl6YldhMEZ2Mg$KoO4yuR++bGwD7EviELL+Q', '0774569448', 'OWNER', 'VERIFIED', 0, 0);
INSERT INTO business (id, owner_id, name, country, pharmacode, status, type, currency, test, address) VALUES (1897, 3245, 'DOVEYPHARMA LIMITED-DENNIS PRITT (Nairobi)', 'KENYA', 'PPB/D/2033', 'VERIFIED', 'PHARMACY', 'KES', 1, 'DENNIS PRITT');
INSERT INTO branch (id, name, address, main, business_id) VALUES (1995, 'Main Branch', 'DENNIS PRITT', 0, 1897);
INSERT INTO users (id, first_name, last_name, email, password, phone, user_type, status, mail_verified, phone_verified) VALUES (3246, 'Mary', 'Kivutha', 'dlnair@gmail.com', '$argon2i$v=19$m=16,t=2,p=1$bGFiVFNkNkl6YldhMEZ2Mg$KoO4yuR++bGwD7EviELL+Q', '0774719344', 'OWNER', 'VERIFIED', 0, 0);
INSERT INTO business (id, owner_id, name, country, pharmacode, status, type, currency, test, address) VALUES (1898, 3246, 'DOVEYPHARMA LTD-JF CENTER LTD (Nairobi)', 'KENYA', 'PPB/D/2234', 'VERIFIED', 'PHARMACY', 'KES', 1, 'ARGWINGS KODHEK RD, NAIROBI');
INSERT INTO branch (id, name, address, main, business_id) VALUES (1996, 'Main Branch', 'ARGWINGS KODHEK RD, NAIROBI', 0, 1898);
INSERT INTO users (id, first_name, last_name, email, password, phone, user_type, status, mail_verified, phone_verified) VALUES (3247, 'Mark', 'Otieno', 'markr@gmail.com', '$argon2i$v=19$m=16,t=2,p=1$bGFiVFNkNkl6YldhMEZ2Mg$KoO4yuR++bGwD7EviELL+Q', '0745649782', 'OWNER', 'VERIFIED', 0, 0);
INSERT INTO business (id, owner_id, name, country, pharmacode, status, type, currency, test, address) VALUES (1899, 3247, 'DOVEYPHARMA LTD-KIMATHI HOUSE (Nairobi)', 'KENYA', 'PPB/D/2227', 'VERIFIED', 'PHARMACY', 'KES', 1, 'KIMATHI STREET');
INSERT INTO branch (id, name, address, main, business_id) VALUES (1997, 'Main Branch', 'KIMATHI STREET', 0, 1899);
INSERT INTO users (id, first_name, last_name, email, password, phone, user_type, status, mail_verified, phone_verified) VALUES (3248, 'Sarah', 'Musila', 'dnnair@gmail.com', '$argon2i$v=19$m=16,t=2,p=1$bGFiVFNkNkl6YldhMEZ2Mg$KoO4yuR++bGwD7EviELL+Q', '0794925099', 'OWNER', 'VERIFIED', 0, 0);
INSERT INTO business (id, owner_id, name, country, pharmacode, status, type, currency, test, address) VALUES (1900, 3248, 'DOVEYPHARMA-HOSPICE (Nairobi)', 'KENYA', 'PPB/D/3231', 'VERIFIED', 'PHARMACY', 'KES', 1, 'HOSPITAL ROAD');
INSERT INTO branch (id, name, address, main, business_id) VALUES (1998, 'Main Branch', 'HOSPITAL ROAD', 0, 1900);
INSERT INTO users (id, first_name, last_name, email, password, phone, user_type, status, mail_verified, phone_verified) VALUES (3249, 'Samuel', 'Ruto', 'dsnair@gmail.com', '$argon2i$v=19$m=16,t=2,p=1$bGFiVFNkNkl6YldhMEZ2Mg$KoO4yuR++bGwD7EviELL+Q', '0772843829', 'OWNER', 'VERIFIED', 0, 0);
INSERT INTO business (id, owner_id, name, country, pharmacode, status, type, currency, test, address) VALUES (1901, 3249, 'DOVEYPHARMA-RIVER SIDE (Nairobi)', 'KENYA', 'PPB/D/3232', 'VERIFIED', 'PHARMACY', 'KES', 1, 'RIVER SIDE DRIVE');
INSERT INTO branch (id, name, address, main, business_id) VALUES (1999, 'Main Branch', 'RIVER SIDE DRIVE', 0, 1901);
INSERT INTO users (id, first_name, last_name, email, password, phone, user_type, status, mail_verified, phone_verified) VALUES (3250, 'Miriam', 'Cheruiyot', 'miriam@gmail.com', '$argon2i$v=19$m=16,t=2,p=1$bGFiVFNkNkl6YldhMEZ2Mg$KoO4yuR++bGwD7EviELL+Q', '0737642095', 'OWNER', 'VERIFIED', 0, 0);
INSERT INTO business (id, owner_id, name, country, pharmacode, status, type, currency, test, address) VALUES (1902, 3250, 'DRAKE PHARMACEUTICALS-LOWER KABETE (Nairobi)', 'KENYA', 'PPB/D/2219', 'VERIFIED', 'PHARMACY', 'KES', 1, 'GITATHURU ROAD');
INSERT INTO branch (id, name, address, main, business_id) VALUES (2000, 'Main Branch', 'GITATHURU ROAD', 0, 1902);
INSERT INTO users (id, first_name, last_name, email, password, phone, user_type, status, mail_verified, phone_verified) VALUES (3251, 'Sarah', 'Cheruiyot', 'dnphar@yahoo.com', '$argon2i$v=19$m=16,t=2,p=1$bGFiVFNkNkl6YldhMEZ2Mg$KoO4yuR++bGwD7EviELL+Q', '0723376630', 'OWNER', 'VERIFIED', 0, 0);
INSERT INTO business (id, owner_id, name, country, pharmacode, status, type, currency, test, address) VALUES (1903, 3251, 'DRUG ''N'' DRIVE PHARMACY', 'KENYA', 'PPB/D/3271', 'VERIFIED', 'PHARMACY', 'KES', 1, 'NAKURU NAIROBI HIGHWAY');
INSERT INTO branch (id, name, address, main, business_id) VALUES (2001, 'Main Branch', 'NAKURU NAIROBI HIGHWAY', 0, 1903);
INSERT INTO users (id, first_name, last_name, email, password, phone, user_type, status, mail_verified, phone_verified) VALUES (3252, 'Abigail', 'Mutua', 'abigail@gmail.com', '$argon2i$v=19$m=16,t=2,p=1$bGFiVFNkNkl6YldhMEZ2Mg$KoO4yuR++bGwD7EviELL+Q', '0717033818', 'OWNER', 'VERIFIED', 0, 0);
INSERT INTO business (id, owner_id, name, country, pharmacode, status, type, currency, test, address) VALUES (1904, 3252, 'DRUG HUB CHEMIST (Nairobi)', 'KENYA', 'PPB/D/2306', 'VERIFIED', 'PHARMACY', 'KES', 1, 'THOME ROAD');
INSERT INTO branch (id, name, address, main, business_id) VALUES (2002, 'Main Branch', 'THOME ROAD', 0, 1904);
INSERT INTO users (id, first_name, last_name, email, password, phone, user_type, status, mail_verified, phone_verified) VALUES (3253, 'Deborah', 'Omari', 'deborah95@gmail.com', '$argon2i$v=19$m=16,t=2,p=1$bGFiVFNkNkl6YldhMEZ2Mg$KoO4yuR++bGwD7EviELL+Q', '0794096450', 'OWNER', 'VERIFIED', 0, 0);
INSERT INTO business (id, owner_id, name, country, pharmacode, status, type, currency, test, address) VALUES (1905, 3253, 'DRUGHILL PHARMACY (Nairobi)', 'KENYA', 'PPB/D/111', 'VERIFIED', 'PHARMACY', 'KES', 1, 'OFF THIKA ROAD');
INSERT INTO branch (id, name, address, main, business_id) VALUES (2003, 'Main Branch', 'OFF THIKA ROAD', 0, 1905);
INSERT INTO users (id, first_name, last_name, email, password, phone, user_type, status, mail_verified, phone_verified) VALUES (3254, 'Mark', 'Monyancha', 'mark64@yahoo.com', '$argon2i$v=19$m=16,t=2,p=1$bGFiVFNkNkl6YldhMEZ2Mg$KoO4yuR++bGwD7EviELL+Q', '0748300007', 'OWNER', 'VERIFIED', 0, 0);
INSERT INTO business (id, owner_id, name, country, pharmacode, status, type, currency, test, address) VALUES (1906, 3254, 'DUNISH SONKOR PHARMACEUTICAL LIMITED  (Nairobi)', 'KENYA', 'PPB/D/2314', 'VERIFIED', 'PHARMACY', 'KES', 1, 'SECOND AVENUE');
INSERT INTO branch (id, name, address, main, business_id) VALUES (2004, 'Main Branch', 'SECOND AVENUE', 0, 1906);
INSERT INTO users (id, first_name, last_name, email, password, phone, user_type, status, mail_verified, phone_verified) VALUES (3255, 'Timothy', 'Mwangi', 'dcnair@gmail.com', '$argon2i$v=19$m=16,t=2,p=1$bGFiVFNkNkl6YldhMEZ2Mg$KoO4yuR++bGwD7EviELL+Q', '0730072155', 'OWNER', 'VERIFIED', 0, 0);
INSERT INTO business (id, owner_id, name, country, pharmacode, status, type, currency, test, address) VALUES (1907, 3255, 'DURAHEAL CHEMIST (Nairobi)', 'KENYA', 'PPB/D/310', 'VERIFIED', 'PHARMACY', 'KES', 1, 'SECOND AVENUE');
INSERT INTO branch (id, name, address, main, business_id) VALUES (2005, 'Main Branch', 'SECOND AVENUE', 0, 1907);
INSERT INTO users (id, first_name, last_name, email, password, phone, user_type, status, mail_verified, phone_verified) VALUES (3256, 'Priscilla', 'Kivutha', 'esnair@yahoo.com', '$argon2i$v=19$m=16,t=2,p=1$bGFiVFNkNkl6YldhMEZ2Mg$KoO4yuR++bGwD7EviELL+Q', '0746904919', 'OWNER', 'VERIFIED', 0, 0);
INSERT INTO business (id, owner_id, name, country, pharmacode, status, type, currency, test, address) VALUES (1908, 3256, 'EAST STAR PHARMACY (Nairobi)', 'KENYA', 'PPB/E/1227', 'VERIFIED', 'PHARMACY', 'KES', 1, 'AGA KHAN WALK');
INSERT INTO branch (id, name, address, main, business_id) VALUES (2006, 'Main Branch', 'AGA KHAN WALK', 0, 1908);
INSERT INTO users (id, first_name, last_name, email, password, phone, user_type, status, mail_verified, phone_verified) VALUES (3257, 'Miriam', 'Odhiambo', 'miriam98@yahoo.com', '$argon2i$v=19$m=16,t=2,p=1$bGFiVFNkNkl6YldhMEZ2Mg$KoO4yuR++bGwD7EviELL+Q', '0759701270', 'OWNER', 'VERIFIED', 0, 0);
INSERT INTO business (id, owner_id, name, country, pharmacode, status, type, currency, test, address) VALUES (1909, 3257, 'EASTLINE PHARMACY  (Nairobi)', 'KENYA', 'PPB/E/1219', 'VERIFIED', 'PHARMACY', 'KES', 1, 'KASARANI-MWIKI');
INSERT INTO branch (id, name, address, main, business_id) VALUES (2007, 'Main Branch', 'KASARANI-MWIKI', 0, 1909);
INSERT INTO users (id, first_name, last_name, email, password, phone, user_type, status, mail_verified, phone_verified) VALUES (3258, 'Sarah', 'Lusaka', 'sarah@gmail.com', '$argon2i$v=19$m=16,t=2,p=1$bGFiVFNkNkl6YldhMEZ2Mg$KoO4yuR++bGwD7EviELL+Q', '0724517504', 'OWNER', 'VERIFIED', 0, 0);
INSERT INTO business (id, owner_id, name, country, pharmacode, status, type, currency, test, address) VALUES (1910, 3258, 'EASTON PHARMACEUTICALS LTD-MSA ROAD (Nairobi)', 'KENYA', 'PPB/E/76', 'VERIFIED', 'PHARMACY', 'KES', 1, 'MOMBASA RD');
INSERT INTO branch (id, name, address, main, business_id) VALUES (2008, 'Main Branch', 'MOMBASA RD', 0, 1910);
INSERT INTO users (id, first_name, last_name, email, password, phone, user_type, status, mail_verified, phone_verified) VALUES (3259, 'Sarah', 'Ouko', 'epnair@gmail.com', '$argon2i$v=19$m=16,t=2,p=1$bGFiVFNkNkl6YldhMEZ2Mg$KoO4yuR++bGwD7EviELL+Q', '0727053186', 'OWNER', 'VERIFIED', 0, 0);
INSERT INTO business (id, owner_id, name, country, pharmacode, status, type, currency, test, address) VALUES (1911, 3259, 'EBEN PHARMACEUTICALS LTD - MOI S DRIVE (Nairobi)', 'KENYA', 'PPB/T/276', 'VERIFIED', 'PHARMACY', 'KES', 1, 'MOI DRIVE ROAD');
INSERT INTO branch (id, name, address, main, business_id) VALUES (2009, 'Main Branch', 'MOI DRIVE ROAD', 0, 1911);
INSERT INTO users (id, first_name, last_name, email, password, phone, user_type, status, mail_verified, phone_verified) VALUES (3260, 'Michael', 'Muli', 'epnair@yahoo.com', '$argon2i$v=19$m=16,t=2,p=1$bGFiVFNkNkl6YldhMEZ2Mg$KoO4yuR++bGwD7EviELL+Q', '0772343222', 'OWNER', 'VERIFIED', 0, 0);
INSERT INTO business (id, owner_id, name, country, pharmacode, status, type, currency, test, address) VALUES (1912, 3260, 'EBEN PHARMACEUTICALS LTD -OUTERING ROAD (Nairobi)', 'KENYA', 'PPB/T/434', 'VERIFIED', 'PHARMACY', 'KES', 1, 'OUTERING ROAD');
INSERT INTO branch (id, name, address, main, business_id) VALUES (2010, 'Main Branch', 'OUTERING ROAD', 0, 1912);
INSERT INTO users (id, first_name, last_name, email, password, phone, user_type, status, mail_verified, phone_verified) VALUES (3261, 'Ethan', 'Kipruto', 'epnair@gmail.com', '$argon2i$v=19$m=16,t=2,p=1$bGFiVFNkNkl6YldhMEZ2Mg$KoO4yuR++bGwD7EviELL+Q', '0790402321', 'OWNER', 'VERIFIED', 0, 0);
INSERT INTO business (id, owner_id, name, country, pharmacode, status, type, currency, test, address) VALUES (1913, 3261, 'ECODRUGS PHARMACY LTD-OUTERING RD (Nairobi)', 'KENYA', 'PPB/E/134', 'VERIFIED', 'PHARMACY', 'KES', 1, 'OFF OUTERING ROAD');
INSERT INTO branch (id, name, address, main, business_id) VALUES (2011, 'Main Branch', 'OFF OUTERING ROAD', 0, 1913);
INSERT INTO users (id, first_name, last_name, email, password, phone, user_type, status, mail_verified, phone_verified) VALUES (3262, 'Leah', 'Shikuku', 'leah@yahoo.com', '$argon2i$v=19$m=16,t=2,p=1$bGFiVFNkNkl6YldhMEZ2Mg$KoO4yuR++bGwD7EviELL+Q', '0732701492', 'OWNER', 'VERIFIED', 0, 0);
INSERT INTO business (id, owner_id, name, country, pharmacode, status, type, currency, test, address) VALUES (1914, 3262, 'EDDIKAN PHARMACY LIMITED (Nairobi)', 'KENYA', 'PPB/E/1312', 'VERIFIED', 'PHARMACY', 'KES', 1, 'NGARA');
INSERT INTO branch (id, name, address, main, business_id) VALUES (2012, 'Main Branch', 'NGARA', 0, 1914);
INSERT INTO users (id, first_name, last_name, email, password, phone, user_type, status, mail_verified, phone_verified) VALUES (3263, 'Rachel', 'Ongeri', 'rachel@gmail.com', '$argon2i$v=19$m=16,t=2,p=1$bGFiVFNkNkl6YldhMEZ2Mg$KoO4yuR++bGwD7EviELL+Q', '0770355565', 'OWNER', 'VERIFIED', 0, 0);
INSERT INTO business (id, owner_id, name, country, pharmacode, status, type, currency, test, address) VALUES (1915, 3263, 'EDGE PHARMACY (Nairobi)', 'KENYA', 'PPB/E/231', 'VERIFIED', 'PHARMACY', 'KES', 1, 'KANGUNDO RD');
INSERT INTO branch (id, name, address, main, business_id) VALUES (2013, 'Main Branch', 'KANGUNDO RD', 0, 1915);
INSERT INTO users (id, first_name, last_name, email, password, phone, user_type, status, mail_verified, phone_verified) VALUES (3264, 'Mary', 'Odhiambo', 'epnair@yahoo.com', '$argon2i$v=19$m=16,t=2,p=1$bGFiVFNkNkl6YldhMEZ2Mg$KoO4yuR++bGwD7EviELL+Q', '0776463481', 'OWNER', 'VERIFIED', 0, 0);
INSERT INTO business (id, owner_id, name, country, pharmacode, status, type, currency, test, address) VALUES (1916, 3264, 'EDIPHARM PHARMACEUTICALS (Nairobi)', 'KENYA', 'PPB/E/262', 'VERIFIED', 'PHARMACY', 'KES', 1, 'SOKONI ROAD');
INSERT INTO branch (id, name, address, main, business_id) VALUES (2014, 'Main Branch', 'SOKONI ROAD', 0, 1916);
INSERT INTO users (id, first_name, last_name, email, password, phone, user_type, status, mail_verified, phone_verified) VALUES (3265, 'Tabitha', 'Ngugi', 'tabitha9@yahoo.com', '$argon2i$v=19$m=16,t=2,p=1$bGFiVFNkNkl6YldhMEZ2Mg$KoO4yuR++bGwD7EviELL+Q', '0791502103', 'OWNER', 'VERIFIED', 0, 0);
INSERT INTO business (id, owner_id, name, country, pharmacode, status, type, currency, test, address) VALUES (1917, 3265, 'EDMA CHEMIST (Nairobi)', 'KENYA', 'PPB/E/289', 'VERIFIED', 'PHARMACY', 'KES', 1, 'ZIMMERMAN');
INSERT INTO branch (id, name, address, main, business_id) VALUES (2015, 'Main Branch', 'ZIMMERMAN', 0, 1917);
INSERT INTO users (id, first_name, last_name, email, password, phone, user_type, status, mail_verified, phone_verified) VALUES (3266, 'Paul', 'Wainaina', 'epnair@yahoo.com', '$argon2i$v=19$m=16,t=2,p=1$bGFiVFNkNkl6YldhMEZ2Mg$KoO4yuR++bGwD7EviELL+Q', '0772037632', 'OWNER', 'VERIFIED', 0, 0);
INSERT INTO business (id, owner_id, name, country, pharmacode, status, type, currency, test, address) VALUES (1918, 3266, 'EDTON PHARMA LTD (Nairobi)', 'KENYA', 'PPB/E/261', 'VERIFIED', 'PHARMACY', 'KES', 1, 'RACE COURSE RDQ');
INSERT INTO branch (id, name, address, main, business_id) VALUES (2016, 'Main Branch', 'RACE COURSE RDQ', 0, 1918);
INSERT INTO users (id, first_name, last_name, email, password, phone, user_type, status, mail_verified, phone_verified) VALUES (3267, 'Miriam', 'Koech', 'miriam@gmail.com', '$argon2i$v=19$m=16,t=2,p=1$bGFiVFNkNkl6YldhMEZ2Mg$KoO4yuR++bGwD7EviELL+Q', '0771326745', 'OWNER', 'VERIFIED', 0, 0);
INSERT INTO business (id, owner_id, name, country, pharmacode, status, type, currency, test, address) VALUES (1919, 3267, 'EDWEL CHEMIST (Nairobi)', 'KENYA', 'PPB/E/1266', 'VERIFIED', 'PHARMACY', 'KES', 1, 'MANYANJA ROAD');
INSERT INTO branch (id, name, address, main, business_id) VALUES (2017, 'Main Branch', 'MANYANJA ROAD', 0, 1919);
INSERT INTO users (id, first_name, last_name, email, password, phone, user_type, status, mail_verified, phone_verified) VALUES (3268, 'Rebekah', 'Ratemo', 'rebekah@gmail.com', '$argon2i$v=19$m=16,t=2,p=1$bGFiVFNkNkl6YldhMEZ2Mg$KoO4yuR++bGwD7EviELL+Q', '0765046601', 'OWNER', 'VERIFIED', 0, 0);
INSERT INTO business (id, owner_id, name, country, pharmacode, status, type, currency, test, address) VALUES (1920, 3268, 'EFAMA CHEMIST (Nairobi)', 'KENYA', 'PPB/E/1233', 'VERIFIED', 'PHARMACY', 'KES', 1, 'UMOJA 3 STREET');
INSERT INTO branch (id, name, address, main, business_id) VALUES (2018, 'Main Branch', 'UMOJA 3 STREET', 0, 1920);
INSERT INTO users (id, first_name, last_name, email, password, phone, user_type, status, mail_verified, phone_verified) VALUES (3269, 'Matthew', 'Kamau', 'matthewr@gmail.com', '$argon2i$v=19$m=16,t=2,p=1$bGFiVFNkNkl6YldhMEZ2Mg$KoO4yuR++bGwD7EviELL+Q', '0732371713', 'OWNER', 'VERIFIED', 0, 0);
INSERT INTO business (id, owner_id, name, country, pharmacode, status, type, currency, test, address) VALUES (1921, 3269, 'EFFICIENCY PHARMACY (Nairobi)', 'KENYA', 'PPB/E/1319', 'VERIFIED', 'PHARMACY', 'KES', 1, 'KAMITI ROAD');
INSERT INTO branch (id, name, address, main, business_id) VALUES (2019, 'Main Branch', 'KAMITI ROAD', 0, 1921);
INSERT INTO users (id, first_name, last_name, email, password, phone, user_type, status, mail_verified, phone_verified) VALUES (3270, 'Nathan', 'Marube', 'nathan@gmail.com', '$argon2i$v=19$m=16,t=2,p=1$bGFiVFNkNkl6YldhMEZ2Mg$KoO4yuR++bGwD7EviELL+Q', '0795854812', 'OWNER', 'VERIFIED', 0, 0);
INSERT INTO business (id, owner_id, name, country, pharmacode, status, type, currency, test, address) VALUES (1922, 3270, 'EGYPTIAN SPECIALIST MEDICAL CENTRE LIMITED (Nairobi)', 'KENYA', 'PPB/E/1480', 'VERIFIED', 'PHARMACY', 'KES', 1, '12TH STREET');
INSERT INTO branch (id, name, address, main, business_id) VALUES (2020, 'Main Branch', '12TH STREET', 0, 1922);
INSERT INTO users (id, first_name, last_name, email, password, phone, user_type, status, mail_verified, phone_verified) VALUES (3271, 'Paul', 'Kipchoge', 'ecnair@yahoo.com', '$argon2i$v=19$m=16,t=2,p=1$bGFiVFNkNkl6YldhMEZ2Mg$KoO4yuR++bGwD7EviELL+Q', '0721310873', 'OWNER', 'VERIFIED', 0, 0);
INSERT INTO business (id, owner_id, name, country, pharmacode, status, type, currency, test, address) VALUES (1923, 3271, 'EKERO CHEMIST (Nairobi)', 'KENYA', 'PPB/E/1221', 'VERIFIED', 'PHARMACY', 'KES', 1, 'KIBERA DRIVE');
INSERT INTO branch (id, name, address, main, business_id) VALUES (2021, 'Main Branch', 'KIBERA DRIVE', 0, 1923);
INSERT INTO users (id, first_name, last_name, email, password, phone, user_type, status, mail_verified, phone_verified) VALUES (3272, 'John', 'Wanjiru', 'epnair@gmail.com', '$argon2i$v=19$m=16,t=2,p=1$bGFiVFNkNkl6YldhMEZ2Mg$KoO4yuR++bGwD7EviELL+Q', '0765120276', 'OWNER', 'VERIFIED', 0, 0);
INSERT INTO business (id, owner_id, name, country, pharmacode, status, type, currency, test, address) VALUES (1924, 3272, 'ELIANA PHARMACY (Nairobi)', 'KENYA', 'PPB/E/1161', 'VERIFIED', 'PHARMACY', 'KES', 1, 'GITANGA ROAD');
INSERT INTO branch (id, name, address, main, business_id) VALUES (2022, 'Main Branch', 'GITANGA ROAD', 0, 1924);
INSERT INTO users (id, first_name, last_name, email, password, phone, user_type, status, mail_verified, phone_verified) VALUES (3273, 'Isaiah', 'Kipruto', 'ecnair@yahoo.com', '$argon2i$v=19$m=16,t=2,p=1$bGFiVFNkNkl6YldhMEZ2Mg$KoO4yuR++bGwD7EviELL+Q', '0749801720', 'OWNER', 'VERIFIED', 0, 0);
INSERT INTO business (id, owner_id, name, country, pharmacode, status, type, currency, test, address) VALUES (1925, 3273, 'ELIEZER CHEMIST (Nairobi)', 'KENYA', 'PPB/E/1211', 'VERIFIED', 'PHARMACY', 'KES', 1, 'NGINA ROAD');
INSERT INTO branch (id, name, address, main, business_id) VALUES (2023, 'Main Branch', 'NGINA ROAD', 0, 1925);
INSERT INTO users (id, first_name, last_name, email, password, phone, user_type, status, mail_verified, phone_verified) VALUES (3274, 'Grace', 'Mwanzia', 'ecnair@yahoo.com', '$argon2i$v=19$m=16,t=2,p=1$bGFiVFNkNkl6YldhMEZ2Mg$KoO4yuR++bGwD7EviELL+Q', '0721355247', 'OWNER', 'VERIFIED', 0, 0);
INSERT INTO business (id, owner_id, name, country, pharmacode, status, type, currency, test, address) VALUES (1926, 3274, 'ELIKIM CHEMIST (Nairobi)', 'KENYA', 'PPB/E/278', 'VERIFIED', 'PHARMACY', 'KES', 1, 'OFF OUTERING ROAD');
INSERT INTO branch (id, name, address, main, business_id) VALUES (2024, 'Main Branch', 'OFF OUTERING ROAD', 0, 1926);
INSERT INTO users (id, first_name, last_name, email, password, phone, user_type, status, mail_verified, phone_verified) VALUES (3275, 'Seth', 'Kariuki', 'seth@gmail.com', '$argon2i$v=19$m=16,t=2,p=1$bGFiVFNkNkl6YldhMEZ2Mg$KoO4yuR++bGwD7EviELL+Q', '0738816330', 'OWNER', 'VERIFIED', 0, 0);
INSERT INTO business (id, owner_id, name, country, pharmacode, status, type, currency, test, address) VALUES (1927, 3275, 'ELIKIM PHARMACEUTICAL SERVICES (Nairobi)', 'KENYA', 'PPB/E/1293', 'VERIFIED', 'PHARMACY', 'KES', 1, 'OUTERING');
INSERT INTO branch (id, name, address, main, business_id) VALUES (2025, 'Main Branch', 'OUTERING', 0, 1927);
INSERT INTO users (id, first_name, last_name, email, password, phone, user_type, status, mail_verified, phone_verified) VALUES (3276, 'Rachel', 'Wanyama', 'ecnair@gmail.com', '$argon2i$v=19$m=16,t=2,p=1$bGFiVFNkNkl6YldhMEZ2Mg$KoO4yuR++bGwD7EviELL+Q', '0767605270', 'OWNER', 'VERIFIED', 0, 0);
INSERT INTO business (id, owner_id, name, country, pharmacode, status, type, currency, test, address) VALUES (1928, 3276, 'ELIKIN CHEMISTS (Nairobi)', 'KENYA', 'PPB/E/180', 'VERIFIED', 'PHARMACY', 'KES', 1, 'nan');
INSERT INTO branch (id, name, address, main, business_id) VALUES (2026, 'Main Branch', 'nan', 0, 1928);
INSERT INTO users (id, first_name, last_name, email, password, phone, user_type, status, mail_verified, phone_verified) VALUES (3277, 'Jesse', 'Kipsang', 'epnair@yahoo.com', '$argon2i$v=19$m=16,t=2,p=1$bGFiVFNkNkl6YldhMEZ2Mg$KoO4yuR++bGwD7EviELL+Q', '0759436959', 'OWNER', 'VERIFIED', 0, 0);
INSERT INTO business (id, owner_id, name, country, pharmacode, status, type, currency, test, address) VALUES (1929, 3277, 'ELLYSSAD PHARMA (Nairobi)', 'KENYA', 'PPB/E/1338', 'VERIFIED', 'PHARMACY', 'KES', 1, 'KITENGELA ROAD, LANGATA');
INSERT INTO branch (id, name, address, main, business_id) VALUES (2027, 'Main Branch', 'KITENGELA ROAD, LANGATA', 0, 1929);
INSERT INTO users (id, first_name, last_name, email, password, phone, user_type, status, mail_verified, phone_verified) VALUES (3278, 'Thaddeus', 'Ratemo', 'thaddeus57@yahoo.com', '$argon2i$v=19$m=16,t=2,p=1$bGFiVFNkNkl6YldhMEZ2Mg$KoO4yuR++bGwD7EviELL+Q', '0713943962', 'OWNER', 'VERIFIED', 0, 0);
INSERT INTO business (id, owner_id, name, country, pharmacode, status, type, currency, test, address) VALUES (1930, 3278, 'ELOC PHARMACY (Nairobi)', 'KENYA', 'PPB/E/1039', 'VERIFIED', 'PHARMACY', 'KES', 1, 'WANYEE ROAD');
INSERT INTO branch (id, name, address, main, business_id) VALUES (2028, 'Main Branch', 'WANYEE ROAD', 0, 1930);
INSERT INTO users (id, first_name, last_name, email, password, phone, user_type, status, mail_verified, phone_verified) VALUES (3279, 'Reuben', 'Wanyama', 'epnair@gmail.com', '$argon2i$v=19$m=16,t=2,p=1$bGFiVFNkNkl6YldhMEZ2Mg$KoO4yuR++bGwD7EviELL+Q', '0741021921', 'OWNER', 'VERIFIED', 0, 0);
INSERT INTO business (id, owner_id, name, country, pharmacode, status, type, currency, test, address) VALUES (1931, 3279, 'ELYKIBS PHARMACY (Nairobi)', 'KENYA', 'PPB/E/0207', 'VERIFIED', 'PHARMACY', 'KES', 1, 'KAMITI  ROAD');
INSERT INTO branch (id, name, address, main, business_id) VALUES (2029, 'Main Branch', 'KAMITI  ROAD', 0, 1931);
INSERT INTO users (id, first_name, last_name, email, password, phone, user_type, status, mail_verified, phone_verified) VALUES (3280, 'David', 'Mochoge', 'david70@gmail.com', '$argon2i$v=19$m=16,t=2,p=1$bGFiVFNkNkl6YldhMEZ2Mg$KoO4yuR++bGwD7EviELL+Q', '0737731845', 'OWNER', 'VERIFIED', 0, 0);
INSERT INTO business (id, owner_id, name, country, pharmacode, status, type, currency, test, address) VALUES (1932, 3280, 'EMALA CHEMIST LIMITED-DAGORETTI (Nairobi)', 'KENYA', 'PPB/E/1261', 'VERIFIED', 'PHARMACY', 'KES', 1, 'KIRIGU ROAD');
INSERT INTO branch (id, name, address, main, business_id) VALUES (2030, 'Main Branch', 'KIRIGU ROAD', 0, 1932);
INSERT INTO users (id, first_name, last_name, email, password, phone, user_type, status, mail_verified, phone_verified) VALUES (3281, 'Elijah', 'Wangari', 'epnair@gmail.com', '$argon2i$v=19$m=16,t=2,p=1$bGFiVFNkNkl6YldhMEZ2Mg$KoO4yuR++bGwD7EviELL+Q', '0749641017', 'OWNER', 'VERIFIED', 0, 0);
INSERT INTO business (id, owner_id, name, country, pharmacode, status, type, currency, test, address) VALUES (1933, 3281, 'EMARA PHARMACEUTICALS LIMITED (Nairobi)', 'KENYA', 'PPB/E/1296', 'VERIFIED', 'PHARMACY', 'KES', 1, 'POPO ROAD');
INSERT INTO branch (id, name, address, main, business_id) VALUES (2031, 'Main Branch', 'POPO ROAD', 0, 1933);
INSERT INTO users (id, first_name, last_name, email, password, phone, user_type, status, mail_verified, phone_verified) VALUES (3282, 'Rebecca', 'Omari', 'ecnair@yahoo.com', '$argon2i$v=19$m=16,t=2,p=1$bGFiVFNkNkl6YldhMEZ2Mg$KoO4yuR++bGwD7EviELL+Q', '0733135394', 'OWNER', 'VERIFIED', 0, 0);
INSERT INTO business (id, owner_id, name, country, pharmacode, status, type, currency, test, address) VALUES (1934, 3282, 'EMCE CHEMIST (Nairobi)', 'KENYA', 'PPB/E/1037', 'VERIFIED', 'PHARMACY', 'KES', 1, 'KIKUYU ROAD');
INSERT INTO branch (id, name, address, main, business_id) VALUES (2032, 'Main Branch', 'KIKUYU ROAD', 0, 1934);
INSERT INTO users (id, first_name, last_name, email, password, phone, user_type, status, mail_verified, phone_verified) VALUES (3283, 'Joanna', 'Mwanzia', 'epnair@yahoo.com', '$argon2i$v=19$m=16,t=2,p=1$bGFiVFNkNkl6YldhMEZ2Mg$KoO4yuR++bGwD7EviELL+Q', '0755118698', 'OWNER', 'VERIFIED', 0, 0);
INSERT INTO business (id, owner_id, name, country, pharmacode, status, type, currency, test, address) VALUES (1935, 3283, 'EMERIC PHARMACEUTICALS LIMITED-WESTLANDS (Nairobi)', 'KENYA', 'PPB/E/1300', 'VERIFIED', 'PHARMACY', 'KES', 1, 'MPAKA ROAD');
INSERT INTO branch (id, name, address, main, business_id) VALUES (2033, 'Main Branch', 'MPAKA ROAD', 0, 1935);
INSERT INTO users (id, first_name, last_name, email, password, phone, user_type, status, mail_verified, phone_verified) VALUES (3284, 'Abraham', 'Kiptoo', 'ehnair@yahoo.com', '$argon2i$v=19$m=16,t=2,p=1$bGFiVFNkNkl6YldhMEZ2Mg$KoO4yuR++bGwD7EviELL+Q', '0798358261', 'OWNER', 'VERIFIED', 0, 0);
INSERT INTO business (id, owner_id, name, country, pharmacode, status, type, currency, test, address) VALUES (1936, 3284, 'EMIR HEALTH CENTRE (Nairobi)', 'KENYA', 'PPB/E/1229', 'VERIFIED', 'PHARMACY', 'KES', 1, 'KENYA BUILDERS ROAD');
INSERT INTO branch (id, name, address, main, business_id) VALUES (2034, 'Main Branch', 'KENYA BUILDERS ROAD', 0, 1936);
INSERT INTO users (id, first_name, last_name, email, password, phone, user_type, status, mail_verified, phone_verified) VALUES (3285, 'Peter', 'Barasa', 'peter@yahoo.com', '$argon2i$v=19$m=16,t=2,p=1$bGFiVFNkNkl6YldhMEZ2Mg$KoO4yuR++bGwD7EviELL+Q', '0722859052', 'OWNER', 'VERIFIED', 0, 0);
INSERT INTO business (id, owner_id, name, country, pharmacode, status, type, currency, test, address) VALUES (1937, 3285, 'EMIR PHARMA (Nairobi)', 'KENYA', 'PPB/E/1124', 'VERIFIED', 'PHARMACY', 'KES', 1, 'CATHERINE NDEREVA');
INSERT INTO branch (id, name, address, main, business_id) VALUES (2035, 'Main Branch', 'CATHERINE NDEREVA', 0, 1937);
INSERT INTO users (id, first_name, last_name, email, password, phone, user_type, status, mail_verified, phone_verified) VALUES (3286, 'Moses', 'Musila', 'ecnair@yahoo.com', '$argon2i$v=19$m=16,t=2,p=1$bGFiVFNkNkl6YldhMEZ2Mg$KoO4yuR++bGwD7EviELL+Q', '0732665576', 'OWNER', 'VERIFIED', 0, 0);
INSERT INTO business (id, owner_id, name, country, pharmacode, status, type, currency, test, address) VALUES (1938, 3286, 'EMMANUCARE CHEMIST (Nairobi)', 'KENYA', 'PPB/E/1379', 'VERIFIED', 'PHARMACY', 'KES', 1, 'MARURUI');
INSERT INTO branch (id, name, address, main, business_id) VALUES (2036, 'Main Branch', 'MARURUI', 0, 1938);
INSERT INTO users (id, first_name, last_name, email, password, phone, user_type, status, mail_verified, phone_verified) VALUES (3287, 'Jesse', 'Ouko', 'jesse25@yahoo.com', '$argon2i$v=19$m=16,t=2,p=1$bGFiVFNkNkl6YldhMEZ2Mg$KoO4yuR++bGwD7EviELL+Q', '0722718673', 'OWNER', 'VERIFIED', 0, 0);
INSERT INTO business (id, owner_id, name, country, pharmacode, status, type, currency, test, address) VALUES (1939, 3287, 'EMMARK CHEMIST (Nairobi)', 'KENYA', 'PPB/E/363', 'VERIFIED', 'PHARMACY', 'KES', 1, 'MOI DRIVE');
INSERT INTO branch (id, name, address, main, business_id) VALUES (2037, 'Main Branch', 'MOI DRIVE', 0, 1939);
INSERT INTO users (id, first_name, last_name, email, password, phone, user_type, status, mail_verified, phone_verified) VALUES (3288, 'Titus', 'Omollo', 'ecnair@gmail.com', '$argon2i$v=19$m=16,t=2,p=1$bGFiVFNkNkl6YldhMEZ2Mg$KoO4yuR++bGwD7EviELL+Q', '0763013519', 'OWNER', 'VERIFIED', 0, 0);
INSERT INTO business (id, owner_id, name, country, pharmacode, status, type, currency, test, address) VALUES (1940, 3288, 'EMON CARE LIMITED (Nairobi)', 'KENYA', 'PPB/E/1309', 'VERIFIED', 'PHARMACY', 'KES', 1, 'NOTHERN BYPASS');
INSERT INTO branch (id, name, address, main, business_id) VALUES (2038, 'Main Branch', 'NOTHERN BYPASS', 0, 1940);
INSERT INTO users (id, first_name, last_name, email, password, phone, user_type, status, mail_verified, phone_verified) VALUES (3289, 'Zachary', 'Mochoge', 'zachary98@yahoo.com', '$argon2i$v=19$m=16,t=2,p=1$bGFiVFNkNkl6YldhMEZ2Mg$KoO4yuR++bGwD7EviELL+Q', '0769065335', 'OWNER', 'VERIFIED', 0, 0);
INSERT INTO business (id, owner_id, name, country, pharmacode, status, type, currency, test, address) VALUES (1941, 3289, 'EMYPHARM CHEMIST EASTLEIGH (Nairobi)', 'KENYA', 'PPB/E/344', 'VERIFIED', 'PHARMACY', 'KES', 1, 'SEC 3, EASTLEIGH');
INSERT INTO branch (id, name, address, main, business_id) VALUES (2039, 'Main Branch', 'SEC 3, EASTLEIGH', 0, 1941);
INSERT INTO users (id, first_name, last_name, email, password, phone, user_type, status, mail_verified, phone_verified) VALUES (3290, 'Timothy', 'Nyakundi', 'timothy@gmail.com', '$argon2i$v=19$m=16,t=2,p=1$bGFiVFNkNkl6YldhMEZ2Mg$KoO4yuR++bGwD7EviELL+Q', '0765389003', 'OWNER', 'VERIFIED', 0, 0);
INSERT INTO business (id, owner_id, name, country, pharmacode, status, type, currency, test, address) VALUES (1942, 3290, 'ENAI PHARMACY (Nairobi)', 'KENYA', 'PPB/E/1235', 'VERIFIED', 'PHARMACY', 'KES', 1, 'HAILE SELASSIE AVENUE');
INSERT INTO branch (id, name, address, main, business_id) VALUES (2040, 'Main Branch', 'HAILE SELASSIE AVENUE', 0, 1942);
INSERT INTO users (id, first_name, last_name, email, password, phone, user_type, status, mail_verified, phone_verified) VALUES (3291, 'Thaddeus', 'Mogaka', 'epnair@gmail.com', '$argon2i$v=19$m=16,t=2,p=1$bGFiVFNkNkl6YldhMEZ2Mg$KoO4yuR++bGwD7EviELL+Q', '0721724912', 'OWNER', 'VERIFIED', 0, 0);
INSERT INTO business (id, owner_id, name, country, pharmacode, status, type, currency, test, address) VALUES (1943, 3291, 'ENTALLOS PHARMACY (Nairobi)', 'KENYA', 'PPB/E/1208', 'VERIFIED', 'PHARMACY', 'KES', 1, 'KWARE STREET');
INSERT INTO branch (id, name, address, main, business_id) VALUES (2041, 'Main Branch', 'KWARE STREET', 0, 1943);
INSERT INTO users (id, first_name, last_name, email, password, phone, user_type, status, mail_verified, phone_verified) VALUES (3292, 'Esther', 'Nyakundi', 'estherr@yahoo.com', '$argon2i$v=19$m=16,t=2,p=1$bGFiVFNkNkl6YldhMEZ2Mg$KoO4yuR++bGwD7EviELL+Q', '0716980995', 'OWNER', 'VERIFIED', 0, 0);
INSERT INTO business (id, owner_id, name, country, pharmacode, status, type, currency, test, address) VALUES (1944, 3292, 'EPLUS PHARMACY (Nairobi)', 'KENYA', 'PPB/E/1242', 'VERIFIED', 'PHARMACY', 'KES', 1, 'POPO ROAD');
INSERT INTO branch (id, name, address, main, business_id) VALUES (2042, 'Main Branch', 'POPO ROAD', 0, 1944);
INSERT INTO users (id, first_name, last_name, email, password, phone, user_type, status, mail_verified, phone_verified) VALUES (3293, 'Susannah', 'Okello', 'epnair@gmail.com', '$argon2i$v=19$m=16,t=2,p=1$bGFiVFNkNkl6YldhMEZ2Mg$KoO4yuR++bGwD7EviELL+Q', '0757568580', 'OWNER', 'VERIFIED', 0, 0);
INSERT INTO business (id, owner_id, name, country, pharmacode, status, type, currency, test, address) VALUES (1945, 3293, 'EQUIHEALTH PHARMACY (Nairobi)', 'KENYA', 'PPB/E/300', 'VERIFIED', 'PHARMACY', 'KES', 1, 'KASARANI MWIKI RD');
INSERT INTO branch (id, name, address, main, business_id) VALUES (2043, 'Main Branch', 'KASARANI MWIKI RD', 0, 1945);
INSERT INTO users (id, first_name, last_name, email, password, phone, user_type, status, mail_verified, phone_verified) VALUES (3294, 'Mary', 'Musyoka', 'mary82@yahoo.com', '$argon2i$v=19$m=16,t=2,p=1$bGFiVFNkNkl6YldhMEZ2Mg$KoO4yuR++bGwD7EviELL+Q', '0761848872', 'OWNER', 'VERIFIED', 0, 0);
INSERT INTO business (id, owner_id, name, country, pharmacode, status, type, currency, test, address) VALUES (1946, 3294, 'EREHCON PHARMACEUTICALS LTD (Nairobi)', 'KENYA', 'PPB/E/,01045', 'VERIFIED', 'PHARMACY', 'KES', 1, 'GITHURAI 44');
INSERT INTO branch (id, name, address, main, business_id) VALUES (2044, 'Main Branch', 'GITHURAI 44', 0, 1946);
INSERT INTO users (id, first_name, last_name, email, password, phone, user_type, status, mail_verified, phone_verified) VALUES (3295, 'David', 'Khisa', 'epphar@gmail.com', '$argon2i$v=19$m=16,t=2,p=1$bGFiVFNkNkl6YldhMEZ2Mg$KoO4yuR++bGwD7EviELL+Q', '0759299867', 'OWNER', 'VERIFIED', 0, 0);
INSERT INTO business (id, owner_id, name, country, pharmacode, status, type, currency, test, address) VALUES (1947, 3295, 'ERIE PHARMACEUTICALS', 'KENYA', 'PPB/E/1407', 'VERIFIED', 'PHARMACY', 'KES', 1, 'NAKURU/NAIROBI HIGHWAY');
INSERT INTO branch (id, name, address, main, business_id) VALUES (2045, 'Main Branch', 'NAKURU/NAIROBI HIGHWAY', 0, 1947);
INSERT INTO users (id, first_name, last_name, email, password, phone, user_type, status, mail_verified, phone_verified) VALUES (3296, 'Daniel', 'Marube', 'epnair@yahoo.com', '$argon2i$v=19$m=16,t=2,p=1$bGFiVFNkNkl6YldhMEZ2Mg$KoO4yuR++bGwD7EviELL+Q', '0782697867', 'OWNER', 'VERIFIED', 0, 0);
INSERT INTO business (id, owner_id, name, country, pharmacode, status, type, currency, test, address) VALUES (1948, 3296, 'ERIMED PHARMACEUTICALS (Nairobi)', 'KENYA', 'PPB/E/249', 'VERIFIED', 'PHARMACY', 'KES', 1, 'JOGOO RD');
INSERT INTO branch (id, name, address, main, business_id) VALUES (2046, 'Main Branch', 'JOGOO RD', 0, 1948);
INSERT INTO users (id, first_name, last_name, email, password, phone, user_type, status, mail_verified, phone_verified) VALUES (3297, 'Jude', 'Gichuru', 'ecchem@yahoo.com', '$argon2i$v=19$m=16,t=2,p=1$bGFiVFNkNkl6YldhMEZ2Mg$KoO4yuR++bGwD7EviELL+Q', '0713015653', 'OWNER', 'VERIFIED', 0, 0);
INSERT INTO business (id, owner_id, name, country, pharmacode, status, type, currency, test, address) VALUES (1949, 3297, 'ESKIM CHEMIST', 'KENYA', 'PPB/E/1406', 'VERIFIED', 'PHARMACY', 'KES', 1, 'NAIROBI MURANGA HIGHWAY');
INSERT INTO branch (id, name, address, main, business_id) VALUES (2047, 'Main Branch', 'NAIROBI MURANGA HIGHWAY', 0, 1949);
INSERT INTO users (id, first_name, last_name, email, password, phone, user_type, status, mail_verified, phone_verified) VALUES (3298, 'Peter', 'Machogu', 'peterr@yahoo.com', '$argon2i$v=19$m=16,t=2,p=1$bGFiVFNkNkl6YldhMEZ2Mg$KoO4yuR++bGwD7EviELL+Q', '0718704062', 'OWNER', 'VERIFIED', 0, 0);
INSERT INTO business (id, owner_id, name, country, pharmacode, status, type, currency, test, address) VALUES (1950, 3298, 'ESTEEM CHEMIST (Nairobi)', 'KENYA', 'PPB/E/1180', 'VERIFIED', 'PHARMACY', 'KES', 1, 'GITANGA ROAD');
INSERT INTO branch (id, name, address, main, business_id) VALUES (2048, 'Main Branch', 'GITANGA ROAD', 0, 1950);
INSERT INTO users (id, first_name, last_name, email, password, phone, user_type, status, mail_verified, phone_verified) VALUES (3299, 'Noah', 'Wangari', 'noah83@gmail.com', '$argon2i$v=19$m=16,t=2,p=1$bGFiVFNkNkl6YldhMEZ2Mg$KoO4yuR++bGwD7EviELL+Q', '0714336642', 'OWNER', 'VERIFIED', 0, 0);
INSERT INTO business (id, owner_id, name, country, pharmacode, status, type, currency, test, address) VALUES (1951, 3299, 'ETHAVANS CHEMIST-KIJOS BLDG (Nairobi)', 'KENYA', 'PPB/E/0308', 'VERIFIED', 'PHARMACY', 'KES', 1, 'OUTERING ROAD');
INSERT INTO branch (id, name, address, main, business_id) VALUES (2049, 'Main Branch', 'OUTERING ROAD', 0, 1951);
INSERT INTO users (id, first_name, last_name, email, password, phone, user_type, status, mail_verified, phone_verified) VALUES (3300, 'Jacob', 'Lusaka', 'jacob@yahoo.com', '$argon2i$v=19$m=16,t=2,p=1$bGFiVFNkNkl6YldhMEZ2Mg$KoO4yuR++bGwD7EviELL+Q', '0753679370', 'OWNER', 'VERIFIED', 0, 0);
INSERT INTO business (id, owner_id, name, country, pharmacode, status, type, currency, test, address) VALUES (1952, 3300, 'EVANMED PHARMACY (Nairobi)', 'KENYA', 'PPB/E/1173', 'VERIFIED', 'PHARMACY', 'KES', 1, 'EASTERN BYPASS');
INSERT INTO branch (id, name, address, main, business_id) VALUES (2050, 'Main Branch', 'EASTERN BYPASS', 0, 1952);
INSERT INTO users (id, first_name, last_name, email, password, phone, user_type, status, mail_verified, phone_verified) VALUES (3301, 'Matthew', 'Wangari', 'ecchem@gmail.com', '$argon2i$v=19$m=16,t=2,p=1$bGFiVFNkNkl6YldhMEZ2Mg$KoO4yuR++bGwD7EviELL+Q', '0751470635', 'OWNER', 'VERIFIED', 0, 0);
INSERT INTO business (id, owner_id, name, country, pharmacode, status, type, currency, test, address) VALUES (1953, 3301, 'EVERSERVE CHEMISTS', 'KENYA', 'PPB/E/1483', 'VERIFIED', 'PHARMACY', 'KES', 1, 'NYERI NAIROBI HIGHWAY');
INSERT INTO branch (id, name, address, main, business_id) VALUES (2051, 'Main Branch', 'NYERI NAIROBI HIGHWAY', 0, 1953);
INSERT INTO users (id, first_name, last_name, email, password, phone, user_type, status, mail_verified, phone_verified) VALUES (3302, 'Michael', 'Wamalwa', 'epnair@gmail.com', '$argon2i$v=19$m=16,t=2,p=1$bGFiVFNkNkl6YldhMEZ2Mg$KoO4yuR++bGwD7EviELL+Q', '0765202592', 'OWNER', 'VERIFIED', 0, 0);
INSERT INTO business (id, owner_id, name, country, pharmacode, status, type, currency, test, address) VALUES (1954, 3302, 'EXCEL PHARMACY  (Nairobi)', 'KENYA', 'PPB/E/310', 'VERIFIED', 'PHARMACY', 'KES', 1, 'OUTERING RD');
INSERT INTO branch (id, name, address, main, business_id) VALUES (2052, 'Main Branch', 'OUTERING RD', 0, 1954);
INSERT INTO users (id, first_name, last_name, email, password, phone, user_type, status, mail_verified, phone_verified) VALUES (3303, 'Philip', 'Kiptoo', 'esnair@yahoo.com', '$argon2i$v=19$m=16,t=2,p=1$bGFiVFNkNkl6YldhMEZ2Mg$KoO4yuR++bGwD7EviELL+Q', '0737114997', 'OWNER', 'VERIFIED', 0, 0);
INSERT INTO business (id, owner_id, name, country, pharmacode, status, type, currency, test, address) VALUES (1955, 3303, 'EXPRESS SEVEN CHEMIST LIMITED (Nairobi)', 'KENYA', 'PPB/E/1191', 'VERIFIED', 'PHARMACY', 'KES', 1, 'DAGORETTI MARKET');
INSERT INTO branch (id, name, address, main, business_id) VALUES (2053, 'Main Branch', 'DAGORETTI MARKET', 0, 1955);
INSERT INTO users (id, first_name, last_name, email, password, phone, user_type, status, mail_verified, phone_verified) VALUES (3304, 'Abigail', 'Wainaina', 'abigail@yahoo.com', '$argon2i$v=19$m=16,t=2,p=1$bGFiVFNkNkl6YldhMEZ2Mg$KoO4yuR++bGwD7EviELL+Q', '0789922452', 'OWNER', 'VERIFIED', 0, 0);
INSERT INTO business (id, owner_id, name, country, pharmacode, status, type, currency, test, address) VALUES (1956, 3304, 'F K PHARMACEUTICALS CO  LIMITED (Nairobi)', 'KENYA', 'PPB/F/676', 'VERIFIED', 'PHARMACY', 'KES', 1, 'KENYATTA MARKET ST.');
INSERT INTO branch (id, name, address, main, business_id) VALUES (2054, 'Main Branch', 'KENYATTA MARKET ST.', 0, 1956);
INSERT INTO users (id, first_name, last_name, email, password, phone, user_type, status, mail_verified, phone_verified) VALUES (3305, 'Mary', 'Mudavadi', 'mary@gmail.com', '$argon2i$v=19$m=16,t=2,p=1$bGFiVFNkNkl6YldhMEZ2Mg$KoO4yuR++bGwD7EviELL+Q', '0771930373', 'OWNER', 'VERIFIED', 0, 0);
INSERT INTO business (id, owner_id, name, country, pharmacode, status, type, currency, test, address) VALUES (1957, 3305, 'FADHIRACHEM PHARMACEUTICALS  (Nairobi)', 'KENYA', 'PPB/F/662', 'VERIFIED', 'PHARMACY', 'KES', 1, 'KOMAROCK INFILL B');
INSERT INTO branch (id, name, address, main, business_id) VALUES (2055, 'Main Branch', 'KOMAROCK INFILL B', 0, 1957);
INSERT INTO users (id, first_name, last_name, email, password, phone, user_type, status, mail_verified, phone_verified) VALUES (3306, 'Silas', 'Cherono', 'silas@yahoo.com', '$argon2i$v=19$m=16,t=2,p=1$bGFiVFNkNkl6YldhMEZ2Mg$KoO4yuR++bGwD7EviELL+Q', '0740786690', 'OWNER', 'VERIFIED', 0, 0);
INSERT INTO business (id, owner_id, name, country, pharmacode, status, type, currency, test, address) VALUES (1958, 3306, 'FAIRCHEM PHARMACEUTICALS (Nairobi)', 'KENYA', 'PPB/F/724', 'VERIFIED', 'PHARMACY', 'KES', 1, 'JUJA ROAD');
INSERT INTO branch (id, name, address, main, business_id) VALUES (2056, 'Main Branch', 'JUJA ROAD', 0, 1958);
INSERT INTO users (id, first_name, last_name, email, password, phone, user_type, status, mail_verified, phone_verified) VALUES (3307, 'Deborah', 'Lusaka', 'fpnair@yahoo.com', '$argon2i$v=19$m=16,t=2,p=1$bGFiVFNkNkl6YldhMEZ2Mg$KoO4yuR++bGwD7EviELL+Q', '0743633197', 'OWNER', 'VERIFIED', 0, 0);
INSERT INTO business (id, owner_id, name, country, pharmacode, status, type, currency, test, address) VALUES (1959, 3307, 'FAMGEN PHARMACEUTICALS LTD (Nairobi)', 'KENYA', 'PPB/F/780', 'VERIFIED', 'PHARMACY', 'KES', 1, 'NAIROBI');
INSERT INTO branch (id, name, address, main, business_id) VALUES (2057, 'Main Branch', 'NAIROBI', 0, 1959);
INSERT INTO users (id, first_name, last_name, email, password, phone, user_type, status, mail_verified, phone_verified) VALUES (3308, 'Grace', 'Ongeri', 'grace@gmail.com', '$argon2i$v=19$m=16,t=2,p=1$bGFiVFNkNkl6YldhMEZ2Mg$KoO4yuR++bGwD7EviELL+Q', '0759813468', 'OWNER', 'VERIFIED', 0, 0);
INSERT INTO business (id, owner_id, name, country, pharmacode, status, type, currency, test, address) VALUES (1960, 3308, 'FAMICHEM CHEMISTS (Nairobi)', 'KENYA', 'PPB/F/655', 'VERIFIED', 'PHARMACY', 'KES', 1, 'KANGUNDO ROAD');
INSERT INTO branch (id, name, address, main, business_id) VALUES (2058, 'Main Branch', 'KANGUNDO ROAD', 0, 1960);
INSERT INTO users (id, first_name, last_name, email, password, phone, user_type, status, mail_verified, phone_verified) VALUES (3309, 'Ruth', 'Monyancha', 'ffnair@yahoo.com', '$argon2i$v=19$m=16,t=2,p=1$bGFiVFNkNkl6YldhMEZ2Mg$KoO4yuR++bGwD7EviELL+Q', '0717275158', 'OWNER', 'VERIFIED', 0, 0);
INSERT INTO business (id, owner_id, name, country, pharmacode, status, type, currency, test, address) VALUES (1961, 3309, 'FAMILY FARE PHARMACY (Nairobi)', 'KENYA', 'PPB/F/766', 'VERIFIED', 'PHARMACY', 'KES', 1, 'KWA MAJI OFF KANGUNDO ROAD');
INSERT INTO branch (id, name, address, main, business_id) VALUES (2059, 'Main Branch', 'KWA MAJI OFF KANGUNDO ROAD', 0, 1961);
INSERT INTO users (id, first_name, last_name, email, password, phone, user_type, status, mail_verified, phone_verified) VALUES (3310, 'Tabitha', 'Machogu', 'tabitha@gmail.com', '$argon2i$v=19$m=16,t=2,p=1$bGFiVFNkNkl6YldhMEZ2Mg$KoO4yuR++bGwD7EviELL+Q', '0783172696', 'OWNER', 'VERIFIED', 0, 0);
INSERT INTO business (id, owner_id, name, country, pharmacode, status, type, currency, test, address) VALUES (1962, 3310, 'FANMACARE PHARMACY LIMITED (Nairobi)', 'KENYA', 'PPB/F/805', 'VERIFIED', 'PHARMACY', 'KES', 1, 'EASTERN BYPASS');
INSERT INTO branch (id, name, address, main, business_id) VALUES (2060, 'Main Branch', 'EASTERN BYPASS', 0, 1962);
INSERT INTO users (id, first_name, last_name, email, password, phone, user_type, status, mail_verified, phone_verified) VALUES (3311, 'Adam', 'Gichuru', 'fpnair@gmail.com', '$argon2i$v=19$m=16,t=2,p=1$bGFiVFNkNkl6YldhMEZ2Mg$KoO4yuR++bGwD7EviELL+Q', '0798077114', 'OWNER', 'VERIFIED', 0, 0);
INSERT INTO business (id, owner_id, name, country, pharmacode, status, type, currency, test, address) VALUES (1963, 3311, 'FASTMART PHARMACY-OTHAYA (Nairobi)', 'KENYA', 'PPB/F/3118', 'VERIFIED', 'PHARMACY', 'KES', 1, 'KANGUNDO ROAD');
INSERT INTO branch (id, name, address, main, business_id) VALUES (2061, 'Main Branch', 'KANGUNDO ROAD', 0, 1963);
INSERT INTO users (id, first_name, last_name, email, password, phone, user_type, status, mail_verified, phone_verified) VALUES (3312, 'Esther', 'Kiptoo', 'fpnair@yahoo.com', '$argon2i$v=19$m=16,t=2,p=1$bGFiVFNkNkl6YldhMEZ2Mg$KoO4yuR++bGwD7EviELL+Q', '0755280648', 'OWNER', 'VERIFIED', 0, 0);
INSERT INTO business (id, owner_id, name, country, pharmacode, status, type, currency, test, address) VALUES (1964, 3312, 'FASTMEDD PHARMACEUTICALS-UMOJA (Nairobi)', 'KENYA', 'PPB/F/665', 'VERIFIED', 'PHARMACY', 'KES', 1, 'MUTINDWA ROAD');
INSERT INTO branch (id, name, address, main, business_id) VALUES (2062, 'Main Branch', 'MUTINDWA ROAD', 0, 1964);
INSERT INTO users (id, first_name, last_name, email, password, phone, user_type, status, mail_verified, phone_verified) VALUES (3313, 'Matthew', 'Kipchoge', 'matthew72@gmail.com', '$argon2i$v=19$m=16,t=2,p=1$bGFiVFNkNkl6YldhMEZ2Mg$KoO4yuR++bGwD7EviELL+Q', '0732168842', 'OWNER', 'VERIFIED', 0, 0);
INSERT INTO business (id, owner_id, name, country, pharmacode, status, type, currency, test, address) VALUES (1965, 3313, 'FAWAPHARM CHEMIST -PANGANI (Nairobi)', 'KENYA', 'PPB/F/309', 'VERIFIED', 'PHARMACY', 'KES', 1, 'NORTHVIEW ROAD');
INSERT INTO branch (id, name, address, main, business_id) VALUES (2063, 'Main Branch', 'NORTHVIEW ROAD', 0, 1965);
INSERT INTO users (id, first_name, last_name, email, password, phone, user_type, status, mail_verified, phone_verified) VALUES (3314, 'Naomi', 'Mwangi', 'naomi@yahoo.com', '$argon2i$v=19$m=16,t=2,p=1$bGFiVFNkNkl6YldhMEZ2Mg$KoO4yuR++bGwD7EviELL+Q', '0744171428', 'OWNER', 'VERIFIED', 0, 0);
INSERT INTO business (id, owner_id, name, country, pharmacode, status, type, currency, test, address) VALUES (1966, 3314, 'FEVA CHEMIST (Nairobi)', 'KENYA', 'PPB/F/97', 'VERIFIED', 'PHARMACY', 'KES', 1, 'EASTERN BYPASS');
INSERT INTO branch (id, name, address, main, business_id) VALUES (2064, 'Main Branch', 'EASTERN BYPASS', 0, 1966);
INSERT INTO users (id, first_name, last_name, email, password, phone, user_type, status, mail_verified, phone_verified) VALUES (3315, 'Mark', 'Barasa', 'mark23@yahoo.com', '$argon2i$v=19$m=16,t=2,p=1$bGFiVFNkNkl6YldhMEZ2Mg$KoO4yuR++bGwD7EviELL+Q', '0749930340', 'OWNER', 'VERIFIED', 0, 0);
INSERT INTO business (id, owner_id, name, country, pharmacode, status, type, currency, test, address) VALUES (1967, 3315, 'FEWAPE CHEMISTS (Nairobi)', 'KENYA', 'PPB/F/765', 'VERIFIED', 'PHARMACY', 'KES', 1, 'OUTERING ROAD');
INSERT INTO branch (id, name, address, main, business_id) VALUES (2065, 'Main Branch', 'OUTERING ROAD', 0, 1967);
INSERT INTO users (id, first_name, last_name, email, password, phone, user_type, status, mail_verified, phone_verified) VALUES (3316, 'Hannah', 'Mwangi', 'hannah@yahoo.com', '$argon2i$v=19$m=16,t=2,p=1$bGFiVFNkNkl6YldhMEZ2Mg$KoO4yuR++bGwD7EviELL+Q', '0789837736', 'OWNER', 'VERIFIED', 0, 0);
INSERT INTO business (id, owner_id, name, country, pharmacode, status, type, currency, test, address) VALUES (1968, 3316, 'FIMA PHARMACY (Nairobi)', 'KENYA', 'PPB/F/96', 'VERIFIED', 'PHARMACY', 'KES', 1, 'OFF MUTARAKWA ROAD');
INSERT INTO branch (id, name, address, main, business_id) VALUES (2066, 'Main Branch', 'OFF MUTARAKWA ROAD', 0, 1968);
INSERT INTO users (id, first_name, last_name, email, password, phone, user_type, status, mail_verified, phone_verified) VALUES (3317, 'Sarah', 'Ngui', 'fcnair@yahoo.com', '$argon2i$v=19$m=16,t=2,p=1$bGFiVFNkNkl6YldhMEZ2Mg$KoO4yuR++bGwD7EviELL+Q', '0737957058', 'OWNER', 'VERIFIED', 0, 0);
INSERT INTO business (id, owner_id, name, country, pharmacode, status, type, currency, test, address) VALUES (1969, 3317, 'FIX CHEM PHARMACEUTICAL LTD (Nairobi)', 'KENYA', 'PPB/F/779', 'VERIFIED', 'PHARMACY', 'KES', 1, 'ZANZIBAR ROAD');
INSERT INTO branch (id, name, address, main, business_id) VALUES (2067, 'Main Branch', 'ZANZIBAR ROAD', 0, 1969);
INSERT INTO users (id, first_name, last_name, email, password, phone, user_type, status, mail_verified, phone_verified) VALUES (3318, 'Priscilla', 'Khisa', 'fcnair@yahoo.com', '$argon2i$v=19$m=16,t=2,p=1$bGFiVFNkNkl6YldhMEZ2Mg$KoO4yuR++bGwD7EviELL+Q', '0785998491', 'OWNER', 'VERIFIED', 0, 0);
INSERT INTO business (id, owner_id, name, country, pharmacode, status, type, currency, test, address) VALUES (1970, 3318, 'FIX CHEM PHARMACEUTICAL LTD- BALOZI (Nairobi)', 'KENYA', 'PPB/F/832', 'VERIFIED', 'PHARMACY', 'KES', 1, 'PLAINSVIEW ROAD');
INSERT INTO branch (id, name, address, main, business_id) VALUES (2068, 'Main Branch', 'PLAINSVIEW ROAD', 0, 1970);
INSERT INTO users (id, first_name, last_name, email, password, phone, user_type, status, mail_verified, phone_verified) VALUES (3319, 'Naomi', 'Barasa', 'ftnair@gmail.com', '$argon2i$v=19$m=16,t=2,p=1$bGFiVFNkNkl6YldhMEZ2Mg$KoO4yuR++bGwD7EviELL+Q', '0764856987', 'OWNER', 'VERIFIED', 0, 0);
INSERT INTO business (id, owner_id, name, country, pharmacode, status, type, currency, test, address) VALUES (1971, 3319, 'FLAME TREE PHARMACY LTD (Nairobi)', 'KENYA', 'PPB/F/61', 'VERIFIED', 'PHARMACY', 'KES', 1, 'RING RD');
INSERT INTO branch (id, name, address, main, business_id) VALUES (2069, 'Main Branch', 'RING RD', 0, 1971);
INSERT INTO users (id, first_name, last_name, email, password, phone, user_type, status, mail_verified, phone_verified) VALUES (3320, 'Samuel', 'Mwangi', 'fcnair@yahoo.com', '$argon2i$v=19$m=16,t=2,p=1$bGFiVFNkNkl6YldhMEZ2Mg$KoO4yuR++bGwD7EviELL+Q', '0711751379', 'OWNER', 'VERIFIED', 0, 0);
INSERT INTO business (id, owner_id, name, country, pharmacode, status, type, currency, test, address) VALUES (1972, 3320, 'FLAWLESS CHEMIST (Nairobi)', 'KENYA', 'PPB/F/684', 'VERIFIED', 'PHARMACY', 'KES', 1, 'MUTINDWA RD UMOJA 1');
INSERT INTO branch (id, name, address, main, business_id) VALUES (2070, 'Main Branch', 'MUTINDWA RD UMOJA 1', 0, 1972);
INSERT INTO users (id, first_name, last_name, email, password, phone, user_type, status, mail_verified, phone_verified) VALUES (3321, 'Philip', 'Ochieng', 'philip@gmail.com', '$argon2i$v=19$m=16,t=2,p=1$bGFiVFNkNkl6YldhMEZ2Mg$KoO4yuR++bGwD7EviELL+Q', '0765931729', 'OWNER', 'VERIFIED', 0, 0);
INSERT INTO business (id, owner_id, name, country, pharmacode, status, type, currency, test, address) VALUES (1973, 3321, 'FLO DISPENSING CHEMIST (Nairobi)', 'KENYA', 'PPB/F/690', 'VERIFIED', 'PHARMACY', 'KES', 1, 'LUMUMBA DRIVE');
INSERT INTO branch (id, name, address, main, business_id) VALUES (2071, 'Main Branch', 'LUMUMBA DRIVE', 0, 1973);
INSERT INTO users (id, first_name, last_name, email, password, phone, user_type, status, mail_verified, phone_verified) VALUES (3322, 'Abraham', 'Owino', 'abrahamr@gmail.com', '$argon2i$v=19$m=16,t=2,p=1$bGFiVFNkNkl6YldhMEZ2Mg$KoO4yuR++bGwD7EviELL+Q', '0716314741', 'OWNER', 'VERIFIED', 0, 0);
INSERT INTO business (id, owner_id, name, country, pharmacode, status, type, currency, test, address) VALUES (1974, 3322, 'FLOSYVIA PHARMACEUTICALS LTD (Nairobi)', 'KENYA', 'PPB/F/700', 'VERIFIED', 'PHARMACY', 'KES', 1, 'KATANI ROAD');
INSERT INTO branch (id, name, address, main, business_id) VALUES (2072, 'Main Branch', 'KATANI ROAD', 0, 1974);
INSERT INTO users (id, first_name, last_name, email, password, phone, user_type, status, mail_verified, phone_verified) VALUES (3323, 'Jonathan', 'Mokua', 'fhnair@gmail.com', '$argon2i$v=19$m=16,t=2,p=1$bGFiVFNkNkl6YldhMEZ2Mg$KoO4yuR++bGwD7EviELL+Q', '0725385532', 'OWNER', 'VERIFIED', 0, 0);
INSERT INTO business (id, owner_id, name, country, pharmacode, status, type, currency, test, address) VALUES (1975, 3323, 'FORT HILL PHARMACY (Nairobi)', 'KENYA', 'PPB/F/752', 'VERIFIED', 'PHARMACY', 'KES', 1, 'HOSPITAL ROAD');
INSERT INTO branch (id, name, address, main, business_id) VALUES (2073, 'Main Branch', 'HOSPITAL ROAD', 0, 1975);
INSERT INTO users (id, first_name, last_name, email, password, phone, user_type, status, mail_verified, phone_verified) VALUES (3324, 'Deborah', 'Nanjala', 'fpnair@yahoo.com', '$argon2i$v=19$m=16,t=2,p=1$bGFiVFNkNkl6YldhMEZ2Mg$KoO4yuR++bGwD7EviELL+Q', '0765101159', 'OWNER', 'VERIFIED', 0, 0);
INSERT INTO business (id, owner_id, name, country, pharmacode, status, type, currency, test, address) VALUES (1976, 3324, 'FORTAY PHARMACEUTICALS (Nairobi)', 'KENYA', 'PPB/F/768', 'VERIFIED', 'PHARMACY', 'KES', 1, 'KANGUNDO ROAD');
INSERT INTO branch (id, name, address, main, business_id) VALUES (2074, 'Main Branch', 'KANGUNDO ROAD', 0, 1976);
INSERT INTO users (id, first_name, last_name, email, password, phone, user_type, status, mail_verified, phone_verified) VALUES (3325, 'Titus', 'Kiptoo', 'titusr@yahoo.com', '$argon2i$v=19$m=16,t=2,p=1$bGFiVFNkNkl6YldhMEZ2Mg$KoO4yuR++bGwD7EviELL+Q', '0741741391', 'OWNER', 'VERIFIED', 0, 0);
INSERT INTO business (id, owner_id, name, country, pharmacode, status, type, currency, test, address) VALUES (1977, 3325, 'FOURWAY CHEMIST (Nairobi)', 'KENYA', 'PPB/F/667', 'VERIFIED', 'PHARMACY', 'KES', 1, 'DANIEL COMBONI ROAD');
INSERT INTO branch (id, name, address, main, business_id) VALUES (2075, 'Main Branch', 'DANIEL COMBONI ROAD', 0, 1977);
INSERT INTO users (id, first_name, last_name, email, password, phone, user_type, status, mail_verified, phone_verified) VALUES (3326, 'Sarah', 'Mwangi', 'sarahr@gmail.com', '$argon2i$v=19$m=16,t=2,p=1$bGFiVFNkNkl6YldhMEZ2Mg$KoO4yuR++bGwD7EviELL+Q', '0732719730', 'OWNER', 'VERIFIED', 0, 0);
INSERT INTO business (id, owner_id, name, country, pharmacode, status, type, currency, test, address) VALUES (1978, 3326, 'FREBCARE LIMITED (Nairobi)', 'KENYA', 'PPB/F/719', 'VERIFIED', 'PHARMACY', 'KES', 1, 'OFF SPINE ROAD');
INSERT INTO branch (id, name, address, main, business_id) VALUES (2076, 'Main Branch', 'OFF SPINE ROAD', 0, 1978);
INSERT INTO users (id, first_name, last_name, email, password, phone, user_type, status, mail_verified, phone_verified) VALUES (3327, 'Joanna', 'Kilonzo', 'fcnair@gmail.com', '$argon2i$v=19$m=16,t=2,p=1$bGFiVFNkNkl6YldhMEZ2Mg$KoO4yuR++bGwD7EviELL+Q', '0723261706', 'OWNER', 'VERIFIED', 0, 0);
INSERT INTO business (id, owner_id, name, country, pharmacode, status, type, currency, test, address) VALUES (1979, 3327, 'FRENAMOL CHEMIST (Nairobi)', 'KENYA', 'PPB/F/704', 'VERIFIED', 'PHARMACY', 'KES', 1, 'KWA NDEGE NYAYO GATE B');
INSERT INTO branch (id, name, address, main, business_id) VALUES (2077, 'Main Branch', 'KWA NDEGE NYAYO GATE B', 0, 1979);
INSERT INTO users (id, first_name, last_name, email, password, phone, user_type, status, mail_verified, phone_verified) VALUES (3328, 'Matthew', 'Mukhisa', 'fcnair@gmail.com', '$argon2i$v=19$m=16,t=2,p=1$bGFiVFNkNkl6YldhMEZ2Mg$KoO4yuR++bGwD7EviELL+Q', '0736453474', 'OWNER', 'VERIFIED', 0, 0);
INSERT INTO business (id, owner_id, name, country, pharmacode, status, type, currency, test, address) VALUES (1980, 3328, 'FRIKAM CHEMISTS (Nairobi)', 'KENYA', 'PPB/F/820', 'VERIFIED', 'PHARMACY', 'KES', 1, 'PARKROAD');
INSERT INTO branch (id, name, address, main, business_id) VALUES (2078, 'Main Branch', 'PARKROAD', 0, 1980);
INSERT INTO users (id, first_name, last_name, email, password, phone, user_type, status, mail_verified, phone_verified) VALUES (3329, 'Ruth', 'Mwanzia', 'ruth@gmail.com', '$argon2i$v=19$m=16,t=2,p=1$bGFiVFNkNkl6YldhMEZ2Mg$KoO4yuR++bGwD7EviELL+Q', '0796825284', 'OWNER', 'VERIFIED', 0, 0);
INSERT INTO business (id, owner_id, name, country, pharmacode, status, type, currency, test, address) VALUES (1981, 3329, 'FUTURISTIC PHARMACY (Nairobi)', 'KENYA', 'PPB/F/831', 'VERIFIED', 'PHARMACY', 'KES', 1, 'ROAD KANGUNDO KANGUNDO');
INSERT INTO branch (id, name, address, main, business_id) VALUES (2079, 'Main Branch', 'ROAD KANGUNDO KANGUNDO', 0, 1981);
INSERT INTO users (id, first_name, last_name, email, password, phone, user_type, status, mail_verified, phone_verified) VALUES (3330, 'Mary', 'Mwangi', 'gpnair@yahoo.com', '$argon2i$v=19$m=16,t=2,p=1$bGFiVFNkNkl6YldhMEZ2Mg$KoO4yuR++bGwD7EviELL+Q', '0722979097', 'OWNER', 'VERIFIED', 0, 0);
INSERT INTO business (id, owner_id, name, country, pharmacode, status, type, currency, test, address) VALUES (1982, 3330, 'GALLANT PHARMCARE (Nairobi)', 'KENYA', 'PPB/G/1283', 'VERIFIED', 'PHARMACY', 'KES', 1, 'MANYANJA ROAD');
INSERT INTO branch (id, name, address, main, business_id) VALUES (2080, 'Main Branch', 'MANYANJA ROAD', 0, 1982);
INSERT INTO users (id, first_name, last_name, email, password, phone, user_type, status, mail_verified, phone_verified) VALUES (3331, 'Miriam', 'Kiptoo', 'miriam@gmail.com', '$argon2i$v=19$m=16,t=2,p=1$bGFiVFNkNkl6YldhMEZ2Mg$KoO4yuR++bGwD7EviELL+Q', '0712888667', 'OWNER', 'VERIFIED', 0, 0);
INSERT INTO business (id, owner_id, name, country, pharmacode, status, type, currency, test, address) VALUES (1983, 3331, 'GALLY''S PHARMACY', 'KENYA', 'PPB/G/1416', 'VERIFIED', 'PHARMACY', 'KES', 1, 'MERU- NAIROBI HIGHWAY');
INSERT INTO branch (id, name, address, main, business_id) VALUES (2081, 'Main Branch', 'MERU- NAIROBI HIGHWAY', 0, 1983);
INSERT INTO users (id, first_name, last_name, email, password, phone, user_type, status, mail_verified, phone_verified) VALUES (3332, 'Eve', 'Khisa', 'gcnair@yahoo.com', '$argon2i$v=19$m=16,t=2,p=1$bGFiVFNkNkl6YldhMEZ2Mg$KoO4yuR++bGwD7EviELL+Q', '0781442313', 'OWNER', 'VERIFIED', 0, 0);
INSERT INTO business (id, owner_id, name, country, pharmacode, status, type, currency, test, address) VALUES (1984, 3332, 'GAMBE CHEMIST (Nairobi)', 'KENYA', 'PPB/G/1355', 'VERIFIED', 'PHARMACY', 'KES', 1, 'TUSHAURIANE/MARKET  ROAD');
INSERT INTO branch (id, name, address, main, business_id) VALUES (2082, 'Main Branch', 'TUSHAURIANE/MARKET  ROAD', 0, 1984);
INSERT INTO users (id, first_name, last_name, email, password, phone, user_type, status, mail_verified, phone_verified) VALUES (3333, 'Reuben', 'Lusaka', 'reuben@yahoo.com', '$argon2i$v=19$m=16,t=2,p=1$bGFiVFNkNkl6YldhMEZ2Mg$KoO4yuR++bGwD7EviELL+Q', '0780787264', 'OWNER', 'VERIFIED', 0, 0);
INSERT INTO business (id, owner_id, name, country, pharmacode, status, type, currency, test, address) VALUES (1985, 3333, 'GARNET PHARMACY LIMITED (Nairobi)', 'KENYA', 'PPB/G/1174', 'VERIFIED', 'PHARMACY', 'KES', 1, 'LIMURU ROAD');
INSERT INTO branch (id, name, address, main, business_id) VALUES (2083, 'Main Branch', 'LIMURU ROAD', 0, 1985);
INSERT INTO users (id, first_name, last_name, email, password, phone, user_type, status, mail_verified, phone_verified) VALUES (3334, 'Moses', 'Otieno', 'mosesr@gmail.com', '$argon2i$v=19$m=16,t=2,p=1$bGFiVFNkNkl6YldhMEZ2Mg$KoO4yuR++bGwD7EviELL+Q', '0773013164', 'OWNER', 'VERIFIED', 0, 0);
INSERT INTO business (id, owner_id, name, country, pharmacode, status, type, currency, test, address) VALUES (1986, 3334, 'GEEL PHARMACY LTD (Nairobi)', 'KENYA', 'PPB/G/ 65', 'VERIFIED', 'PHARMACY', 'KES', 1, '2ND AVENUE');
INSERT INTO branch (id, name, address, main, business_id) VALUES (2084, 'Main Branch', '2ND AVENUE', 0, 1986);
INSERT INTO users (id, first_name, last_name, email, password, phone, user_type, status, mail_verified, phone_verified) VALUES (3335, 'Deborah', 'Muiruri', 'deborah98@gmail.com', '$argon2i$v=19$m=16,t=2,p=1$bGFiVFNkNkl6YldhMEZ2Mg$KoO4yuR++bGwD7EviELL+Q', '0741485225', 'OWNER', 'VERIFIED', 0, 0);
INSERT INTO business (id, owner_id, name, country, pharmacode, status, type, currency, test, address) VALUES (1987, 3335, 'GELNA PHARMACY  (Nairobi)', 'KENYA', 'PPB/G/240', 'VERIFIED', 'PHARMACY', 'KES', 1, 'nan');
INSERT INTO branch (id, name, address, main, business_id) VALUES (2085, 'Main Branch', 'nan', 0, 1987);
INSERT INTO users (id, first_name, last_name, email, password, phone, user_type, status, mail_verified, phone_verified) VALUES (3336, 'Ruth', 'Muthama', 'gcnair@yahoo.com', '$argon2i$v=19$m=16,t=2,p=1$bGFiVFNkNkl6YldhMEZ2Mg$KoO4yuR++bGwD7EviELL+Q', '0728454816', 'OWNER', 'VERIFIED', 0, 0);
INSERT INTO business (id, owner_id, name, country, pharmacode, status, type, currency, test, address) VALUES (1988, 3336, 'GENTEEL CHEMIST LIMITED-JAMHURI (Nairobi)', 'KENYA', 'PPB/G/1130', 'VERIFIED', 'PHARMACY', 'KES', 1, 'NGONG ROAD');
INSERT INTO branch (id, name, address, main, business_id) VALUES (2086, 'Main Branch', 'NGONG ROAD', 0, 1988);
INSERT INTO users (id, first_name, last_name, email, password, phone, user_type, status, mail_verified, phone_verified) VALUES (3337, 'Naomi', 'Mwanzia', 'naomi@yahoo.com', '$argon2i$v=19$m=16,t=2,p=1$bGFiVFNkNkl6YldhMEZ2Mg$KoO4yuR++bGwD7EviELL+Q', '0781063689', 'OWNER', 'VERIFIED', 0, 0);
INSERT INTO business (id, owner_id, name, country, pharmacode, status, type, currency, test, address) VALUES (1989, 3337, 'GEORGIOLANI LTD (Nairobi)', 'KENYA', 'PPB/G/1207', 'VERIFIED', 'PHARMACY', 'KES', 1, 'CHANIA AVENUE');
INSERT INTO branch (id, name, address, main, business_id) VALUES (2087, 'Main Branch', 'CHANIA AVENUE', 0, 1989);
INSERT INTO users (id, first_name, last_name, email, password, phone, user_type, status, mail_verified, phone_verified) VALUES (3338, 'Jacob', 'Mudavadi', 'gpnair@gmail.com', '$argon2i$v=19$m=16,t=2,p=1$bGFiVFNkNkl6YldhMEZ2Mg$KoO4yuR++bGwD7EviELL+Q', '0778706088', 'OWNER', 'VERIFIED', 0, 0);
INSERT INTO business (id, owner_id, name, country, pharmacode, status, type, currency, test, address) VALUES (1990, 3338, 'GEROMED PHARMACEUTICALS LTD (Nairobi)', 'KENYA', 'PPB/G/067', 'VERIFIED', 'PHARMACY', 'KES', 1, 'MUHOHO AVENUE');
INSERT INTO branch (id, name, address, main, business_id) VALUES (2088, 'Main Branch', 'MUHOHO AVENUE', 0, 1990);
INSERT INTO users (id, first_name, last_name, email, password, phone, user_type, status, mail_verified, phone_verified) VALUES (3339, 'Tabitha', 'Nyakundi', 'gpnair@gmail.com', '$argon2i$v=19$m=16,t=2,p=1$bGFiVFNkNkl6YldhMEZ2Mg$KoO4yuR++bGwD7EviELL+Q', '0767880387', 'OWNER', 'VERIFIED', 0, 0);
INSERT INTO business (id, owner_id, name, country, pharmacode, status, type, currency, test, address) VALUES (1991, 3339, 'GERUCHAH PHARMACY (Nairobi)', 'KENYA', 'PPB/G/1006', 'VERIFIED', 'PHARMACY', 'KES', 1, 'KAGUNDO ROAD');
INSERT INTO branch (id, name, address, main, business_id) VALUES (2089, 'Main Branch', 'KAGUNDO ROAD', 0, 1991);
INSERT INTO users (id, first_name, last_name, email, password, phone, user_type, status, mail_verified, phone_verified) VALUES (3340, 'Moses', 'Musyoka', 'moses@yahoo.com', '$argon2i$v=19$m=16,t=2,p=1$bGFiVFNkNkl6YldhMEZ2Mg$KoO4yuR++bGwD7EviELL+Q', '0744384597', 'OWNER', 'VERIFIED', 0, 0);
INSERT INTO business (id, owner_id, name, country, pharmacode, status, type, currency, test, address) VALUES (1992, 3340, 'GERY PHARMACEUTICALS - DALANI (Nairobi)', 'KENYA', 'PPB/G/186', 'VERIFIED', 'PHARMACY', 'KES', 1, 'OFF MAJANJA');
INSERT INTO branch (id, name, address, main, business_id) VALUES (2090, 'Main Branch', 'OFF MAJANJA', 0, 1992);
INSERT INTO users (id, first_name, last_name, email, password, phone, user_type, status, mail_verified, phone_verified) VALUES (3341, 'Mark', 'Kisilu', 'mark53@gmail.com', '$argon2i$v=19$m=16,t=2,p=1$bGFiVFNkNkl6YldhMEZ2Mg$KoO4yuR++bGwD7EviELL+Q', '0765824964', 'OWNER', 'VERIFIED', 0, 0);
INSERT INTO business (id, owner_id, name, country, pharmacode, status, type, currency, test, address) VALUES (1993, 3341, 'GEWAPHARM PHARMACY (Nairobi)', 'KENYA', 'PPB/G/1245', 'VERIFIED', 'PHARMACY', 'KES', 1, 'SPINE');
INSERT INTO branch (id, name, address, main, business_id) VALUES (2091, 'Main Branch', 'SPINE', 0, 1993);
INSERT INTO users (id, first_name, last_name, email, password, phone, user_type, status, mail_verified, phone_verified) VALUES (3342, 'Rebecca', 'Muthama', 'rebecca@yahoo.com', '$argon2i$v=19$m=16,t=2,p=1$bGFiVFNkNkl6YldhMEZ2Mg$KoO4yuR++bGwD7EviELL+Q', '0797991445', 'OWNER', 'VERIFIED', 0, 0);
INSERT INTO business (id, owner_id, name, country, pharmacode, status, type, currency, test, address) VALUES (1994, 3342, 'GHEMS CHEMIST-KARIOBANGI (Nairobi)', 'KENYA', 'PPB/G/1243', 'VERIFIED', 'PHARMACY', 'KES', 1, 'KARIOBANGI RD');
INSERT INTO branch (id, name, address, main, business_id) VALUES (2092, 'Main Branch', 'KARIOBANGI RD', 0, 1994);
INSERT INTO users (id, first_name, last_name, email, password, phone, user_type, status, mail_verified, phone_verified) VALUES (3343, 'Samuel', 'Wanjiru', 'gpnair@yahoo.com', '$argon2i$v=19$m=16,t=2,p=1$bGFiVFNkNkl6YldhMEZ2Mg$KoO4yuR++bGwD7EviELL+Q', '0744074410', 'OWNER', 'VERIFIED', 0, 0);
INSERT INTO business (id, owner_id, name, country, pharmacode, status, type, currency, test, address) VALUES (1995, 3343, 'GHEMS PHARMACEUTICALS LIMITED (Nairobi)', 'KENYA', 'PPB/G/945', 'VERIFIED', 'PHARMACY', 'KES', 1, 'FAHARI ROAD');
INSERT INTO branch (id, name, address, main, business_id) VALUES (2093, 'Main Branch', 'FAHARI ROAD', 0, 1995);
INSERT INTO users (id, first_name, last_name, email, password, phone, user_type, status, mail_verified, phone_verified) VALUES (3344, 'Lydia', 'Wanyama', 'gcnair@gmail.com', '$argon2i$v=19$m=16,t=2,p=1$bGFiVFNkNkl6YldhMEZ2Mg$KoO4yuR++bGwD7EviELL+Q', '0736945633', 'OWNER', 'VERIFIED', 0, 0);
INSERT INTO business (id, owner_id, name, country, pharmacode, status, type, currency, test, address) VALUES (1996, 3344, 'GIANT CHEMIST (Nairobi)', 'KENYA', 'PPB/G/938', 'VERIFIED', 'PHARMACY', 'KES', 1, 'MFANGANO STREET');
INSERT INTO branch (id, name, address, main, business_id) VALUES (2094, 'Main Branch', 'MFANGANO STREET', 0, 1996);
INSERT INTO users (id, first_name, last_name, email, password, phone, user_type, status, mail_verified, phone_verified) VALUES (3345, 'Rachel', 'Okello', 'rachel@yahoo.com', '$argon2i$v=19$m=16,t=2,p=1$bGFiVFNkNkl6YldhMEZ2Mg$KoO4yuR++bGwD7EviELL+Q', '0761477365', 'OWNER', 'VERIFIED', 0, 0);
INSERT INTO business (id, owner_id, name, country, pharmacode, status, type, currency, test, address) VALUES (1997, 3345, 'GIDD PHARMACY LIMITED (Nairobi)', 'KENYA', 'PPB/G/1149', 'VERIFIED', 'PHARMACY', 'KES', 1, 'EASTERN BYPASS ROAD');
INSERT INTO branch (id, name, address, main, business_id) VALUES (2095, 'Main Branch', 'EASTERN BYPASS ROAD', 0, 1997);
INSERT INTO users (id, first_name, last_name, email, password, phone, user_type, status, mail_verified, phone_verified) VALUES (3346, 'Rebecca', 'Odhiambo', 'rebeccar@yahoo.com', '$argon2i$v=19$m=16,t=2,p=1$bGFiVFNkNkl6YldhMEZ2Mg$KoO4yuR++bGwD7EviELL+Q', '0795148863', 'OWNER', 'VERIFIED', 0, 0);
INSERT INTO business (id, owner_id, name, country, pharmacode, status, type, currency, test, address) VALUES (1998, 3346, 'GIDD PHARMACY LTD (Nairobi)', 'KENYA', 'PPB/G/1214', 'VERIFIED', 'PHARMACY', 'KES', 1, 'UTAWALA ROAD OFF EASTERN BYPASS');
INSERT INTO branch (id, name, address, main, business_id) VALUES (2096, 'Main Branch', 'UTAWALA ROAD OFF EASTERN BYPASS', 0, 1998);
INSERT INTO users (id, first_name, last_name, email, password, phone, user_type, status, mail_verified, phone_verified) VALUES (3347, 'Priscilla', 'Ruto', 'gpnair@gmail.com', '$argon2i$v=19$m=16,t=2,p=1$bGFiVFNkNkl6YldhMEZ2Mg$KoO4yuR++bGwD7EviELL+Q', '0754360855', 'OWNER', 'VERIFIED', 0, 0);
INSERT INTO business (id, owner_id, name, country, pharmacode, status, type, currency, test, address) VALUES (1999, 3347, 'GIFTED-HANDS PHARMACY (Nairobi)', 'KENYA', 'PPB/G/1108', 'VERIFIED', 'PHARMACY', 'KES', 1, 'KAMITI ROAD');
INSERT INTO branch (id, name, address, main, business_id) VALUES (2097, 'Main Branch', 'KAMITI ROAD', 0, 1999);
INSERT INTO users (id, first_name, last_name, email, password, phone, user_type, status, mail_verified, phone_verified) VALUES (3348, 'Joshua', 'Onyango', 'gpnair@gmail.com', '$argon2i$v=19$m=16,t=2,p=1$bGFiVFNkNkl6YldhMEZ2Mg$KoO4yuR++bGwD7EviELL+Q', '0721779737', 'OWNER', 'VERIFIED', 0, 0);
INSERT INTO business (id, owner_id, name, country, pharmacode, status, type, currency, test, address) VALUES (2000, 3348, 'GIKOPHARM PHARMACY (Nairobi)', 'KENYA', 'PPB/G/111', 'VERIFIED', 'PHARMACY', 'KES', 1, 'NEW PUMWANI RD');
INSERT INTO branch (id, name, address, main, business_id) VALUES (2098, 'Main Branch', 'NEW PUMWANI RD', 0, 2000);
INSERT INTO users (id, first_name, last_name, email, password, phone, user_type, status, mail_verified, phone_verified) VALUES (3349, 'Joanna', 'Kisilu', 'joanna90@yahoo.com', '$argon2i$v=19$m=16,t=2,p=1$bGFiVFNkNkl6YldhMEZ2Mg$KoO4yuR++bGwD7EviELL+Q', '0713773077', 'OWNER', 'VERIFIED', 0, 0);
INSERT INTO business (id, owner_id, name, country, pharmacode, status, type, currency, test, address) VALUES (2001, 3349, 'GILLS PHARMACY (Nairobi)', 'KENYA', 'PPB/G/0122', 'VERIFIED', 'PHARMACY', 'KES', 1, 'MUMIAS SOUTH ROAD');
INSERT INTO branch (id, name, address, main, business_id) VALUES (2099, 'Main Branch', 'MUMIAS SOUTH ROAD', 0, 2001);
INSERT INTO users (id, first_name, last_name, email, password, phone, user_type, status, mail_verified, phone_verified) VALUES (3350, 'Elijah', 'Mukhisa', 'gpnair@gmail.com', '$argon2i$v=19$m=16,t=2,p=1$bGFiVFNkNkl6YldhMEZ2Mg$KoO4yuR++bGwD7EviELL+Q', '0771627294', 'OWNER', 'VERIFIED', 0, 0);
INSERT INTO business (id, owner_id, name, country, pharmacode, status, type, currency, test, address) VALUES (2002, 3350, 'GITA PHARMACY (Nairobi)', 'KENYA', 'PPB/G/152', 'VERIFIED', 'PHARMACY', 'KES', 1, 'JOGOO ROAD');
INSERT INTO branch (id, name, address, main, business_id) VALUES (2100, 'Main Branch', 'JOGOO ROAD', 0, 2002);
INSERT INTO users (id, first_name, last_name, email, password, phone, user_type, status, mail_verified, phone_verified) VALUES (3351, 'Luke', 'Mogaka', 'luke73@yahoo.com', '$argon2i$v=19$m=16,t=2,p=1$bGFiVFNkNkl6YldhMEZ2Mg$KoO4yuR++bGwD7EviELL+Q', '0772182717', 'OWNER', 'VERIFIED', 0, 0);
INSERT INTO business (id, owner_id, name, country, pharmacode, status, type, currency, test, address) VALUES (2003, 3351, 'GITHA PLUS PHARMACY (Nairobi)', 'KENYA', 'PPB/G/1170', 'VERIFIED', 'PHARMACY', 'KES', 1, 'GITHURAI');
INSERT INTO branch (id, name, address, main, business_id) VALUES (2101, 'Main Branch', 'GITHURAI', 0, 2003);
INSERT INTO users (id, first_name, last_name, email, password, phone, user_type, status, mail_verified, phone_verified) VALUES (3352, 'Matthew', 'Ochieng', 'matthew@gmail.com', '$argon2i$v=19$m=16,t=2,p=1$bGFiVFNkNkl6YldhMEZ2Mg$KoO4yuR++bGwD7EviELL+Q', '0752117917', 'OWNER', 'VERIFIED', 0, 0);
INSERT INTO business (id, owner_id, name, country, pharmacode, status, type, currency, test, address) VALUES (2004, 3352, 'GITHIMU PHARMACEUTICALS -SAIKA (Nairobi)', 'KENYA', 'PPB//G/281', 'VERIFIED', 'PHARMACY', 'KES', 1, 'MOI DRIVE');
INSERT INTO branch (id, name, address, main, business_id) VALUES (2102, 'Main Branch', 'MOI DRIVE', 0, 2004);
INSERT INTO users (id, first_name, last_name, email, password, phone, user_type, status, mail_verified, phone_verified) VALUES (3353, 'Jonathan', 'Owino', 'jonathanr@gmail.com', '$argon2i$v=19$m=16,t=2,p=1$bGFiVFNkNkl6YldhMEZ2Mg$KoO4yuR++bGwD7EviELL+Q', '0778150718', 'OWNER', 'VERIFIED', 0, 0);
INSERT INTO business (id, owner_id, name, country, pharmacode, status, type, currency, test, address) VALUES (2005, 3353, 'GITHURA AIRPORT CHEMIST (Nairobi)', 'KENYA', 'PPB/G/1178', 'VERIFIED', 'PHARMACY', 'KES', 1, 'GITHURAI 44');
INSERT INTO branch (id, name, address, main, business_id) VALUES (2103, 'Main Branch', 'GITHURAI 44', 0, 2005);
INSERT INTO users (id, first_name, last_name, email, password, phone, user_type, status, mail_verified, phone_verified) VALUES (3354, 'Barnabas', 'Chepkwony', 'gcnair@gmail.com', '$argon2i$v=19$m=16,t=2,p=1$bGFiVFNkNkl6YldhMEZ2Mg$KoO4yuR++bGwD7EviELL+Q', '0782803610', 'OWNER', 'VERIFIED', 0, 0);
INSERT INTO business (id, owner_id, name, country, pharmacode, status, type, currency, test, address) VALUES (2006, 3354, 'GITHURAI CHEMISTS (Nairobi)', 'KENYA', 'PPB/G/72', 'VERIFIED', 'PHARMACY', 'KES', 1, 'THIKA RD');
INSERT INTO branch (id, name, address, main, business_id) VALUES (2104, 'Main Branch', 'THIKA RD', 0, 2006);
INSERT INTO users (id, first_name, last_name, email, password, phone, user_type, status, mail_verified, phone_verified) VALUES (3355, 'Priscilla', 'Nyakundi', 'gpnair@gmail.com', '$argon2i$v=19$m=16,t=2,p=1$bGFiVFNkNkl6YldhMEZ2Mg$KoO4yuR++bGwD7EviELL+Q', '0772056563', 'OWNER', 'VERIFIED', 0, 0);
INSERT INTO business (id, owner_id, name, country, pharmacode, status, type, currency, test, address) VALUES (2007, 3355, 'GITOKA PHARMACY (Nairobi)', 'KENYA', 'PPB/G/302', 'VERIFIED', 'PHARMACY', 'KES', 1, 'WAIYAKI WAY');
INSERT INTO branch (id, name, address, main, business_id) VALUES (2105, 'Main Branch', 'WAIYAKI WAY', 0, 2007);
INSERT INTO users (id, first_name, last_name, email, password, phone, user_type, status, mail_verified, phone_verified) VALUES (3356, 'Jesse', 'Monyancha', 'grphar@yahoo.com', '$argon2i$v=19$m=16,t=2,p=1$bGFiVFNkNkl6YldhMEZ2Mg$KoO4yuR++bGwD7EviELL+Q', '0783116004', 'OWNER', 'VERIFIED', 0, 0);
INSERT INTO business (id, owner_id, name, country, pharmacode, status, type, currency, test, address) VALUES (2008, 3356, 'GIWA RAPHA SPRINGING OVER VIEW PHARMACY', 'KENYA', 'PPB/G/1473', 'VERIFIED', 'PHARMACY', 'KES', 1, 'KAWAIDA ALONG NAIROBI NAZARETH ROAD');
INSERT INTO branch (id, name, address, main, business_id) VALUES (2106, 'Main Branch', 'KAWAIDA ALONG NAIROBI NAZARETH ROAD', 0, 2008);
INSERT INTO users (id, first_name, last_name, email, password, phone, user_type, status, mail_verified, phone_verified) VALUES (3357, 'Philip', 'Mudavadi', 'philip@gmail.com', '$argon2i$v=19$m=16,t=2,p=1$bGFiVFNkNkl6YldhMEZ2Mg$KoO4yuR++bGwD7EviELL+Q', '0787591814', 'OWNER', 'VERIFIED', 0, 0);
INSERT INTO business (id, owner_id, name, country, pharmacode, status, type, currency, test, address) VALUES (2009, 3357, 'GLADEM PHARMACY-MARURUI (Nairobi)', 'KENYA', 'PPB/G/1100', 'VERIFIED', 'PHARMACY', 'KES', 1, 'JUAKALI-MARURUI ROAD');
INSERT INTO branch (id, name, address, main, business_id) VALUES (2107, 'Main Branch', 'JUAKALI-MARURUI ROAD', 0, 2009);
INSERT INTO users (id, first_name, last_name, email, password, phone, user_type, status, mail_verified, phone_verified) VALUES (3358, 'Joanna', 'Cheruiyot', 'gpnair@yahoo.com', '$argon2i$v=19$m=16,t=2,p=1$bGFiVFNkNkl6YldhMEZ2Mg$KoO4yuR++bGwD7EviELL+Q', '0774535102', 'OWNER', 'VERIFIED', 0, 0);
INSERT INTO business (id, owner_id, name, country, pharmacode, status, type, currency, test, address) VALUES (2010, 3358, 'GLEAM PHARMACY (Nairobi)', 'KENYA', 'PPB/G/228', 'VERIFIED', 'PHARMACY', 'KES', 1, 'OFF KAMITI RD');
INSERT INTO branch (id, name, address, main, business_id) VALUES (2108, 'Main Branch', 'OFF KAMITI RD', 0, 2010);
INSERT INTO users (id, first_name, last_name, email, password, phone, user_type, status, mail_verified, phone_verified) VALUES (3359, 'Leah', 'Odhiambo', 'leahr@yahoo.com', '$argon2i$v=19$m=16,t=2,p=1$bGFiVFNkNkl6YldhMEZ2Mg$KoO4yuR++bGwD7EviELL+Q', '0794980983', 'OWNER', 'VERIFIED', 0, 0);
INSERT INTO business (id, owner_id, name, country, pharmacode, status, type, currency, test, address) VALUES (2011, 3359, 'GOCATE CHEMIST (Nairobi)', 'KENYA', 'PPB/G/1161', 'VERIFIED', 'PHARMACY', 'KES', 1, 'AIRPORT NORTH ROAD');
INSERT INTO branch (id, name, address, main, business_id) VALUES (2109, 'Main Branch', 'AIRPORT NORTH ROAD', 0, 2011);
INSERT INTO users (id, first_name, last_name, email, password, phone, user_type, status, mail_verified, phone_verified) VALUES (3360, 'Esther', 'Wanjiru', 'gpnair@gmail.com', '$argon2i$v=19$m=16,t=2,p=1$bGFiVFNkNkl6YldhMEZ2Mg$KoO4yuR++bGwD7EviELL+Q', '0738353466', 'OWNER', 'VERIFIED', 0, 0);
INSERT INTO business (id, owner_id, name, country, pharmacode, status, type, currency, test, address) VALUES (2012, 3360, 'GOLAN PHARMACEUTICAL LTD JOGOO ROAD BRANCH (Nairobi)', 'KENYA', 'PPB/G/944', 'VERIFIED', 'PHARMACY', 'KES', 1, 'JOGOO ROAD');
INSERT INTO branch (id, name, address, main, business_id) VALUES (2110, 'Main Branch', 'JOGOO ROAD', 0, 2012);
INSERT INTO users (id, first_name, last_name, email, password, phone, user_type, status, mail_verified, phone_verified) VALUES (3361, 'Joanna', 'Ochieng', 'gpnair@gmail.com', '$argon2i$v=19$m=16,t=2,p=1$bGFiVFNkNkl6YldhMEZ2Mg$KoO4yuR++bGwD7EviELL+Q', '0740127169', 'OWNER', 'VERIFIED', 0, 0);
INSERT INTO business (id, owner_id, name, country, pharmacode, status, type, currency, test, address) VALUES (2013, 3361, 'GOLD-CHEM PHARMACY-GIKOMBAA (Nairobi)', 'KENYA', 'PPB/G/198', 'VERIFIED', 'PHARMACY', 'KES', 1, 'CHIRIKU LANE- BEHIDE EQUITY BANK');
INSERT INTO branch (id, name, address, main, business_id) VALUES (2111, 'Main Branch', 'CHIRIKU LANE- BEHIDE EQUITY BANK', 0, 2013);
INSERT INTO users (id, first_name, last_name, email, password, phone, user_type, status, mail_verified, phone_verified) VALUES (3362, 'Rebecca', 'Odinga', 'rebeccar@gmail.com', '$argon2i$v=19$m=16,t=2,p=1$bGFiVFNkNkl6YldhMEZ2Mg$KoO4yuR++bGwD7EviELL+Q', '0726587753', 'OWNER', 'VERIFIED', 0, 0);
INSERT INTO business (id, owner_id, name, country, pharmacode, status, type, currency, test, address) VALUES (2014, 3362, 'GOLDLITE PHARMACY LIMITED', 'KENYA', 'PPB/G/1334', 'VERIFIED', 'PHARMACY', 'KES', 1, 'MUTINDWA ROAD');
INSERT INTO branch (id, name, address, main, business_id) VALUES (2112, 'Main Branch', 'MUTINDWA ROAD', 0, 2014);
INSERT INTO users (id, first_name, last_name, email, password, phone, user_type, status, mail_verified, phone_verified) VALUES (3363, 'Tabitha', 'Khisa', 'tabitha@gmail.com', '$argon2i$v=19$m=16,t=2,p=1$bGFiVFNkNkl6YldhMEZ2Mg$KoO4yuR++bGwD7EviELL+Q', '0784196429', 'OWNER', 'VERIFIED', 0, 0);
INSERT INTO business (id, owner_id, name, country, pharmacode, status, type, currency, test, address) VALUES (2015, 3363, 'GOLDMED PHARMACY LTD-BAZAAR PLAZA (Nairobi)', 'KENYA', 'PPB/G/108', 'VERIFIED', 'PHARMACY', 'KES', 1, 'BIASHARA STREET');
INSERT INTO branch (id, name, address, main, business_id) VALUES (2113, 'Main Branch', 'BIASHARA STREET', 0, 2015);
INSERT INTO users (id, first_name, last_name, email, password, phone, user_type, status, mail_verified, phone_verified) VALUES (3364, 'Ethan', 'Kiptoo', 'ethanr@yahoo.com', '$argon2i$v=19$m=16,t=2,p=1$bGFiVFNkNkl6YldhMEZ2Mg$KoO4yuR++bGwD7EviELL+Q', '0712555011', 'OWNER', 'VERIFIED', 0, 0);
INSERT INTO business (id, owner_id, name, country, pharmacode, status, type, currency, test, address) VALUES (2016, 3364, 'GOLDMED PHARMACY LTD-NAIROBI WEST (Nairobi)', 'KENYA', 'PPB/G/108B', 'VERIFIED', 'PHARMACY', 'KES', 1, 'GANDHI AVENUE');
INSERT INTO branch (id, name, address, main, business_id) VALUES (2114, 'Main Branch', 'GANDHI AVENUE', 0, 2016);
INSERT INTO users (id, first_name, last_name, email, password, phone, user_type, status, mail_verified, phone_verified) VALUES (3365, 'Levi', 'Muiruri', 'levi39@gmail.com', '$argon2i$v=19$m=16,t=2,p=1$bGFiVFNkNkl6YldhMEZ2Mg$KoO4yuR++bGwD7EviELL+Q', '0745855295', 'OWNER', 'VERIFIED', 0, 0);
INSERT INTO business (id, owner_id, name, country, pharmacode, status, type, currency, test, address) VALUES (2017, 3365, 'GOLDPHARM HEALTHCARE SERVICES LTD (Nairobi)', 'KENYA', 'PPB/G/171', 'VERIFIED', 'PHARMACY', 'KES', 1, 'KINYANJUI ROAD');
INSERT INTO branch (id, name, address, main, business_id) VALUES (2115, 'Main Branch', 'KINYANJUI ROAD', 0, 2017);
INSERT INTO users (id, first_name, last_name, email, password, phone, user_type, status, mail_verified, phone_verified) VALUES (3366, 'Martha', 'Muiruri', 'gsnair@yahoo.com', '$argon2i$v=19$m=16,t=2,p=1$bGFiVFNkNkl6YldhMEZ2Mg$KoO4yuR++bGwD7EviELL+Q', '0744063509', 'OWNER', 'VERIFIED', 0, 0);
INSERT INTO business (id, owner_id, name, country, pharmacode, status, type, currency, test, address) VALUES (2018, 3366, 'GOOD SPRINGS PHARMACY (Nairobi)', 'KENYA', 'PPB/G/1261', 'VERIFIED', 'PHARMACY', 'KES', 1, 'MUHUYU ROAD');
INSERT INTO branch (id, name, address, main, business_id) VALUES (2116, 'Main Branch', 'MUHUYU ROAD', 0, 2018);
INSERT INTO users (id, first_name, last_name, email, password, phone, user_type, status, mail_verified, phone_verified) VALUES (3367, 'Jacob', 'Kamau', 'jacob@yahoo.com', '$argon2i$v=19$m=16,t=2,p=1$bGFiVFNkNkl6YldhMEZ2Mg$KoO4yuR++bGwD7EviELL+Q', '0764487117', 'OWNER', 'VERIFIED', 0, 0);
INSERT INTO business (id, owner_id, name, country, pharmacode, status, type, currency, test, address) VALUES (2019, 3367, 'GOODLIFE  PHARMACY LTD-KAREN (Nairobi)', 'KENYA', 'PPB/M/605 \\\\\\''D\\\\\\''', 'VERIFIED', 'PHARMACY', 'KES', 1, 'LANGATA');
INSERT INTO branch (id, name, address, main, business_id) VALUES (2117, 'Main Branch', 'LANGATA', 0, 2019);
INSERT INTO users (id, first_name, last_name, email, password, phone, user_type, status, mail_verified, phone_verified) VALUES (3368, 'Reuben', 'Marube', 'reubenr@yahoo.com', '$argon2i$v=19$m=16,t=2,p=1$bGFiVFNkNkl6YldhMEZ2Mg$KoO4yuR++bGwD7EviELL+Q', '0739517541', 'OWNER', 'VERIFIED', 0, 0);
INSERT INTO business (id, owner_id, name, country, pharmacode, status, type, currency, test, address) VALUES (2020, 3368, 'GOODLIFE  PHARMACY LTD-ROSSLYN RIVIERA (Nairobi)', 'KENYA', 'PPB/M/8693', 'VERIFIED', 'PHARMACY', 'KES', 1, 'LIMURU');
INSERT INTO branch (id, name, address, main, business_id) VALUES (2118, 'Main Branch', 'LIMURU', 0, 2020);
INSERT INTO users (id, first_name, last_name, email, password, phone, user_type, status, mail_verified, phone_verified) VALUES (3369, 'Matthew', 'Odinga', 'gpnair@yahoo.com', '$argon2i$v=19$m=16,t=2,p=1$bGFiVFNkNkl6YldhMEZ2Mg$KoO4yuR++bGwD7EviELL+Q', '0796786371', 'OWNER', 'VERIFIED', 0, 0);
INSERT INTO business (id, owner_id, name, country, pharmacode, status, type, currency, test, address) VALUES (2021, 3369, 'GOODLIFE PHARMACY  LTD- GREENSPAN (Nairobi)', 'KENYA', 'PPB/M/8519', 'VERIFIED', 'PHARMACY', 'KES', 1, 'DONHOLM ROAD');
INSERT INTO branch (id, name, address, main, business_id) VALUES (2119, 'Main Branch', 'DONHOLM ROAD', 0, 2021);
INSERT INTO users (id, first_name, last_name, email, password, phone, user_type, status, mail_verified, phone_verified) VALUES (3370, 'Esther', 'Kilonzo', 'esther@gmail.com', '$argon2i$v=19$m=16,t=2,p=1$bGFiVFNkNkl6YldhMEZ2Mg$KoO4yuR++bGwD7EviELL+Q', '0747410013', 'OWNER', 'VERIFIED', 0, 0);
INSERT INTO business (id, owner_id, name, country, pharmacode, status, type, currency, test, address) VALUES (2022, 3370, 'GOODLIFE PHARMACY LIMITED - CITY SQUARE (Nairobi)', 'KENYA', 'PPB/G/1091', 'VERIFIED', 'PHARMACY', 'KES', 1, 'HARAMBEE AVENUE');
INSERT INTO branch (id, name, address, main, business_id) VALUES (2120, 'Main Branch', 'HARAMBEE AVENUE', 0, 2022);
INSERT INTO users (id, first_name, last_name, email, password, phone, user_type, status, mail_verified, phone_verified) VALUES (3371, 'Rebecca', 'Ongeri', 'rebecca36@gmail.com', '$argon2i$v=19$m=16,t=2,p=1$bGFiVFNkNkl6YldhMEZ2Mg$KoO4yuR++bGwD7EviELL+Q', '0713883310', 'OWNER', 'VERIFIED', 0, 0);
INSERT INTO business (id, owner_id, name, country, pharmacode, status, type, currency, test, address) VALUES (2023, 3371, 'GOODLIFE PHARMACY LIMITED - EASTGATE MALL (Nairobi)', 'KENYA', 'PPB/G/1139', 'VERIFIED', 'PHARMACY', 'KES', 1, 'MANYANJA ROAD');
INSERT INTO branch (id, name, address, main, business_id) VALUES (2121, 'Main Branch', 'MANYANJA ROAD', 0, 2023);
INSERT INTO users (id, first_name, last_name, email, password, phone, user_type, status, mail_verified, phone_verified) VALUES (3372, 'Lydia', 'Ongeri', 'gpnair@gmail.com', '$argon2i$v=19$m=16,t=2,p=1$bGFiVFNkNkl6YldhMEZ2Mg$KoO4yuR++bGwD7EviELL+Q', '0779282326', 'OWNER', 'VERIFIED', 0, 0);
INSERT INTO business (id, owner_id, name, country, pharmacode, status, type, currency, test, address) VALUES (2024, 3372, 'GOODLIFE PHARMACY LIMITED - GENERAL MATHENGE (WESTLANDS) (Nairobi)', 'KENYA', 'PPB/G/1187', 'VERIFIED', 'PHARMACY', 'KES', 1, 'GENERAL MATHENGE');
INSERT INTO branch (id, name, address, main, business_id) VALUES (2122, 'Main Branch', 'GENERAL MATHENGE', 0, 2024);
INSERT INTO users (id, first_name, last_name, email, password, phone, user_type, status, mail_verified, phone_verified) VALUES (3373, 'Sarah', 'Shikuku', 'gpnair@yahoo.com', '$argon2i$v=19$m=16,t=2,p=1$bGFiVFNkNkl6YldhMEZ2Mg$KoO4yuR++bGwD7EviELL+Q', '0757839431', 'OWNER', 'VERIFIED', 0, 0);
INSERT INTO business (id, owner_id, name, country, pharmacode, status, type, currency, test, address) VALUES (2025, 3373, 'GOODLIFE PHARMACY LIMITED - HURLINGHAM PLAZA (Nairobi)', 'KENYA', 'PPB/G/1303', 'VERIFIED', 'PHARMACY', 'KES', 1, 'ARGWINGS KODHEK');
INSERT INTO branch (id, name, address, main, business_id) VALUES (2123, 'Main Branch', 'ARGWINGS KODHEK', 0, 2025);
INSERT INTO users (id, first_name, last_name, email, password, phone, user_type, status, mail_verified, phone_verified) VALUES (3374, 'Lydia', 'Musyoka', 'gpnair@gmail.com', '$argon2i$v=19$m=16,t=2,p=1$bGFiVFNkNkl6YldhMEZ2Mg$KoO4yuR++bGwD7EviELL+Q', '0794482971', 'OWNER', 'VERIFIED', 0, 0);
INSERT INTO business (id, owner_id, name, country, pharmacode, status, type, currency, test, address) VALUES (2026, 3374, 'GOODLIFE PHARMACY LIMITED - KENOL LORESHO (Nairobi)', 'KENYA', 'PPB/G/1204', 'VERIFIED', 'PHARMACY', 'KES', 1, 'LORESHO RIDGE');
INSERT INTO branch (id, name, address, main, business_id) VALUES (2124, 'Main Branch', 'LORESHO RIDGE', 0, 2026);
INSERT INTO users (id, first_name, last_name, email, password, phone, user_type, status, mail_verified, phone_verified) VALUES (3375, 'Zachary', 'Odhiambo', 'zachary@gmail.com', '$argon2i$v=19$m=16,t=2,p=1$bGFiVFNkNkl6YldhMEZ2Mg$KoO4yuR++bGwD7EviELL+Q', '0775686160', 'OWNER', 'VERIFIED', 0, 0);
INSERT INTO business (id, owner_id, name, country, pharmacode, status, type, currency, test, address) VALUES (2027, 3375, 'GOODLIFE PHARMACY LIMITED - KENYATTA AVENUE (Nairobi)', 'KENYA', 'PPB/G/1134', 'VERIFIED', 'PHARMACY', 'KES', 1, 'KENYATTA AVENUE');
INSERT INTO branch (id, name, address, main, business_id) VALUES (2125, 'Main Branch', 'KENYATTA AVENUE', 0, 2027);
INSERT INTO users (id, first_name, last_name, email, password, phone, user_type, status, mail_verified, phone_verified) VALUES (3376, 'Mary', 'Ngui', 'gpnair@yahoo.com', '$argon2i$v=19$m=16,t=2,p=1$bGFiVFNkNkl6YldhMEZ2Mg$KoO4yuR++bGwD7EviELL+Q', '0757509272', 'OWNER', 'VERIFIED', 0, 0);
INSERT INTO business (id, owner_id, name, country, pharmacode, status, type, currency, test, address) VALUES (2028, 3376, 'GOODLIFE PHARMACY LIMITED - KILIMANI (Nairobi)', 'KENYA', 'PPB/G/1165', 'VERIFIED', 'PHARMACY', 'KES', 1, 'ARGWINGS KODHEK RD');
INSERT INTO branch (id, name, address, main, business_id) VALUES (2126, 'Main Branch', 'ARGWINGS KODHEK RD', 0, 2028);
INSERT INTO users (id, first_name, last_name, email, password, phone, user_type, status, mail_verified, phone_verified) VALUES (3377, 'Rebekah', 'Nanjala', 'gpmall@yahoo.com', '$argon2i$v=19$m=16,t=2,p=1$bGFiVFNkNkl6YldhMEZ2Mg$KoO4yuR++bGwD7EviELL+Q', '0714421359', 'OWNER', 'VERIFIED', 0, 0);
INSERT INTO business (id, owner_id, name, country, pharmacode, status, type, currency, test, address) VALUES (2029, 3377, 'GOODLIFE PHARMACY LIMITED - KISUMU MEGA CITY MALL', 'KENYA', 'PPB/G/1323', 'VERIFIED', 'PHARMACY', 'KES', 1, 'NAIROBI ROAD');
INSERT INTO branch (id, name, address, main, business_id) VALUES (2127, 'Main Branch', 'NAIROBI ROAD', 0, 2029);
INSERT INTO users (id, first_name, last_name, email, password, phone, user_type, status, mail_verified, phone_verified) VALUES (3378, 'Caleb', 'Shikuku', 'caleb44@yahoo.com', '$argon2i$v=19$m=16,t=2,p=1$bGFiVFNkNkl6YldhMEZ2Mg$KoO4yuR++bGwD7EviELL+Q', '0727107281', 'OWNER', 'VERIFIED', 0, 0);
INSERT INTO business (id, owner_id, name, country, pharmacode, status, type, currency, test, address) VALUES (2030, 3378, 'GOODLIFE PHARMACY LIMITED - KISUMU MEGA CITY MALL (KISUMU)', 'KENYA', 'PPB/G/1474', 'VERIFIED', 'PHARMACY', 'KES', 1, 'NAIROBI ROAD');
INSERT INTO branch (id, name, address, main, business_id) VALUES (2128, 'Main Branch', 'NAIROBI ROAD', 0, 2030);
INSERT INTO users (id, first_name, last_name, email, password, phone, user_type, status, mail_verified, phone_verified) VALUES (3379, 'Phoebe', 'Mudavadi', 'gpnair@gmail.com', '$argon2i$v=19$m=16,t=2,p=1$bGFiVFNkNkl6YldhMEZ2Mg$KoO4yuR++bGwD7EviELL+Q', '0733001424', 'OWNER', 'VERIFIED', 0, 0);
INSERT INTO business (id, owner_id, name, country, pharmacode, status, type, currency, test, address) VALUES (2031, 3379, 'GOODLIFE PHARMACY LIMITED - LAVINGTON (NAIROBI) (Nairobi)', 'KENYA', 'PPB/G/1195', 'VERIFIED', 'PHARMACY', 'KES', 1, 'JAMES GICHURU');
INSERT INTO branch (id, name, address, main, business_id) VALUES (2129, 'Main Branch', 'JAMES GICHURU', 0, 2031);
INSERT INTO users (id, first_name, last_name, email, password, phone, user_type, status, mail_verified, phone_verified) VALUES (3380, 'Lydia', 'Ratemo', 'lydia@yahoo.com', '$argon2i$v=19$m=16,t=2,p=1$bGFiVFNkNkl6YldhMEZ2Mg$KoO4yuR++bGwD7EviELL+Q', '0714688250', 'OWNER', 'VERIFIED', 0, 0);
INSERT INTO business (id, owner_id, name, country, pharmacode, status, type, currency, test, address) VALUES (2032, 3380, 'GOODLIFE PHARMACY LIMITED - MUTHAIGA (Nairobi)', 'KENYA', 'PPB/G/1112', 'VERIFIED', 'PHARMACY', 'KES', 1, 'LIMURU ROAD');
INSERT INTO branch (id, name, address, main, business_id) VALUES (2130, 'Main Branch', 'LIMURU ROAD', 0, 2032);
INSERT INTO users (id, first_name, last_name, email, password, phone, user_type, status, mail_verified, phone_verified) VALUES (3381, 'Rebekah', 'Mutua', 'rebekah@gmail.com', '$argon2i$v=19$m=16,t=2,p=1$bGFiVFNkNkl6YldhMEZ2Mg$KoO4yuR++bGwD7EviELL+Q', '0783423604', 'OWNER', 'VERIFIED', 0, 0);
INSERT INTO business (id, owner_id, name, country, pharmacode, status, type, currency, test, address) VALUES (2033, 3381, 'GOODLIFE PHARMACY LIMITED - NAIROBI MEGA (UHURU HIGHWAY) (Nairobi)', 'KENYA', 'PPB/G/1239', 'VERIFIED', 'PHARMACY', 'KES', 1, 'UHURU HIGHWAY');
INSERT INTO branch (id, name, address, main, business_id) VALUES (2131, 'Main Branch', 'UHURU HIGHWAY', 0, 2033);
INSERT INTO users (id, first_name, last_name, email, password, phone, user_type, status, mail_verified, phone_verified) VALUES (3382, 'Levi', 'Mogaka', 'gpwest@yahoo.com', '$argon2i$v=19$m=16,t=2,p=1$bGFiVFNkNkl6YldhMEZ2Mg$KoO4yuR++bGwD7EviELL+Q', '0760709116', 'OWNER', 'VERIFIED', 0, 0);
INSERT INTO business (id, owner_id, name, country, pharmacode, status, type, currency, test, address) VALUES (2034, 3382, 'GOODLIFE PHARMACY LIMITED - NAIROBI WEST', 'KENYA', 'PPB/G/1432', 'VERIFIED', 'PHARMACY', 'KES', 1, 'MUTHAITI ROAD NAIROBI WEST');
INSERT INTO branch (id, name, address, main, business_id) VALUES (2132, 'Main Branch', 'MUTHAITI ROAD NAIROBI WEST', 0, 2034);
INSERT INTO users (id, first_name, last_name, email, password, phone, user_type, status, mail_verified, phone_verified) VALUES (3383, 'Rebecca', 'Otieno', 'gpnair@yahoo.com', '$argon2i$v=19$m=16,t=2,p=1$bGFiVFNkNkl6YldhMEZ2Mg$KoO4yuR++bGwD7EviELL+Q', '0737089995', 'OWNER', 'VERIFIED', 0, 0);
INSERT INTO business (id, owner_id, name, country, pharmacode, status, type, currency, test, address) VALUES (2035, 3383, 'GOODLIFE PHARMACY LIMITED - RHAPTA ROAD (Nairobi)', 'KENYA', 'PPB/G/1304', 'VERIFIED', 'PHARMACY', 'KES', 1, 'MUMIAS ROAD');
INSERT INTO branch (id, name, address, main, business_id) VALUES (2133, 'Main Branch', 'MUMIAS ROAD', 0, 2035);
INSERT INTO users (id, first_name, last_name, email, password, phone, user_type, status, mail_verified, phone_verified) VALUES (3384, 'Mark', 'Cherono', 'gpnair@yahoo.com', '$argon2i$v=19$m=16,t=2,p=1$bGFiVFNkNkl6YldhMEZ2Mg$KoO4yuR++bGwD7EviELL+Q', '0789217379', 'OWNER', 'VERIFIED', 0, 0);
INSERT INTO business (id, owner_id, name, country, pharmacode, status, type, currency, test, address) VALUES (2036, 3384, 'GOODLIFE PHARMACY LIMITED - SARIT CENTRE (Nairobi)', 'KENYA', 'PPB/G/1152', 'VERIFIED', 'PHARMACY', 'KES', 1, 'KARUNA ROAD');
INSERT INTO branch (id, name, address, main, business_id) VALUES (2134, 'Main Branch', 'KARUNA ROAD', 0, 2036);
INSERT INTO users (id, first_name, last_name, email, password, phone, user_type, status, mail_verified, phone_verified) VALUES (3385, 'Jesse', 'Kiptoo', 'jesser@gmail.com', '$argon2i$v=19$m=16,t=2,p=1$bGFiVFNkNkl6YldhMEZ2Mg$KoO4yuR++bGwD7EviELL+Q', '0766502285', 'OWNER', 'VERIFIED', 0, 0);
INSERT INTO business (id, owner_id, name, country, pharmacode, status, type, currency, test, address) VALUES (2037, 3385, 'GOODLIFE PHARMACY LIMITED - SAROVA STANLEY (KIMATHI STREET) (Nairobi)', 'KENYA', 'PPB/G/1210', 'VERIFIED', 'PHARMACY', 'KES', 1, 'KIMATHI STREET');
INSERT INTO branch (id, name, address, main, business_id) VALUES (2135, 'Main Branch', 'KIMATHI STREET', 0, 2037);
INSERT INTO users (id, first_name, last_name, email, password, phone, user_type, status, mail_verified, phone_verified) VALUES (3386, 'Mark', 'Wainaina', 'gpnair@yahoo.com', '$argon2i$v=19$m=16,t=2,p=1$bGFiVFNkNkl6YldhMEZ2Mg$KoO4yuR++bGwD7EviELL+Q', '0724009487', 'OWNER', 'VERIFIED', 0, 0);
INSERT INTO business (id, owner_id, name, country, pharmacode, status, type, currency, test, address) VALUES (2038, 3386, 'GOODLIFE PHARMACY LIMITED - SHELL HURLINGHAM (Nairobi)', 'KENYA', 'PPB/G/1071', 'VERIFIED', 'PHARMACY', 'KES', 1, 'ARWINGS KODHEK ROAD');
INSERT INTO branch (id, name, address, main, business_id) VALUES (2136, 'Main Branch', 'ARWINGS KODHEK ROAD', 0, 2038);
INSERT INTO users (id, first_name, last_name, email, password, phone, user_type, status, mail_verified, phone_verified) VALUES (3387, 'Timothy', 'Njoroge', 'gpnair@gmail.com', '$argon2i$v=19$m=16,t=2,p=1$bGFiVFNkNkl6YldhMEZ2Mg$KoO4yuR++bGwD7EviELL+Q', '0795157580', 'OWNER', 'VERIFIED', 0, 0);
INSERT INTO business (id, owner_id, name, country, pharmacode, status, type, currency, test, address) VALUES (2039, 3387, 'GOODLIFE PHARMACY LIMITED - SHELL RIDGEWAYS (Nairobi)', 'KENYA', 'PPB/G/1059', 'VERIFIED', 'PHARMACY', 'KES', 1, 'KIAMBU ROAD');
INSERT INTO branch (id, name, address, main, business_id) VALUES (2137, 'Main Branch', 'KIAMBU ROAD', 0, 2039);
INSERT INTO users (id, first_name, last_name, email, password, phone, user_type, status, mail_verified, phone_verified) VALUES (3388, 'Miriam', 'Cherono', 'miriamr@gmail.com', '$argon2i$v=19$m=16,t=2,p=1$bGFiVFNkNkl6YldhMEZ2Mg$KoO4yuR++bGwD7EviELL+Q', '0716191778', 'OWNER', 'VERIFIED', 0, 0);
INSERT INTO business (id, owner_id, name, country, pharmacode, status, type, currency, test, address) VALUES (2040, 3388, 'GOODLIFE PHARMACY LIMITED - SHELL TEGEMEO (Nairobi)', 'KENYA', 'PPB/G/1057', 'VERIFIED', 'PHARMACY', 'KES', 1, 'WIAYAKI WAY');
INSERT INTO branch (id, name, address, main, business_id) VALUES (2138, 'Main Branch', 'WIAYAKI WAY', 0, 2040);
INSERT INTO users (id, first_name, last_name, email, password, phone, user_type, status, mail_verified, phone_verified) VALUES (3389, 'David', 'Wamalwa', 'david@gmail.com', '$argon2i$v=19$m=16,t=2,p=1$bGFiVFNkNkl6YldhMEZ2Mg$KoO4yuR++bGwD7EviELL+Q', '0793034672', 'OWNER', 'VERIFIED', 0, 0);
INSERT INTO business (id, owner_id, name, country, pharmacode, status, type, currency, test, address) VALUES (2041, 3389, 'GOODLIFE PHARMACY LIMITED - TOTAL LANGATA RD (KAREN)  (Nairobi)', 'KENYA', 'PPB/G/1186', 'VERIFIED', 'PHARMACY', 'KES', 1, 'LANGATA ROAD');
INSERT INTO branch (id, name, address, main, business_id) VALUES (2139, 'Main Branch', 'LANGATA ROAD', 0, 2041);
INSERT INTO users (id, first_name, last_name, email, password, phone, user_type, status, mail_verified, phone_verified) VALUES (3390, 'Esther', 'Mwangi', 'estherr@yahoo.com', '$argon2i$v=19$m=16,t=2,p=1$bGFiVFNkNkl6YldhMEZ2Mg$KoO4yuR++bGwD7EviELL+Q', '0779298207', 'OWNER', 'VERIFIED', 0, 0);
INSERT INTO business (id, owner_id, name, country, pharmacode, status, type, currency, test, address) VALUES (2042, 3390, 'GOODLIFE PHARMACY LIMITED - VILLAGE MARKET (Nairobi)', 'KENYA', 'PPB/G/1072', 'VERIFIED', 'PHARMACY', 'KES', 1, 'LIMURU ROAD');
INSERT INTO branch (id, name, address, main, business_id) VALUES (2140, 'Main Branch', 'LIMURU ROAD', 0, 2042);
INSERT INTO users (id, first_name, last_name, email, password, phone, user_type, status, mail_verified, phone_verified) VALUES (3391, 'Elizabeth', 'Kipruto', 'gpnair@gmail.com', '$argon2i$v=19$m=16,t=2,p=1$bGFiVFNkNkl6YldhMEZ2Mg$KoO4yuR++bGwD7EviELL+Q', '0766055898', 'OWNER', 'VERIFIED', 0, 0);
INSERT INTO business (id, owner_id, name, country, pharmacode, status, type, currency, test, address) VALUES (2043, 3391, 'GOODLIFE PHARMACY LIMITED - WATERFRONT (Nairobi)', 'KENYA', 'PPB/G/1164', 'VERIFIED', 'PHARMACY', 'KES', 1, 'LANGATA ROAD');
INSERT INTO branch (id, name, address, main, business_id) VALUES (2141, 'Main Branch', 'LANGATA ROAD', 0, 2043);
INSERT INTO users (id, first_name, last_name, email, password, phone, user_type, status, mail_verified, phone_verified) VALUES (3392, 'Deborah', 'Kariuki', 'gpnair@yahoo.com', '$argon2i$v=19$m=16,t=2,p=1$bGFiVFNkNkl6YldhMEZ2Mg$KoO4yuR++bGwD7EviELL+Q', '0793230814', 'OWNER', 'VERIFIED', 0, 0);
INSERT INTO business (id, owner_id, name, country, pharmacode, status, type, currency, test, address) VALUES (2044, 3392, 'GOODLIFE PHARMACY LIMITED - WESTLANDS ARCADE (Nairobi)', 'KENYA', 'PPB/G/1053', 'VERIFIED', 'PHARMACY', 'KES', 1, 'PARKLANDS RING ROAD');
INSERT INTO branch (id, name, address, main, business_id) VALUES (2142, 'Main Branch', 'PARKLANDS RING ROAD', 0, 2044);
INSERT INTO users (id, first_name, last_name, email, password, phone, user_type, status, mail_verified, phone_verified) VALUES (3393, 'Gabriel', 'Mokua', 'gabriel@gmail.com', '$argon2i$v=19$m=16,t=2,p=1$bGFiVFNkNkl6YldhMEZ2Mg$KoO4yuR++bGwD7EviELL+Q', '0744821465', 'OWNER', 'VERIFIED', 0, 0);
INSERT INTO business (id, owner_id, name, country, pharmacode, status, type, currency, test, address) VALUES (2045, 3393, 'GOODLIFE PHARMACY LIMITED - WESTLANDS SQUARE (Nairobi)', 'KENYA', 'PPB/G/1058', 'VERIFIED', 'PHARMACY', 'KES', 1, 'WAIYAKI WAY');
INSERT INTO branch (id, name, address, main, business_id) VALUES (2143, 'Main Branch', 'WAIYAKI WAY', 0, 2045);
INSERT INTO users (id, first_name, last_name, email, password, phone, user_type, status, mail_verified, phone_verified) VALUES (3394, 'Silas', 'Machogu', 'silas90@gmail.com', '$argon2i$v=19$m=16,t=2,p=1$bGFiVFNkNkl6YldhMEZ2Mg$KoO4yuR++bGwD7EviELL+Q', '0772990945', 'OWNER', 'VERIFIED', 0, 0);
INSERT INTO business (id, owner_id, name, country, pharmacode, status, type, currency, test, address) VALUES (2046, 3394, 'GOODLIFE PHARMACY LIMITED- GARDEN ESTATE (Nairobi)', 'KENYA', 'PPB/G/1196', 'VERIFIED', 'PHARMACY', 'KES', 1, 'NEW GARDEN ESTASTE ROAD');
INSERT INTO branch (id, name, address, main, business_id) VALUES (2144, 'Main Branch', 'NEW GARDEN ESTASTE ROAD', 0, 2046);
INSERT INTO users (id, first_name, last_name, email, password, phone, user_type, status, mail_verified, phone_verified) VALUES (3395, 'Delilah', 'Monyancha', 'delilahr@gmail.com', '$argon2i$v=19$m=16,t=2,p=1$bGFiVFNkNkl6YldhMEZ2Mg$KoO4yuR++bGwD7EviELL+Q', '0789363805', 'OWNER', 'VERIFIED', 0, 0);
INSERT INTO business (id, owner_id, name, country, pharmacode, status, type, currency, test, address) VALUES (2047, 3395, 'GOODLIFE PHARMACY LIMITED- NEW SARIT (Nairobi)', 'KENYA', 'PPB/G/1155', 'VERIFIED', 'PHARMACY', 'KES', 1, 'KARUNA ROAD');
INSERT INTO branch (id, name, address, main, business_id) VALUES (2145, 'Main Branch', 'KARUNA ROAD', 0, 2047);
INSERT INTO users (id, first_name, last_name, email, password, phone, user_type, status, mail_verified, phone_verified) VALUES (3396, 'Matthew', 'Onyango', 'gpnair@gmail.com', '$argon2i$v=19$m=16,t=2,p=1$bGFiVFNkNkl6YldhMEZ2Mg$KoO4yuR++bGwD7EviELL+Q', '0784476059', 'OWNER', 'VERIFIED', 0, 0);
INSERT INTO business (id, owner_id, name, country, pharmacode, status, type, currency, test, address) VALUES (2048, 3396, 'GOODLIFE PHARMACY LIMITED-RIDGEWAYS (Nairobi)', 'KENYA', 'PPB/M/605 \\\\\\''A\\\\\\''', 'VERIFIED', 'PHARMACY', 'KES', 1, 'KIAMBU ROAD');
INSERT INTO branch (id, name, address, main, business_id) VALUES (2146, 'Main Branch', 'KIAMBU ROAD', 0, 2048);
INSERT INTO users (id, first_name, last_name, email, password, phone, user_type, status, mail_verified, phone_verified) VALUES (3397, 'Grace', 'Njoroge', 'gpnair@yahoo.com', '$argon2i$v=19$m=16,t=2,p=1$bGFiVFNkNkl6YldhMEZ2Mg$KoO4yuR++bGwD7EviELL+Q', '0712426994', 'OWNER', 'VERIFIED', 0, 0);
INSERT INTO business (id, owner_id, name, country, pharmacode, status, type, currency, test, address) VALUES (2049, 3397, 'GOODLIFE PHARMACY LTD -GARDEN CITY (Nairobi)', 'KENYA', 'PPB/M/8468', 'VERIFIED', 'PHARMACY', 'KES', 1, 'THIKA HIGHWAY');
INSERT INTO branch (id, name, address, main, business_id) VALUES (2147, 'Main Branch', 'THIKA HIGHWAY', 0, 2049);
INSERT INTO users (id, first_name, last_name, email, password, phone, user_type, status, mail_verified, phone_verified) VALUES (3398, 'Paul', 'Khisa', 'paul51@yahoo.com', '$argon2i$v=19$m=16,t=2,p=1$bGFiVFNkNkl6YldhMEZ2Mg$KoO4yuR++bGwD7EviELL+Q', '0788603943', 'OWNER', 'VERIFIED', 0, 0);
INSERT INTO business (id, owner_id, name, country, pharmacode, status, type, currency, test, address) VALUES (2050, 3398, 'GOODLIFE PHARMACY LTD -LANGATA (Nairobi)', 'KENYA', 'PPB/M/1196 \\\\\\''C\\\\\\''', 'VERIFIED', 'PHARMACY', 'KES', 1, 'LANGATA ROAD');
INSERT INTO branch (id, name, address, main, business_id) VALUES (2148, 'Main Branch', 'LANGATA ROAD', 0, 2050);
INSERT INTO users (id, first_name, last_name, email, password, phone, user_type, status, mail_verified, phone_verified) VALUES (3399, 'Esther', 'Kipchoge', 'esther87@yahoo.com', '$argon2i$v=19$m=16,t=2,p=1$bGFiVFNkNkl6YldhMEZ2Mg$KoO4yuR++bGwD7EviELL+Q', '0788534326', 'OWNER', 'VERIFIED', 0, 0);
INSERT INTO business (id, owner_id, name, country, pharmacode, status, type, currency, test, address) VALUES (2051, 3399, 'GOODLIFE PHARMACY LTD -NGONG ROAD (Nairobi)', 'KENYA', 'PPB/M/1196  \\\\\\''A\\\\\\''', 'VERIFIED', 'PHARMACY', 'KES', 1, 'NGONG ROAD');
INSERT INTO branch (id, name, address, main, business_id) VALUES (2149, 'Main Branch', 'NGONG ROAD', 0, 2051);
INSERT INTO users (id, first_name, last_name, email, password, phone, user_type, status, mail_verified, phone_verified) VALUES (3400, 'Mark', 'Musila', 'markr@gmail.com', '$argon2i$v=19$m=16,t=2,p=1$bGFiVFNkNkl6YldhMEZ2Mg$KoO4yuR++bGwD7EviELL+Q', '0727189368', 'OWNER', 'VERIFIED', 0, 0);
INSERT INTO business (id, owner_id, name, country, pharmacode, status, type, currency, test, address) VALUES (2052, 3400, 'GOODLIFE PHARMACY LTD SHELL KAREN (Nairobi)', 'KENYA', 'PPB/M/8534', 'VERIFIED', 'PHARMACY', 'KES', 1, 'NGONG ROAD/LANGATA SOUTH ROAD');
INSERT INTO branch (id, name, address, main, business_id) VALUES (2150, 'Main Branch', 'NGONG ROAD/LANGATA SOUTH ROAD', 0, 2052);
INSERT INTO users (id, first_name, last_name, email, password, phone, user_type, status, mail_verified, phone_verified) VALUES (3401, 'Gabriel', 'Shikuku', 'gpnair@yahoo.com', '$argon2i$v=19$m=16,t=2,p=1$bGFiVFNkNkl6YldhMEZ2Mg$KoO4yuR++bGwD7EviELL+Q', '0770011879', 'OWNER', 'VERIFIED', 0, 0);
INSERT INTO business (id, owner_id, name, country, pharmacode, status, type, currency, test, address) VALUES (2053, 3401, 'GOODLIFE PHARMACY LTD THOME SHELL (Nairobi)', 'KENYA', 'PPB/M/8683', 'VERIFIED', 'PHARMACY', 'KES', 1, 'THIKA ROAD');
INSERT INTO branch (id, name, address, main, business_id) VALUES (2151, 'Main Branch', 'THIKA ROAD', 0, 2053);
INSERT INTO users (id, first_name, last_name, email, password, phone, user_type, status, mail_verified, phone_verified) VALUES (3402, 'Eve', 'Omollo', 'gpnair@yahoo.com', '$argon2i$v=19$m=16,t=2,p=1$bGFiVFNkNkl6YldhMEZ2Mg$KoO4yuR++bGwD7EviELL+Q', '0761019235', 'OWNER', 'VERIFIED', 0, 0);
INSERT INTO business (id, owner_id, name, country, pharmacode, status, type, currency, test, address) VALUES (2054, 3402, 'GOODLIFE PHARMACY LTD VALLEY ARCADE (Nairobi)', 'KENYA', 'PPB/G/1052', 'VERIFIED', 'PHARMACY', 'KES', 1, 'GITANGA ROAD');
INSERT INTO branch (id, name, address, main, business_id) VALUES (2152, 'Main Branch', 'GITANGA ROAD', 0, 2054);
INSERT INTO users (id, first_name, last_name, email, password, phone, user_type, status, mail_verified, phone_verified) VALUES (3403, 'Susannah', 'Ouma', 'gpnair@gmail.com', '$argon2i$v=19$m=16,t=2,p=1$bGFiVFNkNkl6YldhMEZ2Mg$KoO4yuR++bGwD7EviELL+Q', '0766390381', 'OWNER', 'VERIFIED', 0, 0);
INSERT INTO business (id, owner_id, name, country, pharmacode, status, type, currency, test, address) VALUES (2055, 3403, 'GOODLIFE PHARMACY LTD- SHELL MADARAKA (Nairobi)', 'KENYA', 'PPB/M/8530', 'VERIFIED', 'PHARMACY', 'KES', 1, 'LANGATA ROAD');
INSERT INTO branch (id, name, address, main, business_id) VALUES (2153, 'Main Branch', 'LANGATA ROAD', 0, 2055);
INSERT INTO users (id, first_name, last_name, email, password, phone, user_type, status, mail_verified, phone_verified) VALUES (3404, 'Noah', 'Gichuru', 'gpnair@yahoo.com', '$argon2i$v=19$m=16,t=2,p=1$bGFiVFNkNkl6YldhMEZ2Mg$KoO4yuR++bGwD7EviELL+Q', '0774657742', 'OWNER', 'VERIFIED', 0, 0);
INSERT INTO business (id, owner_id, name, country, pharmacode, status, type, currency, test, address) VALUES (2056, 3404, 'GOODLIFE PHARMACY LTD-HURLINGAM (Nairobi)', 'KENYA', 'PPB/M/1196 \\\\\\''D\\\\\\''', 'VERIFIED', 'PHARMACY', 'KES', 1, 'ARWINGS KODHEK');
INSERT INTO branch (id, name, address, main, business_id) VALUES (2154, 'Main Branch', 'ARWINGS KODHEK', 0, 2056);
INSERT INTO users (id, first_name, last_name, email, password, phone, user_type, status, mail_verified, phone_verified) VALUES (3405, 'Leah', 'Kiptoo', 'gpnair@gmail.com', '$argon2i$v=19$m=16,t=2,p=1$bGFiVFNkNkl6YldhMEZ2Mg$KoO4yuR++bGwD7EviELL+Q', '0775121882', 'OWNER', 'VERIFIED', 0, 0);
INSERT INTO business (id, owner_id, name, country, pharmacode, status, type, currency, test, address) VALUES (2057, 3405, 'GOODLIFE PHARMACY LTD-JUNCTION BRANCH (Nairobi)', 'KENYA', 'PPB/M/605\\\\\\\\\\\\\\\\\\\\\\\\\\\\\\''C', 'VERIFIED', 'PHARMACY', 'KES', 1, 'NGONG ROAD');
INSERT INTO branch (id, name, address, main, business_id) VALUES (2155, 'Main Branch', 'NGONG ROAD', 0, 2057);
INSERT INTO users (id, first_name, last_name, email, password, phone, user_type, status, mail_verified, phone_verified) VALUES (3406, 'Solomon', 'Barasa', 'gpnair@gmail.com', '$argon2i$v=19$m=16,t=2,p=1$bGFiVFNkNkl6YldhMEZ2Mg$KoO4yuR++bGwD7EviELL+Q', '0711543221', 'OWNER', 'VERIFIED', 0, 0);
INSERT INTO business (id, owner_id, name, country, pharmacode, status, type, currency, test, address) VALUES (2058, 3406, 'GOODLIFE PHARMACY LTD-WESTGATE (Nairobi)', 'KENYA', 'PPB/M/8481', 'VERIFIED', 'PHARMACY', 'KES', 1, 'MWANZI ROAD');
INSERT INTO branch (id, name, address, main, business_id) VALUES (2156, 'Main Branch', 'MWANZI ROAD', 0, 2058);
INSERT INTO users (id, first_name, last_name, email, password, phone, user_type, status, mail_verified, phone_verified) VALUES (3407, 'Ezekiel', 'Kivutha', 'gpnair@yahoo.com', '$argon2i$v=19$m=16,t=2,p=1$bGFiVFNkNkl6YldhMEZ2Mg$KoO4yuR++bGwD7EviELL+Q', '0758801621', 'OWNER', 'VERIFIED', 0, 0);
INSERT INTO business (id, owner_id, name, country, pharmacode, status, type, currency, test, address) VALUES (2059, 3407, 'GOODSTART PHARMACY LIMITED  (Nairobi)', 'KENYA', 'PPB/G/1221', 'VERIFIED', 'PHARMACY', 'KES', 1, 'SHIVACHI ROAD');
INSERT INTO branch (id, name, address, main, business_id) VALUES (2157, 'Main Branch', 'SHIVACHI ROAD', 0, 2059);
INSERT INTO users (id, first_name, last_name, email, password, phone, user_type, status, mail_verified, phone_verified) VALUES (3408, 'Paul', 'Kiptoo', 'paulr@gmail.com', '$argon2i$v=19$m=16,t=2,p=1$bGFiVFNkNkl6YldhMEZ2Mg$KoO4yuR++bGwD7EviELL+Q', '0794226701', 'OWNER', 'VERIFIED', 0, 0);
INSERT INTO business (id, owner_id, name, country, pharmacode, status, type, currency, test, address) VALUES (2060, 3408, 'GOODWILL CHEMIST (Nairobi)', 'KENYA', 'PPB/G/291', 'VERIFIED', 'PHARMACY', 'KES', 1, 'GATHURU ROAD');
INSERT INTO branch (id, name, address, main, business_id) VALUES (2158, 'Main Branch', 'GATHURU ROAD', 0, 2060);
INSERT INTO users (id, first_name, last_name, email, password, phone, user_type, status, mail_verified, phone_verified) VALUES (3409, 'Jesse', 'Koech', 'jesse@yahoo.com', '$argon2i$v=19$m=16,t=2,p=1$bGFiVFNkNkl6YldhMEZ2Mg$KoO4yuR++bGwD7EviELL+Q', '0714175042', 'OWNER', 'VERIFIED', 0, 0);
INSERT INTO business (id, owner_id, name, country, pharmacode, status, type, currency, test, address) VALUES (2061, 3409, 'GRAMARK PHARMACY (Nairobi)', 'KENYA', 'PPB/G/297', 'VERIFIED', 'PHARMACY', 'KES', 1, 'OKOTH AURA RD');
INSERT INTO branch (id, name, address, main, business_id) VALUES (2159, 'Main Branch', 'OKOTH AURA RD', 0, 2061);
INSERT INTO users (id, first_name, last_name, email, password, phone, user_type, status, mail_verified, phone_verified) VALUES (3410, 'Esther', 'Wangari', 'gcnair@gmail.com', '$argon2i$v=19$m=16,t=2,p=1$bGFiVFNkNkl6YldhMEZ2Mg$KoO4yuR++bGwD7EviELL+Q', '0741370494', 'OWNER', 'VERIFIED', 0, 0);
INSERT INTO business (id, owner_id, name, country, pharmacode, status, type, currency, test, address) VALUES (2062, 3410, 'GRAND CHEMIST (Nairobi)', 'KENYA', 'PPB/G/17', 'VERIFIED', 'PHARMACY', 'KES', 1, 'nan');
INSERT INTO branch (id, name, address, main, business_id) VALUES (2160, 'Main Branch', 'nan', 0, 2062);
INSERT INTO users (id, first_name, last_name, email, password, phone, user_type, status, mail_verified, phone_verified) VALUES (3411, 'Abraham', 'Nyakundi', 'gpnair@gmail.com', '$argon2i$v=19$m=16,t=2,p=1$bGFiVFNkNkl6YldhMEZ2Mg$KoO4yuR++bGwD7EviELL+Q', '0751101019', 'OWNER', 'VERIFIED', 0, 0);
INSERT INTO business (id, owner_id, name, country, pharmacode, status, type, currency, test, address) VALUES (2063, 3411, 'GRASHA PHARMA (Nairobi)', 'KENYA', 'PPB/G/247', 'VERIFIED', 'PHARMACY', 'KES', 1, 'OFF MFANGANO STREET');
INSERT INTO branch (id, name, address, main, business_id) VALUES (2161, 'Main Branch', 'OFF MFANGANO STREET', 0, 2063);
INSERT INTO users (id, first_name, last_name, email, password, phone, user_type, status, mail_verified, phone_verified) VALUES (3412, 'Stephen', 'Ngugi', 'gtnair@gmail.com', '$argon2i$v=19$m=16,t=2,p=1$bGFiVFNkNkl6YldhMEZ2Mg$KoO4yuR++bGwD7EviELL+Q', '0723570349', 'OWNER', 'VERIFIED', 0, 0);
INSERT INTO business (id, owner_id, name, country, pharmacode, status, type, currency, test, address) VALUES (2064, 3412, 'GREAT TIMES CHEMIST (Nairobi)', 'KENYA', 'PPB/G/1129', 'VERIFIED', 'PHARMACY', 'KES', 1, 'EASTERN BYPASS,MIHANGO ROAD');
INSERT INTO branch (id, name, address, main, business_id) VALUES (2162, 'Main Branch', 'EASTERN BYPASS,MIHANGO ROAD', 0, 2064);
INSERT INTO users (id, first_name, last_name, email, password, phone, user_type, status, mail_verified, phone_verified) VALUES (3413, 'Philip', 'Mukhisa', 'philipr@yahoo.com', '$argon2i$v=19$m=16,t=2,p=1$bGFiVFNkNkl6YldhMEZ2Mg$KoO4yuR++bGwD7EviELL+Q', '0796817653', 'OWNER', 'VERIFIED', 0, 0);
INSERT INTO business (id, owner_id, name, country, pharmacode, status, type, currency, test, address) VALUES (2065, 3413, 'GREEN COUNTY PHARMACY LTD (Nairobi)', 'KENYA', 'PPB/G/213', 'VERIFIED', 'PHARMACY', 'KES', 1, 'BAGAMOYO RD');
INSERT INTO branch (id, name, address, main, business_id) VALUES (2163, 'Main Branch', 'BAGAMOYO RD', 0, 2065);
INSERT INTO users (id, first_name, last_name, email, password, phone, user_type, status, mail_verified, phone_verified) VALUES (3414, 'Naomi', 'Monyancha', 'naomir@yahoo.com', '$argon2i$v=19$m=16,t=2,p=1$bGFiVFNkNkl6YldhMEZ2Mg$KoO4yuR++bGwD7EviELL+Q', '0780985872', 'OWNER', 'VERIFIED', 0, 0);
INSERT INTO business (id, owner_id, name, country, pharmacode, status, type, currency, test, address) VALUES (2066, 3414, 'GREENDAM PHARMACY  (Nairobi)', 'KENYA', 'PPB/G/1275', 'VERIFIED', 'PHARMACY', 'KES', 1, 'NASRA ESTATE');
INSERT INTO branch (id, name, address, main, business_id) VALUES (2164, 'Main Branch', 'NASRA ESTATE', 0, 2066);
INSERT INTO users (id, first_name, last_name, email, password, phone, user_type, status, mail_verified, phone_verified) VALUES (3415, 'Mary', 'Kipsang', 'gcnair@yahoo.com', '$argon2i$v=19$m=16,t=2,p=1$bGFiVFNkNkl6YldhMEZ2Mg$KoO4yuR++bGwD7EviELL+Q', '0710223639', 'OWNER', 'VERIFIED', 0, 0);
INSERT INTO business (id, owner_id, name, country, pharmacode, status, type, currency, test, address) VALUES (2067, 3415, 'GREENSPAN CHEMISTS (Nairobi)', 'KENYA', 'PPB/G/966', 'VERIFIED', 'PHARMACY', 'KES', 1, 'RING ROAD KILIMANI');
INSERT INTO branch (id, name, address, main, business_id) VALUES (2165, 'Main Branch', 'RING ROAD KILIMANI', 0, 2067);
INSERT INTO users (id, first_name, last_name, email, password, phone, user_type, status, mail_verified, phone_verified) VALUES (3416, 'Mark', 'Odhiambo', 'gpnair@yahoo.com', '$argon2i$v=19$m=16,t=2,p=1$bGFiVFNkNkl6YldhMEZ2Mg$KoO4yuR++bGwD7EviELL+Q', '0786966711', 'OWNER', 'VERIFIED', 0, 0);
INSERT INTO business (id, owner_id, name, country, pharmacode, status, type, currency, test, address) VALUES (2068, 3416, 'GRIFFINS PHARMACEUTICAL LTD (Nairobi)', 'KENYA', 'PPB/G/1106', 'VERIFIED', 'PHARMACY', 'KES', 1, 'SPINE ROAD PLAZA');
INSERT INTO branch (id, name, address, main, business_id) VALUES (2166, 'Main Branch', 'SPINE ROAD PLAZA', 0, 2068);
INSERT INTO users (id, first_name, last_name, email, password, phone, user_type, status, mail_verified, phone_verified) VALUES (3417, 'Miriam', 'Shikuku', 'miriam@gmail.com', '$argon2i$v=19$m=16,t=2,p=1$bGFiVFNkNkl6YldhMEZ2Mg$KoO4yuR++bGwD7EviELL+Q', '0775191129', 'OWNER', 'VERIFIED', 0, 0);
INSERT INTO business (id, owner_id, name, country, pharmacode, status, type, currency, test, address) VALUES (2069, 3417, 'GUARDMANN CHEMIST (Nairobi)', 'KENYA', 'PPB/G/12', 'VERIFIED', 'PHARMACY', 'KES', 1, 'MCHUMBI ROAD');
INSERT INTO branch (id, name, address, main, business_id) VALUES (2167, 'Main Branch', 'MCHUMBI ROAD', 0, 2069);
INSERT INTO users (id, first_name, last_name, email, password, phone, user_type, status, mail_verified, phone_verified) VALUES (3418, 'Daniel', 'Mukhisa', 'danielr@yahoo.com', '$argon2i$v=19$m=16,t=2,p=1$bGFiVFNkNkl6YldhMEZ2Mg$KoO4yuR++bGwD7EviELL+Q', '0773951364', 'OWNER', 'VERIFIED', 0, 0);
INSERT INTO business (id, owner_id, name, country, pharmacode, status, type, currency, test, address) VALUES (2070, 3418, 'GUD PHARMACY (Nairobi)', 'KENYA', 'PPB/G/1013', 'VERIFIED', 'PHARMACY', 'KES', 1, 'OFF DONHOLM ROAD');
INSERT INTO branch (id, name, address, main, business_id) VALUES (2168, 'Main Branch', 'OFF DONHOLM ROAD', 0, 2070);
INSERT INTO users (id, first_name, last_name, email, password, phone, user_type, status, mail_verified, phone_verified) VALUES (3419, 'Lydia', 'Musila', 'lydia@gmail.com', '$argon2i$v=19$m=16,t=2,p=1$bGFiVFNkNkl6YldhMEZ2Mg$KoO4yuR++bGwD7EviELL+Q', '0710496589', 'OWNER', 'VERIFIED', 0, 0);
INSERT INTO business (id, owner_id, name, country, pharmacode, status, type, currency, test, address) VALUES (2071, 3419, 'GUDTONS PHARMACY (Nairobi)', 'KENYA', 'PPB/G/1085', 'VERIFIED', 'PHARMACY', 'KES', 1, 'SAVANNAH ROAD');
INSERT INTO branch (id, name, address, main, business_id) VALUES (2169, 'Main Branch', 'SAVANNAH ROAD', 0, 2071);
INSERT INTO users (id, first_name, last_name, email, password, phone, user_type, status, mail_verified, phone_verified) VALUES (3420, 'Susannah', 'Marube', 'susannah@yahoo.com', '$argon2i$v=19$m=16,t=2,p=1$bGFiVFNkNkl6YldhMEZ2Mg$KoO4yuR++bGwD7EviELL+Q', '0723024095', 'OWNER', 'VERIFIED', 0, 0);
INSERT INTO business (id, owner_id, name, country, pharmacode, status, type, currency, test, address) VALUES (2072, 3420, 'GUIDE PHARMACEUTICAL  (Nairobi)', 'KENYA', 'PPB/G/239', 'VERIFIED', 'PHARMACY', 'KES', 1, 'OUTERING');
INSERT INTO branch (id, name, address, main, business_id) VALUES (2170, 'Main Branch', 'OUTERING', 0, 2072);
INSERT INTO users (id, first_name, last_name, email, password, phone, user_type, status, mail_verified, phone_verified) VALUES (3421, 'David', 'Musila', 'david@yahoo.com', '$argon2i$v=19$m=16,t=2,p=1$bGFiVFNkNkl6YldhMEZ2Mg$KoO4yuR++bGwD7EviELL+Q', '0786180335', 'OWNER', 'VERIFIED', 0, 0);
INSERT INTO business (id, owner_id, name, country, pharmacode, status, type, currency, test, address) VALUES (2073, 3421, 'GUMMI PHARMACY', 'KENYA', 'PPB/G/1331', 'VERIFIED', 'PHARMACY', 'KES', 1, 'MOYALE -NAIROBI HIGHWAY');
INSERT INTO branch (id, name, address, main, business_id) VALUES (2171, 'Main Branch', 'MOYALE -NAIROBI HIGHWAY', 0, 2073);
INSERT INTO users (id, first_name, last_name, email, password, phone, user_type, status, mail_verified, phone_verified) VALUES (3422, 'Joshua', 'Ngui', 'joshua@gmail.com', '$argon2i$v=19$m=16,t=2,p=1$bGFiVFNkNkl6YldhMEZ2Mg$KoO4yuR++bGwD7EviELL+Q', '0783742195', 'OWNER', 'VERIFIED', 0, 0);
INSERT INTO business (id, owner_id, name, country, pharmacode, status, type, currency, test, address) VALUES (2074, 3422, 'GURUKRUPA PHARMACY LIMITED (Nairobi)', 'KENYA', 'PPB/G/1121', 'VERIFIED', 'PHARMACY', 'KES', 1, 'ITESYO LANE');
INSERT INTO branch (id, name, address, main, business_id) VALUES (2172, 'Main Branch', 'ITESYO LANE', 0, 2074);
INSERT INTO users (id, first_name, last_name, email, password, phone, user_type, status, mail_verified, phone_verified) VALUES (3423, 'Michael', 'Kipruto', 'gpnair@gmail.com', '$argon2i$v=19$m=16,t=2,p=1$bGFiVFNkNkl6YldhMEZ2Mg$KoO4yuR++bGwD7EviELL+Q', '0779218416', 'OWNER', 'VERIFIED', 0, 0);
INSERT INTO business (id, owner_id, name, country, pharmacode, status, type, currency, test, address) VALUES (2075, 3423, 'GY-VIPHARM PHARMACY (Nairobi)', 'KENYA', 'PPB/G/1284', 'VERIFIED', 'PHARMACY', 'KES', 1, 'JUJA ROAD');
INSERT INTO branch (id, name, address, main, business_id) VALUES (2173, 'Main Branch', 'JUJA ROAD', 0, 2075);
INSERT INTO users (id, first_name, last_name, email, password, phone, user_type, status, mail_verified, phone_verified) VALUES (3424, 'Solomon', 'Ngugi', 'solomon@gmail.com', '$argon2i$v=19$m=16,t=2,p=1$bGFiVFNkNkl6YldhMEZ2Mg$KoO4yuR++bGwD7EviELL+Q', '0724378351', 'OWNER', 'VERIFIED', 0, 0);
INSERT INTO business (id, owner_id, name, country, pharmacode, status, type, currency, test, address) VALUES (2076, 3424, 'HABEMUS PHARMACY (Nairobi)', 'KENYA', 'PPB/H/', 'VERIFIED', 'PHARMACY', 'KES', 1, 'MUTARAKWA RD');
INSERT INTO branch (id, name, address, main, business_id) VALUES (2174, 'Main Branch', 'MUTARAKWA RD', 0, 2076);
INSERT INTO users (id, first_name, last_name, email, password, phone, user_type, status, mail_verified, phone_verified) VALUES (3425, 'Jesse', 'Muli', 'hpnair@yahoo.com', '$argon2i$v=19$m=16,t=2,p=1$bGFiVFNkNkl6YldhMEZ2Mg$KoO4yuR++bGwD7EviELL+Q', '0716447487', 'OWNER', 'VERIFIED', 0, 0);
INSERT INTO business (id, owner_id, name, country, pharmacode, status, type, currency, test, address) VALUES (2077, 3425, 'HAJAR PHARMACY LIMITED (Nairobi)', 'KENYA', 'PPB/H/8980', 'VERIFIED', 'PHARMACY', 'KES', 1, 'SECOND AVENUE');
INSERT INTO branch (id, name, address, main, business_id) VALUES (2175, 'Main Branch', 'SECOND AVENUE', 0, 2077);
INSERT INTO users (id, first_name, last_name, email, password, phone, user_type, status, mail_verified, phone_verified) VALUES (3426, 'Noah', 'Ochieng', 'noah16@gmail.com', '$argon2i$v=19$m=16,t=2,p=1$bGFiVFNkNkl6YldhMEZ2Mg$KoO4yuR++bGwD7EviELL+Q', '0758593633', 'OWNER', 'VERIFIED', 0, 0);
INSERT INTO business (id, owner_id, name, country, pharmacode, status, type, currency, test, address) VALUES (2078, 3426, 'HAKATI CHEMISTS (Nairobi)', 'KENYA', 'PPB/H/27', 'VERIFIED', 'PHARMACY', 'KES', 1, 'nan');
INSERT INTO branch (id, name, address, main, business_id) VALUES (2176, 'Main Branch', 'nan', 0, 2078);
INSERT INTO users (id, first_name, last_name, email, password, phone, user_type, status, mail_verified, phone_verified) VALUES (3427, 'Rebekah', 'Kisilu', 'rebekahr@yahoo.com', '$argon2i$v=19$m=16,t=2,p=1$bGFiVFNkNkl6YldhMEZ2Mg$KoO4yuR++bGwD7EviELL+Q', '0752014451', 'OWNER', 'VERIFIED', 0, 0);
INSERT INTO business (id, owner_id, name, country, pharmacode, status, type, currency, test, address) VALUES (2079, 3427, 'HALANE PHARMACEUTICALS LIMITED (Nairobi)', 'KENYA', 'PPB/H/1846', 'VERIFIED', 'PHARMACY', 'KES', 1, 'JAM STREET');
INSERT INTO branch (id, name, address, main, business_id) VALUES (2177, 'Main Branch', 'JAM STREET', 0, 2079);
INSERT INTO users (id, first_name, last_name, email, password, phone, user_type, status, mail_verified, phone_verified) VALUES (3428, 'Gabriel', 'Wamalwa', 'hpnair@yahoo.com', '$argon2i$v=19$m=16,t=2,p=1$bGFiVFNkNkl6YldhMEZ2Mg$KoO4yuR++bGwD7EviELL+Q', '0714117854', 'OWNER', 'VERIFIED', 0, 0);
INSERT INTO business (id, owner_id, name, country, pharmacode, status, type, currency, test, address) VALUES (2080, 3428, 'HALLION PHARMACY (Nairobi)', 'KENYA', 'PPB/H/1561', 'VERIFIED', 'PHARMACY', 'KES', 1, 'OFF KAMITI ROAD ZIMMERMAN');
INSERT INTO branch (id, name, address, main, business_id) VALUES (2178, 'Main Branch', 'OFF KAMITI ROAD ZIMMERMAN', 0, 2080);
INSERT INTO users (id, first_name, last_name, email, password, phone, user_type, status, mail_verified, phone_verified) VALUES (3429, 'Elijah', 'Cheruiyot', 'elijah22@gmail.com', '$argon2i$v=19$m=16,t=2,p=1$bGFiVFNkNkl6YldhMEZ2Mg$KoO4yuR++bGwD7EviELL+Q', '0723905997', 'OWNER', 'VERIFIED', 0, 0);
INSERT INTO business (id, owner_id, name, country, pharmacode, status, type, currency, test, address) VALUES (2081, 3429, 'HALTONS LIMITED - BISHOP GATE (Nairobi)', 'KENYA', 'PPB/H/8935', 'VERIFIED', 'PHARMACY', 'KES', 1, '5TH AVENUE, NGONG ROAD');
INSERT INTO branch (id, name, address, main, business_id) VALUES (2179, 'Main Branch', '5TH AVENUE, NGONG ROAD', 0, 2081);
INSERT INTO users (id, first_name, last_name, email, password, phone, user_type, status, mail_verified, phone_verified) VALUES (3430, 'Levi', 'Musyoka', 'levi@gmail.com', '$argon2i$v=19$m=16,t=2,p=1$bGFiVFNkNkl6YldhMEZ2Mg$KoO4yuR++bGwD7EviELL+Q', '0724686908', 'OWNER', 'VERIFIED', 0, 0);
INSERT INTO business (id, owner_id, name, country, pharmacode, status, type, currency, test, address) VALUES (2082, 3430, 'HALTONS LIMITED - NGUMBA (Nairobi)', 'KENYA', 'PPB/H/1520', 'VERIFIED', 'PHARMACY', 'KES', 1, 'EAST AFRICA BREWERIES ROAD');
INSERT INTO branch (id, name, address, main, business_id) VALUES (2180, 'Main Branch', 'EAST AFRICA BREWERIES ROAD', 0, 2082);
INSERT INTO users (id, first_name, last_name, email, password, phone, user_type, status, mail_verified, phone_verified) VALUES (3431, 'Grace', 'Machogu', 'grace@yahoo.com', '$argon2i$v=19$m=16,t=2,p=1$bGFiVFNkNkl6YldhMEZ2Mg$KoO4yuR++bGwD7EviELL+Q', '0798966816', 'OWNER', 'VERIFIED', 0, 0);
INSERT INTO business (id, owner_id, name, country, pharmacode, status, type, currency, test, address) VALUES (2083, 3431, 'HALTONS LIMITED - TASSIA (Nairobi)', 'KENYA', 'PPB/H/1475', 'VERIFIED', 'PHARMACY', 'KES', 1, 'TASSIA FEDHA ROAD');
INSERT INTO branch (id, name, address, main, business_id) VALUES (2181, 'Main Branch', 'TASSIA FEDHA ROAD', 0, 2083);
INSERT INTO users (id, first_name, last_name, email, password, phone, user_type, status, mail_verified, phone_verified) VALUES (3432, 'Sarah', 'Kipchoge', 'hlnair@gmail.com', '$argon2i$v=19$m=16,t=2,p=1$bGFiVFNkNkl6YldhMEZ2Mg$KoO4yuR++bGwD7EviELL+Q', '0725413121', 'OWNER', 'VERIFIED', 0, 0);
INSERT INTO business (id, owner_id, name, country, pharmacode, status, type, currency, test, address) VALUES (2084, 3432, 'HALTONS LTD - KAREN (Nairobi)', 'KENYA', 'PPB/H/1457', 'VERIFIED', 'PHARMACY', 'KES', 1, 'NGONG ROAD');
INSERT INTO branch (id, name, address, main, business_id) VALUES (2182, 'Main Branch', 'NGONG ROAD', 0, 2084);
INSERT INTO users (id, first_name, last_name, email, password, phone, user_type, status, mail_verified, phone_verified) VALUES (3433, 'Elizabeth', 'Njoroge', 'elizabeth@gmail.com', '$argon2i$v=19$m=16,t=2,p=1$bGFiVFNkNkl6YldhMEZ2Mg$KoO4yuR++bGwD7EviELL+Q', '0773125423', 'OWNER', 'VERIFIED', 0, 0);
INSERT INTO business (id, owner_id, name, country, pharmacode, status, type, currency, test, address) VALUES (2085, 3433, 'HALTONS LTD - KASARANI (Nairobi)', 'KENYA', 'PPB/H/152 A', 'VERIFIED', 'PHARMACY', 'KES', 1, 'MWIKI ROAD');
INSERT INTO branch (id, name, address, main, business_id) VALUES (2183, 'Main Branch', 'MWIKI ROAD', 0, 2085);
INSERT INTO users (id, first_name, last_name, email, password, phone, user_type, status, mail_verified, phone_verified) VALUES (3434, 'Matthew', 'Kiptoo', 'matthew@yahoo.com', '$argon2i$v=19$m=16,t=2,p=1$bGFiVFNkNkl6YldhMEZ2Mg$KoO4yuR++bGwD7EviELL+Q', '0730599490', 'OWNER', 'VERIFIED', 0, 0);
INSERT INTO business (id, owner_id, name, country, pharmacode, status, type, currency, test, address) VALUES (2086, 3434, 'HALTONS LTD - PIPELINE (Nairobi)', 'KENYA', 'PPB/H/1450', 'VERIFIED', 'PHARMACY', 'KES', 1, 'OUTER-RING ROAD');
INSERT INTO branch (id, name, address, main, business_id) VALUES (2184, 'Main Branch', 'OUTER-RING ROAD', 0, 2086);
INSERT INTO users (id, first_name, last_name, email, password, phone, user_type, status, mail_verified, phone_verified) VALUES (3435, 'Abigail', 'Kipchoge', 'hlnair@yahoo.com', '$argon2i$v=19$m=16,t=2,p=1$bGFiVFNkNkl6YldhMEZ2Mg$KoO4yuR++bGwD7EviELL+Q', '0722733553', 'OWNER', 'VERIFIED', 0, 0);
INSERT INTO business (id, owner_id, name, country, pharmacode, status, type, currency, test, address) VALUES (2087, 3435, 'HALTONS LTD - SOUTH C (Nairobi)', 'KENYA', 'PPB/H/1464', 'VERIFIED', 'PHARMACY', 'KES', 1, 'FIVESTAR ROAD');
INSERT INTO branch (id, name, address, main, business_id) VALUES (2185, 'Main Branch', 'FIVESTAR ROAD', 0, 2087);
INSERT INTO users (id, first_name, last_name, email, password, phone, user_type, status, mail_verified, phone_verified) VALUES (3436, 'Rachel', 'Ngugi', 'hlnair@gmail.com', '$argon2i$v=19$m=16,t=2,p=1$bGFiVFNkNkl6YldhMEZ2Mg$KoO4yuR++bGwD7EviELL+Q', '0786858302', 'OWNER', 'VERIFIED', 0, 0);
INSERT INTO business (id, owner_id, name, country, pharmacode, status, type, currency, test, address) VALUES (2088, 3436, 'HALTONS LTD- SOUTH B (Nairobi)', 'KENYA', 'PPB/H/444', 'VERIFIED', 'PHARMACY', 'KES', 1, 'KAPITI RD');
INSERT INTO branch (id, name, address, main, business_id) VALUES (2186, 'Main Branch', 'KAPITI RD', 0, 2088);
INSERT INTO users (id, first_name, last_name, email, password, phone, user_type, status, mail_verified, phone_verified) VALUES (3437, 'Timothy', 'Marube', 'timothyr@yahoo.com', '$argon2i$v=19$m=16,t=2,p=1$bGFiVFNkNkl6YldhMEZ2Mg$KoO4yuR++bGwD7EviELL+Q', '0717498216', 'OWNER', 'VERIFIED', 0, 0);
INSERT INTO business (id, owner_id, name, country, pharmacode, status, type, currency, test, address) VALUES (2089, 3437, 'HANAANO PHARMACY (Nairobi)', 'KENYA', 'PPB/H/106', 'VERIFIED', 'PHARMACY', 'KES', 1, 'ATHUMAN KIPANGA');
INSERT INTO branch (id, name, address, main, business_id) VALUES (2187, 'Main Branch', 'ATHUMAN KIPANGA', 0, 2089);
INSERT INTO users (id, first_name, last_name, email, password, phone, user_type, status, mail_verified, phone_verified) VALUES (3438, 'Phoebe', 'Koech', 'hpnair@gmail.com', '$argon2i$v=19$m=16,t=2,p=1$bGFiVFNkNkl6YldhMEZ2Mg$KoO4yuR++bGwD7EviELL+Q', '0761922903', 'OWNER', 'VERIFIED', 0, 0);
INSERT INTO business (id, owner_id, name, country, pharmacode, status, type, currency, test, address) VALUES (2090, 3438, 'HANNAN PHARMACY (Nairobi)', 'KENYA', 'PPB/H/1556', 'VERIFIED', 'PHARMACY', 'KES', 1, '45/44ROUTE.OPP CATHOLIC CHURCH');
INSERT INTO branch (id, name, address, main, business_id) VALUES (2188, 'Main Branch', '45/44ROUTE.OPP CATHOLIC CHURCH', 0, 2090);
INSERT INTO users (id, first_name, last_name, email, password, phone, user_type, status, mail_verified, phone_verified) VALUES (3439, 'Moses', 'Ratemo', 'hpnair@yahoo.com', '$argon2i$v=19$m=16,t=2,p=1$bGFiVFNkNkl6YldhMEZ2Mg$KoO4yuR++bGwD7EviELL+Q', '0711219710', 'OWNER', 'VERIFIED', 0, 0);
INSERT INTO business (id, owner_id, name, country, pharmacode, status, type, currency, test, address) VALUES (2091, 3439, 'HARIPHARM PHARMACEUTICALS LTD -UMOJA (Nairobi)', 'KENYA', 'PPB/H/73 \\''A\\''', 'VERIFIED', 'PHARMACY', 'KES', 1, 'nan');
INSERT INTO branch (id, name, address, main, business_id) VALUES (2189, 'Main Branch', 'nan', 0, 2091);
INSERT INTO users (id, first_name, last_name, email, password, phone, user_type, status, mail_verified, phone_verified) VALUES (3440, 'Martha', 'Chepkwony', 'martha@yahoo.com', '$argon2i$v=19$m=16,t=2,p=1$bGFiVFNkNkl6YldhMEZ2Mg$KoO4yuR++bGwD7EviELL+Q', '0751490740', 'OWNER', 'VERIFIED', 0, 0);
INSERT INTO business (id, owner_id, name, country, pharmacode, status, type, currency, test, address) VALUES (2092, 3440, 'HARJU GHEMIST LIMITED (Nairobi)', 'KENYA', 'PPB/H/9003', 'VERIFIED', 'PHARMACY', 'KES', 1, 'BOGANI ROAD');
INSERT INTO branch (id, name, address, main, business_id) VALUES (2190, 'Main Branch', 'BOGANI ROAD', 0, 2092);
INSERT INTO users (id, first_name, last_name, email, password, phone, user_type, status, mail_verified, phone_verified) VALUES (3441, 'Joseph', 'Shikuku', 'joseph@gmail.com', '$argon2i$v=19$m=16,t=2,p=1$bGFiVFNkNkl6YldhMEZ2Mg$KoO4yuR++bGwD7EviELL+Q', '0772136015', 'OWNER', 'VERIFIED', 0, 0);
INSERT INTO business (id, owner_id, name, country, pharmacode, status, type, currency, test, address) VALUES (2093, 3441, 'HARRICARE CHEMISTS (Nairobi)', 'KENYA', 'PPB/H/1604', 'VERIFIED', 'PHARMACY', 'KES', 1, 'GATHURU ROAD');
INSERT INTO branch (id, name, address, main, business_id) VALUES (2191, 'Main Branch', 'GATHURU ROAD', 0, 2093);
INSERT INTO users (id, first_name, last_name, email, password, phone, user_type, status, mail_verified, phone_verified) VALUES (3442, 'Ruth', 'Mutua', 'ruthr@gmail.com', '$argon2i$v=19$m=16,t=2,p=1$bGFiVFNkNkl6YldhMEZ2Mg$KoO4yuR++bGwD7EviELL+Q', '0751437163', 'OWNER', 'VERIFIED', 0, 0);
INSERT INTO business (id, owner_id, name, country, pharmacode, status, type, currency, test, address) VALUES (2094, 3442, 'HARRY AND STAN LIMITED (Nairobi)', 'KENYA', 'PPB/H/9149', 'VERIFIED', 'PHARMACY', 'KES', 1, 'AIRPORT NORTH ROAD');
INSERT INTO branch (id, name, address, main, business_id) VALUES (2192, 'Main Branch', 'AIRPORT NORTH ROAD', 0, 2094);
INSERT INTO users (id, first_name, last_name, email, password, phone, user_type, status, mail_verified, phone_verified) VALUES (3443, 'Tabitha', 'Mwanzia', 'tabitha@yahoo.com', '$argon2i$v=19$m=16,t=2,p=1$bGFiVFNkNkl6YldhMEZ2Mg$KoO4yuR++bGwD7EviELL+Q', '0748620562', 'OWNER', 'VERIFIED', 0, 0);
INSERT INTO business (id, owner_id, name, country, pharmacode, status, type, currency, test, address) VALUES (2095, 3443, 'HARTLANE PHARMACEUTICALS LTD - RIVER ROAD (Nairobi)', 'KENYA', 'PPB/H', 'VERIFIED', 'PHARMACY', 'KES', 1, 'RIVER ROAD');
INSERT INTO branch (id, name, address, main, business_id) VALUES (2193, 'Main Branch', 'RIVER ROAD', 0, 2095);
INSERT INTO users (id, first_name, last_name, email, password, phone, user_type, status, mail_verified, phone_verified) VALUES (3444, 'Susannah', 'Shikuku', 'hpnair@gmail.com', '$argon2i$v=19$m=16,t=2,p=1$bGFiVFNkNkl6YldhMEZ2Mg$KoO4yuR++bGwD7EviELL+Q', '0753325374', 'OWNER', 'VERIFIED', 0, 0);
INSERT INTO business (id, owner_id, name, country, pharmacode, status, type, currency, test, address) VALUES (2096, 3444, 'HAZLET PHARMACY (Nairobi)', 'KENYA', 'PPB/H/8896', 'VERIFIED', 'PHARMACY', 'KES', 1, 'KATANI ROAD');
INSERT INTO branch (id, name, address, main, business_id) VALUES (2194, 'Main Branch', 'KATANI ROAD', 0, 2096);
INSERT INTO users (id, first_name, last_name, email, password, phone, user_type, status, mail_verified, phone_verified) VALUES (3445, 'Joanna', 'Mwangi', 'hpnair@gmail.com', '$argon2i$v=19$m=16,t=2,p=1$bGFiVFNkNkl6YldhMEZ2Mg$KoO4yuR++bGwD7EviELL+Q', '0761098027', 'OWNER', 'VERIFIED', 0, 0);
INSERT INTO business (id, owner_id, name, country, pharmacode, status, type, currency, test, address) VALUES (2097, 3445, 'HEALINGPORT PHARMACY (Nairobi)', 'KENYA', 'PPB/H/8952', 'VERIFIED', 'PHARMACY', 'KES', 1, 'KAMITI ROAD');
INSERT INTO branch (id, name, address, main, business_id) VALUES (2195, 'Main Branch', 'KAMITI ROAD', 0, 2097);
INSERT INTO users (id, first_name, last_name, email, password, phone, user_type, status, mail_verified, phone_verified) VALUES (3446, 'Barnabas', 'Machogu', 'hpnair@gmail.com', '$argon2i$v=19$m=16,t=2,p=1$bGFiVFNkNkl6YldhMEZ2Mg$KoO4yuR++bGwD7EviELL+Q', '0794414899', 'OWNER', 'VERIFIED', 0, 0);
INSERT INTO business (id, owner_id, name, country, pharmacode, status, type, currency, test, address) VALUES (2098, 3446, 'HEALINGRAY PHARMACY (Nairobi)', 'KENYA', 'PPB/H/1537', 'VERIFIED', 'PHARMACY', 'KES', 1, 'MUTARAKWA ROAD');
INSERT INTO branch (id, name, address, main, business_id) VALUES (2196, 'Main Branch', 'MUTARAKWA ROAD', 0, 2098);
INSERT INTO users (id, first_name, last_name, email, password, phone, user_type, status, mail_verified, phone_verified) VALUES (3447, 'Susannah', 'Omari', 'susannah@yahoo.com', '$argon2i$v=19$m=16,t=2,p=1$bGFiVFNkNkl6YldhMEZ2Mg$KoO4yuR++bGwD7EviELL+Q', '0786549238', 'OWNER', 'VERIFIED', 0, 0);
INSERT INTO business (id, owner_id, name, country, pharmacode, status, type, currency, test, address) VALUES (2099, 3447, 'HEALSENSE PHARMACEUTICALS LIMITED (Nairobi)', 'KENYA', 'PPB/H/9147', 'VERIFIED', 'PHARMACY', 'KES', 1, 'ARGWINGS KODHEK ROAD');
INSERT INTO branch (id, name, address, main, business_id) VALUES (2197, 'Main Branch', 'ARGWINGS KODHEK ROAD', 0, 2099);
INSERT INTO users (id, first_name, last_name, email, password, phone, user_type, status, mail_verified, phone_verified) VALUES (3448, 'Thaddeus', 'Ngui', 'hpnair@gmail.com', '$argon2i$v=19$m=16,t=2,p=1$bGFiVFNkNkl6YldhMEZ2Mg$KoO4yuR++bGwD7EviELL+Q', '0750823485', 'OWNER', 'VERIFIED', 0, 0);
INSERT INTO business (id, owner_id, name, country, pharmacode, status, type, currency, test, address) VALUES (2100, 3448, 'HEALSTARCHEM PHARMACY (Nairobi)', 'KENYA', 'PPB/H/8902', 'VERIFIED', 'PHARMACY', 'KES', 1, 'MOI DRIVE');
INSERT INTO branch (id, name, address, main, business_id) VALUES (2198, 'Main Branch', 'MOI DRIVE', 0, 2100);
INSERT INTO users (id, first_name, last_name, email, password, phone, user_type, status, mail_verified, phone_verified) VALUES (3449, 'Joanna', 'Shikuku', 'hanair@yahoo.com', '$argon2i$v=19$m=16,t=2,p=1$bGFiVFNkNkl6YldhMEZ2Mg$KoO4yuR++bGwD7EviELL+Q', '0786394400', 'OWNER', 'VERIFIED', 0, 0);
INSERT INTO business (id, owner_id, name, country, pharmacode, status, type, currency, test, address) VALUES (2101, 3449, 'HEALTH AID CHEMIST (Nairobi)', 'KENYA', 'PPB/H/1521', 'VERIFIED', 'PHARMACY', 'KES', 1, 'MUTHITHI/MPAKA JUNCTION');
INSERT INTO branch (id, name, address, main, business_id) VALUES (2199, 'Main Branch', 'MUTHITHI/MPAKA JUNCTION', 0, 2101);
INSERT INTO users (id, first_name, last_name, email, password, phone, user_type, status, mail_verified, phone_verified) VALUES (3450, 'Grace', 'Kilonzo', 'gracer@yahoo.com', '$argon2i$v=19$m=16,t=2,p=1$bGFiVFNkNkl6YldhMEZ2Mg$KoO4yuR++bGwD7EviELL+Q', '0713743471', 'OWNER', 'VERIFIED', 0, 0);
INSERT INTO business (id, owner_id, name, country, pharmacode, status, type, currency, test, address) VALUES (2102, 3450, 'HEALTH GIVING CHEMISTS (Nairobi)', 'KENYA', 'PPB/H/1588', 'VERIFIED', 'PHARMACY', 'KES', 1, 'MANYANJA ROAD');
INSERT INTO branch (id, name, address, main, business_id) VALUES (2200, 'Main Branch', 'MANYANJA ROAD', 0, 2102);
INSERT INTO users (id, first_name, last_name, email, password, phone, user_type, status, mail_verified, phone_verified) VALUES (3451, 'Rebecca', 'Mokua', 'hpnair@gmail.com', '$argon2i$v=19$m=16,t=2,p=1$bGFiVFNkNkl6YldhMEZ2Mg$KoO4yuR++bGwD7EviELL+Q', '0747111095', 'OWNER', 'VERIFIED', 0, 0);
INSERT INTO business (id, owner_id, name, country, pharmacode, status, type, currency, test, address) VALUES (2103, 3451, 'HEALTHCARE PHARMACEUTICALS LTD-GIGIRI (Nairobi)', 'KENYA', 'PPB/H/454', 'VERIFIED', 'PHARMACY', 'KES', 1, 'LIMURU ROAD, GIGIRI');
INSERT INTO branch (id, name, address, main, business_id) VALUES (2201, 'Main Branch', 'LIMURU ROAD, GIGIRI', 0, 2103);
INSERT INTO users (id, first_name, last_name, email, password, phone, user_type, status, mail_verified, phone_verified) VALUES (3452, 'Rachel', 'Otieno', 'rachel3@yahoo.com', '$argon2i$v=19$m=16,t=2,p=1$bGFiVFNkNkl6YldhMEZ2Mg$KoO4yuR++bGwD7EviELL+Q', '0751155832', 'OWNER', 'VERIFIED', 0, 0);
INSERT INTO business (id, owner_id, name, country, pharmacode, status, type, currency, test, address) VALUES (2104, 3452, 'HEALTHLINK PHARMACY  (Nairobi)', 'KENYA', 'PPB/H/461', 'VERIFIED', 'PHARMACY', 'KES', 1, 'OUTERING');
INSERT INTO branch (id, name, address, main, business_id) VALUES (2202, 'Main Branch', 'OUTERING', 0, 2104);
INSERT INTO users (id, first_name, last_name, email, password, phone, user_type, status, mail_verified, phone_verified) VALUES (3453, 'Daniel', 'Ratemo', 'daniel@yahoo.com', '$argon2i$v=19$m=16,t=2,p=1$bGFiVFNkNkl6YldhMEZ2Mg$KoO4yuR++bGwD7EviELL+Q', '0748804110', 'OWNER', 'VERIFIED', 0, 0);
INSERT INTO business (id, owner_id, name, country, pharmacode, status, type, currency, test, address) VALUES (2105, 3453, 'HEALTHNET PHARMACY  (Nairobi)', 'KENYA', 'PPB/H/9073', 'VERIFIED', 'PHARMACY', 'KES', 1, 'KAREN PLAINS RD');
INSERT INTO branch (id, name, address, main, business_id) VALUES (2203, 'Main Branch', 'KAREN PLAINS RD', 0, 2105);
INSERT INTO users (id, first_name, last_name, email, password, phone, user_type, status, mail_verified, phone_verified) VALUES (3454, 'Jacob', 'Ngui', 'hcnair@gmail.com', '$argon2i$v=19$m=16,t=2,p=1$bGFiVFNkNkl6YldhMEZ2Mg$KoO4yuR++bGwD7EviELL+Q', '0778379593', 'OWNER', 'VERIFIED', 0, 0);
INSERT INTO business (id, owner_id, name, country, pharmacode, status, type, currency, test, address) VALUES (2106, 3454, 'HEALTHWAY CHEMIST  (Nairobi)', 'KENYA', 'PPB/H/162', 'VERIFIED', 'PHARMACY', 'KES', 1, 'nan');
INSERT INTO branch (id, name, address, main, business_id) VALUES (2204, 'Main Branch', 'nan', 0, 2106);
INSERT INTO users (id, first_name, last_name, email, password, phone, user_type, status, mail_verified, phone_verified) VALUES (3455, 'Miriam', 'Kamau', 'hlnair@yahoo.com', '$argon2i$v=19$m=16,t=2,p=1$bGFiVFNkNkl6YldhMEZ2Mg$KoO4yuR++bGwD7EviELL+Q', '0740615586', 'OWNER', 'VERIFIED', 0, 0);
INSERT INTO business (id, owner_id, name, country, pharmacode, status, type, currency, test, address) VALUES (2107, 3455, 'HEALTHWAY LTD (Nairobi)', 'KENYA', 'PPB/H/413', 'VERIFIED', 'PHARMACY', 'KES', 1, 'nan');
INSERT INTO branch (id, name, address, main, business_id) VALUES (2205, 'Main Branch', 'nan', 0, 2107);
INSERT INTO users (id, first_name, last_name, email, password, phone, user_type, status, mail_verified, phone_verified) VALUES (3456, 'Luke', 'Mokua', 'hpnair@yahoo.com', '$argon2i$v=19$m=16,t=2,p=1$bGFiVFNkNkl6YldhMEZ2Mg$KoO4yuR++bGwD7EviELL+Q', '0779164276', 'OWNER', 'VERIFIED', 0, 0);
INSERT INTO business (id, owner_id, name, country, pharmacode, status, type, currency, test, address) VALUES (2108, 3456, 'HEALTHWEST PHARMACY (Nairobi)', 'KENYA', 'PPB/H/135', 'VERIFIED', 'PHARMACY', 'KES', 1, 'BIMA RD');
INSERT INTO branch (id, name, address, main, business_id) VALUES (2206, 'Main Branch', 'BIMA RD', 0, 2108);
INSERT INTO users (id, first_name, last_name, email, password, phone, user_type, status, mail_verified, phone_verified) VALUES (3457, 'David', 'Wainaina', 'hdnair@gmail.com', '$argon2i$v=19$m=16,t=2,p=1$bGFiVFNkNkl6YldhMEZ2Mg$KoO4yuR++bGwD7EviELL+Q', '0762459520', 'OWNER', 'VERIFIED', 0, 0);
INSERT INTO business (id, owner_id, name, country, pharmacode, status, type, currency, test, address) VALUES (2109, 3457, 'HEALTHY DIAGNOSIS PHARMACY (Nairobi)', 'KENYA', 'PPB/H/436', 'VERIFIED', 'PHARMACY', 'KES', 1, 'OFF JUJA RD');
INSERT INTO branch (id, name, address, main, business_id) VALUES (2207, 'Main Branch', 'OFF JUJA RD', 0, 2109);
INSERT INTO users (id, first_name, last_name, email, password, phone, user_type, status, mail_verified, phone_verified) VALUES (3458, 'Rebekah', 'Mogaka', 'rebekah@gmail.com', '$argon2i$v=19$m=16,t=2,p=1$bGFiVFNkNkl6YldhMEZ2Mg$KoO4yuR++bGwD7EviELL+Q', '0718530351', 'OWNER', 'VERIFIED', 0, 0);
INSERT INTO business (id, owner_id, name, country, pharmacode, status, type, currency, test, address) VALUES (2110, 3458, 'HEALTHYVIBE PHARMACY (Nairobi)', 'KENYA', 'PPB/H/8962', 'VERIFIED', 'PHARMACY', 'KES', 1, 'KANISANI ROAD');
INSERT INTO branch (id, name, address, main, business_id) VALUES (2208, 'Main Branch', 'KANISANI ROAD', 0, 2110);
INSERT INTO users (id, first_name, last_name, email, password, phone, user_type, status, mail_verified, phone_verified) VALUES (3459, 'Timothy', 'Ngugi', 'timothy@gmail.com', '$argon2i$v=19$m=16,t=2,p=1$bGFiVFNkNkl6YldhMEZ2Mg$KoO4yuR++bGwD7EviELL+Q', '0768782772', 'OWNER', 'VERIFIED', 0, 0);
INSERT INTO business (id, owner_id, name, country, pharmacode, status, type, currency, test, address) VALUES (2111, 3459, 'HEKIMA TOWN CHEMIST (Nairobi)', 'KENYA', 'PPB/H/1467', 'VERIFIED', 'PHARMACY', 'KES', 1, 'THIKA RD');
INSERT INTO branch (id, name, address, main, business_id) VALUES (2209, 'Main Branch', 'THIKA RD', 0, 2111);
INSERT INTO users (id, first_name, last_name, email, password, phone, user_type, status, mail_verified, phone_verified) VALUES (3460, 'Mary', 'Kamau', 'mary@gmail.com', '$argon2i$v=19$m=16,t=2,p=1$bGFiVFNkNkl6YldhMEZ2Mg$KoO4yuR++bGwD7EviELL+Q', '0786580420', 'OWNER', 'VERIFIED', 0, 0);
INSERT INTO business (id, owner_id, name, country, pharmacode, status, type, currency, test, address) VALUES (2112, 3460, 'HENTA PHARMACY LTD (Nairobi)', 'KENYA', 'PPB/H/8986', 'VERIFIED', 'PHARMACY', 'KES', 1, 'MOI DRIVE');
INSERT INTO branch (id, name, address, main, business_id) VALUES (2210, 'Main Branch', 'MOI DRIVE', 0, 2112);
INSERT INTO users (id, first_name, last_name, email, password, phone, user_type, status, mail_verified, phone_verified) VALUES (3461, 'Bartholomew', 'Ngui', 'hcnair@gmail.com', '$argon2i$v=19$m=16,t=2,p=1$bGFiVFNkNkl6YldhMEZ2Mg$KoO4yuR++bGwD7EviELL+Q', '0735844416', 'OWNER', 'VERIFIED', 0, 0);
INSERT INTO business (id, owner_id, name, country, pharmacode, status, type, currency, test, address) VALUES (2113, 3461, 'HEYLUS CHEMIST (Nairobi)', 'KENYA', 'PPB/H/1618', 'VERIFIED', 'PHARMACY', 'KES', 1, 'NORTHERN BYPASS');
INSERT INTO branch (id, name, address, main, business_id) VALUES (2211, 'Main Branch', 'NORTHERN BYPASS', 0, 2113);
INSERT INTO users (id, first_name, last_name, email, password, phone, user_type, status, mail_verified, phone_verified) VALUES (3462, 'Lydia', 'Kivutha', 'hpnair@yahoo.com', '$argon2i$v=19$m=16,t=2,p=1$bGFiVFNkNkl6YldhMEZ2Mg$KoO4yuR++bGwD7EviELL+Q', '0792812040', 'OWNER', 'VERIFIED', 0, 0);
INSERT INTO business (id, owner_id, name, country, pharmacode, status, type, currency, test, address) VALUES (2114, 3462, 'HIGHPHARM PHARMACEUTICALS LIMITED -MERINIKO (Nairobi)', 'KENYA', 'PPB/H/118B', 'VERIFIED', 'PHARMACY', 'KES', 1, 'OFF MOI DRIVE');
INSERT INTO branch (id, name, address, main, business_id) VALUES (2212, 'Main Branch', 'OFF MOI DRIVE', 0, 2114);
INSERT INTO users (id, first_name, last_name, email, password, phone, user_type, status, mail_verified, phone_verified) VALUES (3463, 'Lydia', 'Njoroge', 'hpnair@yahoo.com', '$argon2i$v=19$m=16,t=2,p=1$bGFiVFNkNkl6YldhMEZ2Mg$KoO4yuR++bGwD7EviELL+Q', '0786121024', 'OWNER', 'VERIFIED', 0, 0);
INSERT INTO business (id, owner_id, name, country, pharmacode, status, type, currency, test, address) VALUES (2115, 3463, 'HIGHPHARM PHARMACEUTICALS LTD-NYANDO STAGE (Nairobi)', 'KENYA', 'PPB/H/410 C', 'VERIFIED', 'PHARMACY', 'KES', 1, 'BERGAIN RD');
INSERT INTO branch (id, name, address, main, business_id) VALUES (2213, 'Main Branch', 'BERGAIN RD', 0, 2115);
INSERT INTO users (id, first_name, last_name, email, password, phone, user_type, status, mail_verified, phone_verified) VALUES (3464, 'Lydia', 'Okello', 'lydia@yahoo.com', '$argon2i$v=19$m=16,t=2,p=1$bGFiVFNkNkl6YldhMEZ2Mg$KoO4yuR++bGwD7EviELL+Q', '0739882216', 'OWNER', 'VERIFIED', 0, 0);
INSERT INTO business (id, owner_id, name, country, pharmacode, status, type, currency, test, address) VALUES (2116, 3464, 'HIGHRIDGE PHARMACY LIMITED - KRISHNA PARK (Nairobi)', 'KENYA', 'PPB/H/8921', 'VERIFIED', 'PHARMACY', 'KES', 1, '3RD PARKLANDS');
INSERT INTO branch (id, name, address, main, business_id) VALUES (2214, 'Main Branch', '3RD PARKLANDS', 0, 2116);
INSERT INTO users (id, first_name, last_name, email, password, phone, user_type, status, mail_verified, phone_verified) VALUES (3465, 'Grace', 'Barasa', 'grace@gmail.com', '$argon2i$v=19$m=16,t=2,p=1$bGFiVFNkNkl6YldhMEZ2Mg$KoO4yuR++bGwD7EviELL+Q', '0724432287', 'OWNER', 'VERIFIED', 0, 0);
INSERT INTO business (id, owner_id, name, country, pharmacode, status, type, currency, test, address) VALUES (2117, 3465, 'HIGHRIDGE PHARMACY LTD (Nairobi)', 'KENYA', 'PPB/H/29', 'VERIFIED', 'PHARMACY', 'KES', 1, '3RD PARKLANDS AVENUE');
INSERT INTO branch (id, name, address, main, business_id) VALUES (2215, 'Main Branch', '3RD PARKLANDS AVENUE', 0, 2117);
INSERT INTO users (id, first_name, last_name, email, password, phone, user_type, status, mail_verified, phone_verified) VALUES (3466, 'Phoebe', 'Mokua', 'hpnair@gmail.com', '$argon2i$v=19$m=16,t=2,p=1$bGFiVFNkNkl6YldhMEZ2Mg$KoO4yuR++bGwD7EviELL+Q', '0795731050', 'OWNER', 'VERIFIED', 0, 0);
INSERT INTO business (id, owner_id, name, country, pharmacode, status, type, currency, test, address) VALUES (2118, 3466, 'HIGHTONE PHARMACIES LIMITED-MOWLEM (Nairobi)', 'KENYA', 'PPB/H/1581', 'VERIFIED', 'PHARMACY', 'KES', 1, 'MOI DRIVE');
INSERT INTO branch (id, name, address, main, business_id) VALUES (2216, 'Main Branch', 'MOI DRIVE', 0, 2118);
INSERT INTO users (id, first_name, last_name, email, password, phone, user_type, status, mail_verified, phone_verified) VALUES (3467, 'Jonathan', 'Muthama', 'jonathan@gmail.com', '$argon2i$v=19$m=16,t=2,p=1$bGFiVFNkNkl6YldhMEZ2Mg$KoO4yuR++bGwD7EviELL+Q', '0780746861', 'OWNER', 'VERIFIED', 0, 0);
INSERT INTO business (id, owner_id, name, country, pharmacode, status, type, currency, test, address) VALUES (2119, 3467, 'HIGHTONE PHARMACIES-NAIROBI WEST (Nairobi)', 'KENYA', 'PPB/H/1603', 'VERIFIED', 'PHARMACY', 'KES', 1, 'LANGATA ROAD');
INSERT INTO branch (id, name, address, main, business_id) VALUES (2217, 'Main Branch', 'LANGATA ROAD', 0, 2119);
INSERT INTO users (id, first_name, last_name, email, password, phone, user_type, status, mail_verified, phone_verified) VALUES (3468, 'Abigail', 'Mokua', 'abigail@yahoo.com', '$argon2i$v=19$m=16,t=2,p=1$bGFiVFNkNkl6YldhMEZ2Mg$KoO4yuR++bGwD7EviELL+Q', '0779503135', 'OWNER', 'VERIFIED', 0, 0);
INSERT INTO business (id, owner_id, name, country, pharmacode, status, type, currency, test, address) VALUES (2120, 3468, 'HIJAZ PHARMACEUTICALS  LTD  -SALAMA BULDING (Nairobi)', 'KENYA', 'PPB/AH/482', 'VERIFIED', 'PHARMACY', 'KES', 1, '7TH STREET');
INSERT INTO branch (id, name, address, main, business_id) VALUES (2218, 'Main Branch', '7TH STREET', 0, 2120);
INSERT INTO users (id, first_name, last_name, email, password, phone, user_type, status, mail_verified, phone_verified) VALUES (3469, 'Nathan', 'Mokua', 'nathan35@yahoo.com', '$argon2i$v=19$m=16,t=2,p=1$bGFiVFNkNkl6YldhMEZ2Mg$KoO4yuR++bGwD7EviELL+Q', '0744660775', 'OWNER', 'VERIFIED', 0, 0);
INSERT INTO business (id, owner_id, name, country, pharmacode, status, type, currency, test, address) VALUES (2121, 3469, 'HIKMAS PHARMA LTD (Nairobi)', 'KENYA', 'PPB/H/270', 'VERIFIED', 'PHARMACY', 'KES', 1, '5TH 2ND AV');
INSERT INTO branch (id, name, address, main, business_id) VALUES (2219, 'Main Branch', '5TH 2ND AV', 0, 2121);
INSERT INTO users (id, first_name, last_name, email, password, phone, user_type, status, mail_verified, phone_verified) VALUES (3470, 'Phoebe', 'Muthama', 'hpnair@yahoo.com', '$argon2i$v=19$m=16,t=2,p=1$bGFiVFNkNkl6YldhMEZ2Mg$KoO4yuR++bGwD7EviELL+Q', '0786742670', 'OWNER', 'VERIFIED', 0, 0);
INSERT INTO business (id, owner_id, name, country, pharmacode, status, type, currency, test, address) VALUES (2122, 3470, 'HILLCARE PHARMACEUTICALS (Nairobi)', 'KENYA', 'PPB/H/1620', 'VERIFIED', 'PHARMACY', 'KES', 1, 'BURUBURU ROAD');
INSERT INTO branch (id, name, address, main, business_id) VALUES (2220, 'Main Branch', 'BURUBURU ROAD', 0, 2122);
INSERT INTO users (id, first_name, last_name, email, password, phone, user_type, status, mail_verified, phone_verified) VALUES (3471, 'Rachel', 'Ochieng', 'hpnair@yahoo.com', '$argon2i$v=19$m=16,t=2,p=1$bGFiVFNkNkl6YldhMEZ2Mg$KoO4yuR++bGwD7EviELL+Q', '0797026339', 'OWNER', 'VERIFIED', 0, 0);
INSERT INTO business (id, owner_id, name, country, pharmacode, status, type, currency, test, address) VALUES (2123, 3471, 'HILLS PHARMACEUTICALS (Nairobi)', 'KENYA', 'PPB/H/439', 'VERIFIED', 'PHARMACY', 'KES', 1, 'LIMURU ROAD');
INSERT INTO branch (id, name, address, main, business_id) VALUES (2221, 'Main Branch', 'LIMURU ROAD', 0, 2123);
INSERT INTO users (id, first_name, last_name, email, password, phone, user_type, status, mail_verified, phone_verified) VALUES (3472, 'Michael', 'Gichuru', 'hpnair@yahoo.com', '$argon2i$v=19$m=16,t=2,p=1$bGFiVFNkNkl6YldhMEZ2Mg$KoO4yuR++bGwD7EviELL+Q', '0762260647', 'OWNER', 'VERIFIED', 0, 0);
INSERT INTO business (id, owner_id, name, country, pharmacode, status, type, currency, test, address) VALUES (2124, 3472, 'HILLYCHEM PHARMACY-NAIROBI (Nairobi)', 'KENYA', 'PPB/H/465', 'VERIFIED', 'PHARMACY', 'KES', 1, 'MUKOMA ROAD');
INSERT INTO branch (id, name, address, main, business_id) VALUES (2222, 'Main Branch', 'MUKOMA ROAD', 0, 2124);
INSERT INTO users (id, first_name, last_name, email, password, phone, user_type, status, mail_verified, phone_verified) VALUES (3473, 'Gabriel', 'Kiptoo', 'gabriel@gmail.com', '$argon2i$v=19$m=16,t=2,p=1$bGFiVFNkNkl6YldhMEZ2Mg$KoO4yuR++bGwD7EviELL+Q', '0714676294', 'OWNER', 'VERIFIED', 0, 0);
INSERT INTO business (id, owner_id, name, country, pharmacode, status, type, currency, test, address) VALUES (2125, 3473, 'HORSET PHARMACY LIMITED (Nairobi)', 'KENYA', 'PPB/H/8965', 'VERIFIED', 'PHARMACY', 'KES', 1, 'BEHIND ALHIDAYA MOSQUE');
INSERT INTO branch (id, name, address, main, business_id) VALUES (2223, 'Main Branch', 'BEHIND ALHIDAYA MOSQUE', 0, 2125);
INSERT INTO users (id, first_name, last_name, email, password, phone, user_type, status, mail_verified, phone_verified) VALUES (3474, 'Micah', 'Owino', 'hlnair@yahoo.com', '$argon2i$v=19$m=16,t=2,p=1$bGFiVFNkNkl6YldhMEZ2Mg$KoO4yuR++bGwD7EviELL+Q', '0777648921', 'OWNER', 'VERIFIED', 0, 0);
INSERT INTO business (id, owner_id, name, country, pharmacode, status, type, currency, test, address) VALUES (2126, 3474, 'HOSICHEM LTD (Nairobi)', 'KENYA', 'PPB/H/8978', 'VERIFIED', 'PHARMACY', 'KES', 1, 'LENANA ROAD');
INSERT INTO branch (id, name, address, main, business_id) VALUES (2224, 'Main Branch', 'LENANA ROAD', 0, 2126);
INSERT INTO users (id, first_name, last_name, email, password, phone, user_type, status, mail_verified, phone_verified) VALUES (3475, 'Deborah', 'Marube', 'hhnair@yahoo.com', '$argon2i$v=19$m=16,t=2,p=1$bGFiVFNkNkl6YldhMEZ2Mg$KoO4yuR++bGwD7EviELL+Q', '0732336397', 'OWNER', 'VERIFIED', 0, 0);
INSERT INTO business (id, owner_id, name, country, pharmacode, status, type, currency, test, address) VALUES (2127, 3475, 'HOSPHARM HEALTHCARE LIMITED (Nairobi)', 'KENYA', 'PPB/H/8928', 'VERIFIED', 'PHARMACY', 'KES', 1, 'BUILDING/ PLOT L R 359 ROAD KOMAROCK ROA');
INSERT INTO branch (id, name, address, main, business_id) VALUES (2225, 'Main Branch', 'BUILDING/ PLOT L R 359 ROAD KOMAROCK ROA', 0, 2127);
INSERT INTO users (id, first_name, last_name, email, password, phone, user_type, status, mail_verified, phone_verified) VALUES (3476, 'Solomon', 'Ongeri', 'solomon63@gmail.com', '$argon2i$v=19$m=16,t=2,p=1$bGFiVFNkNkl6YldhMEZ2Mg$KoO4yuR++bGwD7EviELL+Q', '0778665701', 'OWNER', 'VERIFIED', 0, 0);
INSERT INTO business (id, owner_id, name, country, pharmacode, status, type, currency, test, address) VALUES (2128, 3476, 'HOSSANA CHEMIST (Nairobi)', 'KENYA', 'PPB/H/138', 'VERIFIED', 'PHARMACY', 'KES', 1, 'GATHERU RD');
INSERT INTO branch (id, name, address, main, business_id) VALUES (2226, 'Main Branch', 'GATHERU RD', 0, 2128);
INSERT INTO users (id, first_name, last_name, email, password, phone, user_type, status, mail_verified, phone_verified) VALUES (3477, 'Esther', 'Kamau', 'estherr@gmail.com', '$argon2i$v=19$m=16,t=2,p=1$bGFiVFNkNkl6YldhMEZ2Mg$KoO4yuR++bGwD7EviELL+Q', '0732490466', 'OWNER', 'VERIFIED', 0, 0);
INSERT INTO business (id, owner_id, name, country, pharmacode, status, type, currency, test, address) VALUES (2129, 3477, 'HOST PHARMACY (Nairobi)', 'KENYA', 'PPB/H/13', 'VERIFIED', 'PHARMACY', 'KES', 1, 'nan');
INSERT INTO branch (id, name, address, main, business_id) VALUES (2227, 'Main Branch', 'nan', 0, 2129);
INSERT INTO users (id, first_name, last_name, email, password, phone, user_type, status, mail_verified, phone_verified) VALUES (3478, 'Paul', 'Kisilu', 'hpnair@gmail.com', '$argon2i$v=19$m=16,t=2,p=1$bGFiVFNkNkl6YldhMEZ2Mg$KoO4yuR++bGwD7EviELL+Q', '0798215884', 'OWNER', 'VERIFIED', 0, 0);
INSERT INTO business (id, owner_id, name, country, pharmacode, status, type, currency, test, address) VALUES (2130, 3478, 'HUMANE PHARMACEUTICALS (Nairobi)', 'KENYA', 'PPB/H/8899', 'VERIFIED', 'PHARMACY', 'KES', 1, 'OUTERING ROAD');
INSERT INTO branch (id, name, address, main, business_id) VALUES (2228, 'Main Branch', 'OUTERING ROAD', 0, 2130);
INSERT INTO users (id, first_name, last_name, email, password, phone, user_type, status, mail_verified, phone_verified) VALUES (3479, 'Leah', 'Kamau', 'leahr@yahoo.com', '$argon2i$v=19$m=16,t=2,p=1$bGFiVFNkNkl6YldhMEZ2Mg$KoO4yuR++bGwD7EviELL+Q', '0757260650', 'OWNER', 'VERIFIED', 0, 0);
INSERT INTO business (id, owner_id, name, country, pharmacode, status, type, currency, test, address) VALUES (2131, 3479, 'HUMANE PHARMACEUTICALS LTD - FEDHA (Nairobi)', 'KENYA', 'PPB/H/8970', 'VERIFIED', 'PHARMACY', 'KES', 1, 'MWALIMU DRIVE');
INSERT INTO branch (id, name, address, main, business_id) VALUES (2229, 'Main Branch', 'MWALIMU DRIVE', 0, 2131);
INSERT INTO users (id, first_name, last_name, email, password, phone, user_type, status, mail_verified, phone_verified) VALUES (3480, 'Nathan', 'Mogaka', 'nathan75@gmail.com', '$argon2i$v=19$m=16,t=2,p=1$bGFiVFNkNkl6YldhMEZ2Mg$KoO4yuR++bGwD7EviELL+Q', '0738709357', 'OWNER', 'VERIFIED', 0, 0);
INSERT INTO business (id, owner_id, name, country, pharmacode, status, type, currency, test, address) VALUES (2132, 3480, 'HYCHEM PHARMACEUTICALS (Nairobi)', 'KENYA', 'PPB/H/98', 'VERIFIED', 'PHARMACY', 'KES', 1, 'GARDEN ESTATE RD');
INSERT INTO branch (id, name, address, main, business_id) VALUES (2230, 'Main Branch', 'GARDEN ESTATE RD', 0, 2132);
INSERT INTO users (id, first_name, last_name, email, password, phone, user_type, status, mail_verified, phone_verified) VALUES (3481, 'Sarah', 'Nanjala', 'sarah@yahoo.com', '$argon2i$v=19$m=16,t=2,p=1$bGFiVFNkNkl6YldhMEZ2Mg$KoO4yuR++bGwD7EviELL+Q', '0748088435', 'OWNER', 'VERIFIED', 0, 0);
INSERT INTO business (id, owner_id, name, country, pharmacode, status, type, currency, test, address) VALUES (2133, 3481, 'HYPER PHARMACY (Nairobi)', 'KENYA', 'PPB/H/95', 'VERIFIED', 'PHARMACY', 'KES', 1, 'NGONG ROAD');
INSERT INTO branch (id, name, address, main, business_id) VALUES (2231, 'Main Branch', 'NGONG ROAD', 0, 2133);
INSERT INTO users (id, first_name, last_name, email, password, phone, user_type, status, mail_verified, phone_verified) VALUES (3482, 'Elisha', 'Otieno', 'elisha@gmail.com', '$argon2i$v=19$m=16,t=2,p=1$bGFiVFNkNkl6YldhMEZ2Mg$KoO4yuR++bGwD7EviELL+Q', '0725274754', 'OWNER', 'VERIFIED', 0, 0);
INSERT INTO business (id, owner_id, name, country, pharmacode, status, type, currency, test, address) VALUES (2134, 3482, 'IBIZA PHARMACY (Nairobi)', 'KENYA', 'PPB/I/124', 'VERIFIED', 'PHARMACY', 'KES', 1, 'KABIRIA RD');
INSERT INTO branch (id, name, address, main, business_id) VALUES (2232, 'Main Branch', 'KABIRIA RD', 0, 2134);
INSERT INTO users (id, first_name, last_name, email, password, phone, user_type, status, mail_verified, phone_verified) VALUES (3483, 'Lydia', 'Shikuku', 'lydia@yahoo.com', '$argon2i$v=19$m=16,t=2,p=1$bGFiVFNkNkl6YldhMEZ2Mg$KoO4yuR++bGwD7EviELL+Q', '0747801603', 'OWNER', 'VERIFIED', 0, 0);
INSERT INTO business (id, owner_id, name, country, pharmacode, status, type, currency, test, address) VALUES (2135, 3483, 'IMMEDIATE CARE PHARMACY', 'KENYA', 'PPB/I/10240', 'VERIFIED', 'PHARMACY', 'KES', 1, 'OFF NAKURU-NAIROBI ROAD');
INSERT INTO branch (id, name, address, main, business_id) VALUES (2233, 'Main Branch', 'OFF NAKURU-NAIROBI ROAD', 0, 2135);
INSERT INTO users (id, first_name, last_name, email, password, phone, user_type, status, mail_verified, phone_verified) VALUES (3484, 'Mark', 'Gichuru', 'ipnair@gmail.com', '$argon2i$v=19$m=16,t=2,p=1$bGFiVFNkNkl6YldhMEZ2Mg$KoO4yuR++bGwD7EviELL+Q', '0713722986', 'OWNER', 'VERIFIED', 0, 0);
INSERT INTO business (id, owner_id, name, country, pharmacode, status, type, currency, test, address) VALUES (2136, 3484, 'INFILMEDS PHARMACY (Nairobi)', 'KENYA', 'PPB/I/10184', 'VERIFIED', 'PHARMACY', 'KES', 1, 'KANGARU ROAD');
INSERT INTO branch (id, name, address, main, business_id) VALUES (2234, 'Main Branch', 'KANGARU ROAD', 0, 2136);
INSERT INTO users (id, first_name, last_name, email, password, phone, user_type, status, mail_verified, phone_verified) VALUES (3485, 'Esther', 'Wanyama', 'estherr@yahoo.com', '$argon2i$v=19$m=16,t=2,p=1$bGFiVFNkNkl6YldhMEZ2Mg$KoO4yuR++bGwD7EviELL+Q', '0796907330', 'OWNER', 'VERIFIED', 0, 0);
INSERT INTO business (id, owner_id, name, country, pharmacode, status, type, currency, test, address) VALUES (2137, 3485, 'INKAMED PHARMACEUTICALS LIMITED-RUBIS LANGATA (Nairobi)', 'KENYA', 'PPB/I/10230', 'VERIFIED', 'PHARMACY', 'KES', 1, 'LANGATA ROAD');
INSERT INTO branch (id, name, address, main, business_id) VALUES (2235, 'Main Branch', 'LANGATA ROAD', 0, 2137);
INSERT INTO users (id, first_name, last_name, email, password, phone, user_type, status, mail_verified, phone_verified) VALUES (3486, 'Ethan', 'Wanyama', 'ethanr@yahoo.com', '$argon2i$v=19$m=16,t=2,p=1$bGFiVFNkNkl6YldhMEZ2Mg$KoO4yuR++bGwD7EviELL+Q', '0739456121', 'OWNER', 'VERIFIED', 0, 0);
INSERT INTO business (id, owner_id, name, country, pharmacode, status, type, currency, test, address) VALUES (2138, 3486, 'INKAMED PHARMACEUTICALS LTD-UCHUMI  AGA KHAN WALK (Nairobi)', 'KENYA', 'PPB/I/10137', 'VERIFIED', 'PHARMACY', 'KES', 1, 'AGA KHAN WALK');
INSERT INTO branch (id, name, address, main, business_id) VALUES (2236, 'Main Branch', 'AGA KHAN WALK', 0, 2138);
INSERT INTO users (id, first_name, last_name, email, password, phone, user_type, status, mail_verified, phone_verified) VALUES (3487, 'Leah', 'Nanjala', 'leah@yahoo.com', '$argon2i$v=19$m=16,t=2,p=1$bGFiVFNkNkl6YldhMEZ2Mg$KoO4yuR++bGwD7EviELL+Q', '0718092076', 'OWNER', 'VERIFIED', 0, 0);
INSERT INTO business (id, owner_id, name, country, pharmacode, status, type, currency, test, address) VALUES (2139, 3487, 'INKAMED PHARMACEUTICALS NEXTGEN MALL (Nairobi)', 'KENYA', 'PPB/I/10144', 'VERIFIED', 'PHARMACY', 'KES', 1, 'MOMBASA ROAD');
INSERT INTO branch (id, name, address, main, business_id) VALUES (2237, 'Main Branch', 'MOMBASA ROAD', 0, 2139);
INSERT INTO users (id, first_name, last_name, email, password, phone, user_type, status, mail_verified, phone_verified) VALUES (3488, 'Seth', 'Mochoge', 'seth@gmail.com', '$argon2i$v=19$m=16,t=2,p=1$bGFiVFNkNkl6YldhMEZ2Mg$KoO4yuR++bGwD7EviELL+Q', '0752773890', 'OWNER', 'VERIFIED', 0, 0);
INSERT INTO business (id, owner_id, name, country, pharmacode, status, type, currency, test, address) VALUES (2140, 3488, 'INNERCORE PHARMACY-NAIVASHA (Nairobi)', 'KENYA', 'PPB/I/76', 'VERIFIED', 'PHARMACY', 'KES', 1, 'MOI DRIVE');
INSERT INTO branch (id, name, address, main, business_id) VALUES (2238, 'Main Branch', 'MOI DRIVE', 0, 2140);
INSERT INTO users (id, first_name, last_name, email, password, phone, user_type, status, mail_verified, phone_verified) VALUES (3489, 'Phoebe', 'Mochoge', 'ipnair@gmail.com', '$argon2i$v=19$m=16,t=2,p=1$bGFiVFNkNkl6YldhMEZ2Mg$KoO4yuR++bGwD7EviELL+Q', '0741434574', 'OWNER', 'VERIFIED', 0, 0);
INSERT INTO business (id, owner_id, name, country, pharmacode, status, type, currency, test, address) VALUES (2141, 3489, 'INSTANT PHARMACY (Nairobi)', 'KENYA', 'PPB/I/10140', 'VERIFIED', 'PHARMACY', 'KES', 1, 'NGONG ROAD');
INSERT INTO branch (id, name, address, main, business_id) VALUES (2239, 'Main Branch', 'NGONG ROAD', 0, 2141);
INSERT INTO users (id, first_name, last_name, email, password, phone, user_type, status, mail_verified, phone_verified) VALUES (3490, 'Thaddeus', 'Omari', 'ipnair@yahoo.com', '$argon2i$v=19$m=16,t=2,p=1$bGFiVFNkNkl6YldhMEZ2Mg$KoO4yuR++bGwD7EviELL+Q', '0749422859', 'OWNER', 'VERIFIED', 0, 0);
INSERT INTO business (id, owner_id, name, country, pharmacode, status, type, currency, test, address) VALUES (2142, 3490, 'INTEL PHARMACEUTICALS (Nairobi)', 'KENYA', 'PPB/I/127', 'VERIFIED', 'PHARMACY', 'KES', 1, 'MWIKI RD');
INSERT INTO branch (id, name, address, main, business_id) VALUES (2240, 'Main Branch', 'MWIKI RD', 0, 2142);
INSERT INTO users (id, first_name, last_name, email, password, phone, user_type, status, mail_verified, phone_verified) VALUES (3491, 'Hannah', 'Wamalwa', 'hannah57@yahoo.com', '$argon2i$v=19$m=16,t=2,p=1$bGFiVFNkNkl6YldhMEZ2Mg$KoO4yuR++bGwD7EviELL+Q', '0775862362', 'OWNER', 'VERIFIED', 0, 0);
INSERT INTO business (id, owner_id, name, country, pharmacode, status, type, currency, test, address) VALUES (2143, 3491, 'INTERCARE PHARMACY (Nairobi)', 'KENYA', 'PPB/I/10146', 'VERIFIED', 'PHARMACY', 'KES', 1, 'SAVANNA ROAD');
INSERT INTO branch (id, name, address, main, business_id) VALUES (2241, 'Main Branch', 'SAVANNA ROAD', 0, 2143);
INSERT INTO users (id, first_name, last_name, email, password, phone, user_type, status, mail_verified, phone_verified) VALUES (3492, 'Titus', 'Ngui', 'titus@gmail.com', '$argon2i$v=19$m=16,t=2,p=1$bGFiVFNkNkl6YldhMEZ2Mg$KoO4yuR++bGwD7EviELL+Q', '0713192593', 'OWNER', 'VERIFIED', 0, 0);
INSERT INTO business (id, owner_id, name, country, pharmacode, status, type, currency, test, address) VALUES (2144, 3492, 'INTERPHASE PHARMACEUTICALS LIMITED (Nairobi)', 'KENYA', 'PPB/I/10196', 'VERIFIED', 'PHARMACY', 'KES', 1, 'UTAWALA ROAD');
INSERT INTO branch (id, name, address, main, business_id) VALUES (2242, 'Main Branch', 'UTAWALA ROAD', 0, 2144);
INSERT INTO users (id, first_name, last_name, email, password, phone, user_type, status, mail_verified, phone_verified) VALUES (3493, 'Lydia', 'Muli', 'lydiar@yahoo.com', '$argon2i$v=19$m=16,t=2,p=1$bGFiVFNkNkl6YldhMEZ2Mg$KoO4yuR++bGwD7EviELL+Q', '0733430054', 'OWNER', 'VERIFIED', 0, 0);
INSERT INTO business (id, owner_id, name, country, pharmacode, status, type, currency, test, address) VALUES (2145, 3493, 'IPOPHARM LTD - KITENGELA (Nairobi)', 'KENYA', 'PPB/I/123', 'VERIFIED', 'PHARMACY', 'KES', 1, 'UPPERHILL');
INSERT INTO branch (id, name, address, main, business_id) VALUES (2243, 'Main Branch', 'UPPERHILL', 0, 2145);
INSERT INTO users (id, first_name, last_name, email, password, phone, user_type, status, mail_verified, phone_verified) VALUES (3494, 'Elijah', 'Wamalwa', 'jmnair@gmail.com', '$argon2i$v=19$m=16,t=2,p=1$bGFiVFNkNkl6YldhMEZ2Mg$KoO4yuR++bGwD7EviELL+Q', '0759899501', 'OWNER', 'VERIFIED', 0, 0);
INSERT INTO business (id, owner_id, name, country, pharmacode, status, type, currency, test, address) VALUES (2146, 3494, 'JACAD MEDPOINT (Nairobi)', 'KENYA', 'PPB/J/738', 'VERIFIED', 'PHARMACY', 'KES', 1, 'TASSIA ROAD');
INSERT INTO branch (id, name, address, main, business_id) VALUES (2244, 'Main Branch', 'TASSIA ROAD', 0, 2146);
INSERT INTO users (id, first_name, last_name, email, password, phone, user_type, status, mail_verified, phone_verified) VALUES (3495, 'Elisha', 'Omari', 'jcnair@yahoo.com', '$argon2i$v=19$m=16,t=2,p=1$bGFiVFNkNkl6YldhMEZ2Mg$KoO4yuR++bGwD7EviELL+Q', '0750464877', 'OWNER', 'VERIFIED', 0, 0);
INSERT INTO business (id, owner_id, name, country, pharmacode, status, type, currency, test, address) VALUES (2147, 3495, 'JACARANDA CHEMIST - PANGANI BRANCH (Nairobi)', 'KENYA', 'PPB/J/580', 'VERIFIED', 'PHARMACY', 'KES', 1, 'FAIRVIEW STREET');
INSERT INTO branch (id, name, address, main, business_id) VALUES (2245, 'Main Branch', 'FAIRVIEW STREET', 0, 2147);
INSERT INTO users (id, first_name, last_name, email, password, phone, user_type, status, mail_verified, phone_verified) VALUES (3496, 'Elisha', 'Mwanzia', 'elisha@gmail.com', '$argon2i$v=19$m=16,t=2,p=1$bGFiVFNkNkl6YldhMEZ2Mg$KoO4yuR++bGwD7EviELL+Q', '0784522860', 'OWNER', 'VERIFIED', 0, 0);
INSERT INTO business (id, owner_id, name, country, pharmacode, status, type, currency, test, address) VALUES (2148, 3496, 'JACKEVA PHARMACY LTD (Nairobi)', 'KENYA', 'PPB/J/207', 'VERIFIED', 'PHARMACY', 'KES', 1, 'FEDHA ROAD');
INSERT INTO branch (id, name, address, main, business_id) VALUES (2246, 'Main Branch', 'FEDHA ROAD', 0, 2148);
INSERT INTO users (id, first_name, last_name, email, password, phone, user_type, status, mail_verified, phone_verified) VALUES (3497, 'Naomi', 'Muthama', 'jcnair@yahoo.com', '$argon2i$v=19$m=16,t=2,p=1$bGFiVFNkNkl6YldhMEZ2Mg$KoO4yuR++bGwD7EviELL+Q', '0771852316', 'OWNER', 'VERIFIED', 0, 0);
INSERT INTO business (id, owner_id, name, country, pharmacode, status, type, currency, test, address) VALUES (2149, 3497, 'JACMUCARE CHEMIST (Nairobi)', 'KENYA', 'PPB/J/1104', 'VERIFIED', 'PHARMACY', 'KES', 1, 'DESAI ROAD');
INSERT INTO branch (id, name, address, main, business_id) VALUES (2247, 'Main Branch', 'DESAI ROAD', 0, 2149);
INSERT INTO users (id, first_name, last_name, email, password, phone, user_type, status, mail_verified, phone_verified) VALUES (3498, 'Adam', 'Omollo', 'jcnair@gmail.com', '$argon2i$v=19$m=16,t=2,p=1$bGFiVFNkNkl6YldhMEZ2Mg$KoO4yuR++bGwD7EviELL+Q', '0713075320', 'OWNER', 'VERIFIED', 0, 0);
INSERT INTO business (id, owner_id, name, country, pharmacode, status, type, currency, test, address) VALUES (2150, 3498, 'JADLYNE CHEMIST (Nairobi)', 'KENYA', 'PPB/J/1040', 'VERIFIED', 'PHARMACY', 'KES', 1, 'KAMITI ROAD');
INSERT INTO branch (id, name, address, main, business_id) VALUES (2248, 'Main Branch', 'KAMITI ROAD', 0, 2150);
INSERT INTO users (id, first_name, last_name, email, password, phone, user_type, status, mail_verified, phone_verified) VALUES (3499, 'Daniel', 'Kipruto', 'daniel10@gmail.com', '$argon2i$v=19$m=16,t=2,p=1$bGFiVFNkNkl6YldhMEZ2Mg$KoO4yuR++bGwD7EviELL+Q', '0777424847', 'OWNER', 'VERIFIED', 0, 0);
INSERT INTO business (id, owner_id, name, country, pharmacode, status, type, currency, test, address) VALUES (2151, 3499, 'JAGEM CHEMIST (Nairobi)', 'KENYA', 'PPB/J/666', 'VERIFIED', 'PHARMACY', 'KES', 1, 'UTAWALA- GITHUNGURI ROAD');
INSERT INTO branch (id, name, address, main, business_id) VALUES (2249, 'Main Branch', 'UTAWALA- GITHUNGURI ROAD', 0, 2151);
INSERT INTO users (id, first_name, last_name, email, password, phone, user_type, status, mail_verified, phone_verified) VALUES (3500, 'Susannah', 'Mukhisa', 'susannah@gmail.com', '$argon2i$v=19$m=16,t=2,p=1$bGFiVFNkNkl6YldhMEZ2Mg$KoO4yuR++bGwD7EviELL+Q', '0760690526', 'OWNER', 'VERIFIED', 0, 0);
INSERT INTO business (id, owner_id, name, country, pharmacode, status, type, currency, test, address) VALUES (2152, 3500, 'JAIT PHARMACY (Nairobi)', 'KENYA', 'PPB/J/370', 'VERIFIED', 'PHARMACY', 'KES', 1, 'LUMUMBA DRIVE');
INSERT INTO branch (id, name, address, main, business_id) VALUES (2250, 'Main Branch', 'LUMUMBA DRIVE', 0, 2152);
INSERT INTO users (id, first_name, last_name, email, password, phone, user_type, status, mail_verified, phone_verified) VALUES (3501, 'Mary', 'Kariuki', 'maryr@gmail.com', '$argon2i$v=19$m=16,t=2,p=1$bGFiVFNkNkl6YldhMEZ2Mg$KoO4yuR++bGwD7EviELL+Q', '0731667063', 'OWNER', 'VERIFIED', 0, 0);
INSERT INTO business (id, owner_id, name, country, pharmacode, status, type, currency, test, address) VALUES (2153, 3501, 'JAMLINK PHARMACY (Nairobi)', 'KENYA', 'PPB/J/1056', 'VERIFIED', 'PHARMACY', 'KES', 1, 'WOODSTREET');
INSERT INTO branch (id, name, address, main, business_id) VALUES (2251, 'Main Branch', 'WOODSTREET', 0, 2153);
INSERT INTO users (id, first_name, last_name, email, password, phone, user_type, status, mail_verified, phone_verified) VALUES (3502, 'Elizabeth', 'Cheruiyot', 'jcnair@yahoo.com', '$argon2i$v=19$m=16,t=2,p=1$bGFiVFNkNkl6YldhMEZ2Mg$KoO4yuR++bGwD7EviELL+Q', '0765450854', 'OWNER', 'VERIFIED', 0, 0);
INSERT INTO business (id, owner_id, name, country, pharmacode, status, type, currency, test, address) VALUES (2154, 3502, 'JAMON CHEMIST (Nairobi)', 'KENYA', 'PPB/J/429', 'VERIFIED', 'PHARMACY', 'KES', 1, 'KARURA STREET');
INSERT INTO branch (id, name, address, main, business_id) VALUES (2252, 'Main Branch', 'KARURA STREET', 0, 2154);
INSERT INTO users (id, first_name, last_name, email, password, phone, user_type, status, mail_verified, phone_verified) VALUES (3503, 'Hannah', 'Ruto', 'jdnair@yahoo.com', '$argon2i$v=19$m=16,t=2,p=1$bGFiVFNkNkl6YldhMEZ2Mg$KoO4yuR++bGwD7EviELL+Q', '0793856561', 'OWNER', 'VERIFIED', 0, 0);
INSERT INTO business (id, owner_id, name, country, pharmacode, status, type, currency, test, address) VALUES (2155, 3503, 'JANIAN DISPENSING CHEMIST (Nairobi)', 'KENYA', 'PPB/J/113', 'VERIFIED', 'PHARMACY', 'KES', 1, 'SASUMUA');
INSERT INTO branch (id, name, address, main, business_id) VALUES (2253, 'Main Branch', 'SASUMUA', 0, 2155);
INSERT INTO users (id, first_name, last_name, email, password, phone, user_type, status, mail_verified, phone_verified) VALUES (3504, 'Luke', 'Muiruri', 'luke@yahoo.com', '$argon2i$v=19$m=16,t=2,p=1$bGFiVFNkNkl6YldhMEZ2Mg$KoO4yuR++bGwD7EviELL+Q', '0723653369', 'OWNER', 'VERIFIED', 0, 0);
INSERT INTO business (id, owner_id, name, country, pharmacode, status, type, currency, test, address) VALUES (2156, 3504, 'JANKIN PURE MEDPLUS GROUP KENYA LIMITED (Nairobi)', 'KENYA', 'PPB/J/090', 'VERIFIED', 'PHARMACY', 'KES', 1, '18TH STREET');
INSERT INTO branch (id, name, address, main, business_id) VALUES (2254, 'Main Branch', '18TH STREET', 0, 2156);
INSERT INTO users (id, first_name, last_name, email, password, phone, user_type, status, mail_verified, phone_verified) VALUES (3505, 'Levi', 'Muli', 'levi@yahoo.com', '$argon2i$v=19$m=16,t=2,p=1$bGFiVFNkNkl6YldhMEZ2Mg$KoO4yuR++bGwD7EviELL+Q', '0751570477', 'OWNER', 'VERIFIED', 0, 0);
INSERT INTO business (id, owner_id, name, country, pharmacode, status, type, currency, test, address) VALUES (2157, 3505, 'JANPHARM PHARMACEUTICALS (Nairobi)', 'KENYA', 'PPB/J/373', 'VERIFIED', 'PHARMACY', 'KES', 1, 'ICIPE RD');
INSERT INTO branch (id, name, address, main, business_id) VALUES (2255, 'Main Branch', 'ICIPE RD', 0, 2157);
INSERT INTO users (id, first_name, last_name, email, password, phone, user_type, status, mail_verified, phone_verified) VALUES (3506, 'Noah', 'Wamalwa', 'jtnair@yahoo.com', '$argon2i$v=19$m=16,t=2,p=1$bGFiVFNkNkl6YldhMEZ2Mg$KoO4yuR++bGwD7EviELL+Q', '0729018511', 'OWNER', 'VERIFIED', 0, 0);
INSERT INTO business (id, owner_id, name, country, pharmacode, status, type, currency, test, address) VALUES (2158, 3506, 'JASTE TOP PHARMACEUTICAL SUPPLIERS LTD-MARINGO (Nairobi)', 'KENYA', 'PPB/J/174', 'VERIFIED', 'PHARMACY', 'KES', 1, 'RUKWA RD');
INSERT INTO branch (id, name, address, main, business_id) VALUES (2256, 'Main Branch', 'RUKWA RD', 0, 2158);
INSERT INTO users (id, first_name, last_name, email, password, phone, user_type, status, mail_verified, phone_verified) VALUES (3507, 'Nathan', 'Mochoge', 'jcnair@yahoo.com', '$argon2i$v=19$m=16,t=2,p=1$bGFiVFNkNkl6YldhMEZ2Mg$KoO4yuR++bGwD7EviELL+Q', '0791451250', 'OWNER', 'VERIFIED', 0, 0);
INSERT INTO business (id, owner_id, name, country, pharmacode, status, type, currency, test, address) VALUES (2159, 3507, 'JATESPHARM CHEMIST (Nairobi)', 'KENYA', 'PPB/J/1059', 'VERIFIED', 'PHARMACY', 'KES', 1, 'OFF KASARANI MWIKI ROAD');
INSERT INTO branch (id, name, address, main, business_id) VALUES (2257, 'Main Branch', 'OFF KASARANI MWIKI ROAD', 0, 2159);
INSERT INTO users (id, first_name, last_name, email, password, phone, user_type, status, mail_verified, phone_verified) VALUES (3508, 'Susannah', 'Kariuki', 'susannahr@gmail.com', '$argon2i$v=19$m=16,t=2,p=1$bGFiVFNkNkl6YldhMEZ2Mg$KoO4yuR++bGwD7EviELL+Q', '0728183388', 'OWNER', 'VERIFIED', 0, 0);
INSERT INTO business (id, owner_id, name, country, pharmacode, status, type, currency, test, address) VALUES (2160, 3508, 'JATRIM CHEMIST (Nairobi)', 'KENYA', 'PPB/J/671', 'VERIFIED', 'PHARMACY', 'KES', 1, 'MURANG''A ROAD');
INSERT INTO branch (id, name, address, main, business_id) VALUES (2258, 'Main Branch', 'MURANG''A ROAD', 0, 2160);
INSERT INTO users (id, first_name, last_name, email, password, phone, user_type, status, mail_verified, phone_verified) VALUES (3509, 'Gabriel', 'Kipchoge', 'jcnair@gmail.com', '$argon2i$v=19$m=16,t=2,p=1$bGFiVFNkNkl6YldhMEZ2Mg$KoO4yuR++bGwD7EviELL+Q', '0744064981', 'OWNER', 'VERIFIED', 0, 0);
INSERT INTO business (id, owner_id, name, country, pharmacode, status, type, currency, test, address) VALUES (2161, 3509, 'JELCARE CHEMIST-NAIROBI (Nairobi)', 'KENYA', 'PPB/J/263', 'VERIFIED', 'PHARMACY', 'KES', 1, 'OUTERING ROAD');
INSERT INTO branch (id, name, address, main, business_id) VALUES (2259, 'Main Branch', 'OUTERING ROAD', 0, 2161);
INSERT INTO users (id, first_name, last_name, email, password, phone, user_type, status, mail_verified, phone_verified) VALUES (3510, 'Joanna', 'Ouma', 'jpnair@yahoo.com', '$argon2i$v=19$m=16,t=2,p=1$bGFiVFNkNkl6YldhMEZ2Mg$KoO4yuR++bGwD7EviELL+Q', '0711338058', 'OWNER', 'VERIFIED', 0, 0);
INSERT INTO business (id, owner_id, name, country, pharmacode, status, type, currency, test, address) VALUES (2162, 3510, 'JEMAC PHARMACY (Nairobi)', 'KENYA', 'PPB/J/636', 'VERIFIED', 'PHARMACY', 'KES', 1, 'GITHUNGURI ROAD');
INSERT INTO branch (id, name, address, main, business_id) VALUES (2260, 'Main Branch', 'GITHUNGURI ROAD', 0, 2162);
INSERT INTO users (id, first_name, last_name, email, password, phone, user_type, status, mail_verified, phone_verified) VALUES (3511, 'Timothy', 'Shikuku', 'timothy@gmail.com', '$argon2i$v=19$m=16,t=2,p=1$bGFiVFNkNkl6YldhMEZ2Mg$KoO4yuR++bGwD7EviELL+Q', '0748872391', 'OWNER', 'VERIFIED', 0, 0);
INSERT INTO business (id, owner_id, name, country, pharmacode, status, type, currency, test, address) VALUES (2163, 3511, 'JEMAMED PHARMACY (Nairobi)', 'KENYA', 'PPB/J/1115', 'VERIFIED', 'PHARMACY', 'KES', 1, 'AMBOSELI ROAD');
INSERT INTO branch (id, name, address, main, business_id) VALUES (2261, 'Main Branch', 'AMBOSELI ROAD', 0, 2163);
INSERT INTO users (id, first_name, last_name, email, password, phone, user_type, status, mail_verified, phone_verified) VALUES (3512, 'Isaac', 'Cherono', 'isaac@gmail.com', '$argon2i$v=19$m=16,t=2,p=1$bGFiVFNkNkl6YldhMEZ2Mg$KoO4yuR++bGwD7EviELL+Q', '0740559628', 'OWNER', 'VERIFIED', 0, 0);
INSERT INTO business (id, owner_id, name, country, pharmacode, status, type, currency, test, address) VALUES (2164, 3512, 'JERUSALEM DISPENSING CHEMISTS (Nairobi)', 'KENYA', 'PPB/J/08', 'VERIFIED', 'PHARMACY', 'KES', 1, 'DANDORA PHASE 1');
INSERT INTO branch (id, name, address, main, business_id) VALUES (2262, 'Main Branch', 'DANDORA PHASE 1', 0, 2164);
INSERT INTO users (id, first_name, last_name, email, password, phone, user_type, status, mail_verified, phone_verified) VALUES (3513, 'Caleb', 'Kariuki', 'caleb@yahoo.com', '$argon2i$v=19$m=16,t=2,p=1$bGFiVFNkNkl6YldhMEZ2Mg$KoO4yuR++bGwD7EviELL+Q', '0758580702', 'OWNER', 'VERIFIED', 0, 0);
INSERT INTO business (id, owner_id, name, country, pharmacode, status, type, currency, test, address) VALUES (2165, 3513, 'JIMSTAR PHARMACY-NGONG ROAD (Nairobi)', 'KENYA', 'PPB/J/396', 'VERIFIED', 'PHARMACY', 'KES', 1, 'NGONG ROAD');
INSERT INTO branch (id, name, address, main, business_id) VALUES (2263, 'Main Branch', 'NGONG ROAD', 0, 2165);
INSERT INTO users (id, first_name, last_name, email, password, phone, user_type, status, mail_verified, phone_verified) VALUES (3514, 'Stephen', 'Musila', 'jpnair@yahoo.com', '$argon2i$v=19$m=16,t=2,p=1$bGFiVFNkNkl6YldhMEZ2Mg$KoO4yuR++bGwD7EviELL+Q', '0731599968', 'OWNER', 'VERIFIED', 0, 0);
INSERT INTO business (id, owner_id, name, country, pharmacode, status, type, currency, test, address) VALUES (2166, 3514, 'JINCHEM PHARMACEUTICAL (Nairobi)', 'KENYA', 'PPB/J/660', 'VERIFIED', 'PHARMACY', 'KES', 1, 'BARINGO ROAD');
INSERT INTO branch (id, name, address, main, business_id) VALUES (2264, 'Main Branch', 'BARINGO ROAD', 0, 2166);
INSERT INTO users (id, first_name, last_name, email, password, phone, user_type, status, mail_verified, phone_verified) VALUES (3515, 'Jacob', 'Chepkwony', 'jpnair@yahoo.com', '$argon2i$v=19$m=16,t=2,p=1$bGFiVFNkNkl6YldhMEZ2Mg$KoO4yuR++bGwD7EviELL+Q', '0785831951', 'OWNER', 'VERIFIED', 0, 0);
INSERT INTO business (id, owner_id, name, country, pharmacode, status, type, currency, test, address) VALUES (2167, 3515, 'JOBBS PHARMACY-GITHURAI (Nairobi)', 'KENYA', 'PPB/J/213', 'VERIFIED', 'PHARMACY', 'KES', 1, 'NGUMBA ROAD');
INSERT INTO branch (id, name, address, main, business_id) VALUES (2265, 'Main Branch', 'NGUMBA ROAD', 0, 2167);
INSERT INTO users (id, first_name, last_name, email, password, phone, user_type, status, mail_verified, phone_verified) VALUES (3516, 'Barnabas', 'Mwangi', 'jpnair@yahoo.com', '$argon2i$v=19$m=16,t=2,p=1$bGFiVFNkNkl6YldhMEZ2Mg$KoO4yuR++bGwD7EviELL+Q', '0778390634', 'OWNER', 'VERIFIED', 0, 0);
INSERT INTO business (id, owner_id, name, country, pharmacode, status, type, currency, test, address) VALUES (2168, 3516, 'JOCARE PHARMACY (Nairobi)', 'KENYA', 'PPB/J/2156', 'VERIFIED', 'PHARMACY', 'KES', 1, 'ACCRA/DUBOIS ROAD');
INSERT INTO branch (id, name, address, main, business_id) VALUES (2266, 'Main Branch', 'ACCRA/DUBOIS ROAD', 0, 2168);
INSERT INTO users (id, first_name, last_name, email, password, phone, user_type, status, mail_verified, phone_verified) VALUES (3517, 'Jacob', 'Wekesa', 'jacob25@yahoo.com', '$argon2i$v=19$m=16,t=2,p=1$bGFiVFNkNkl6YldhMEZ2Mg$KoO4yuR++bGwD7EviELL+Q', '0748612442', 'OWNER', 'VERIFIED', 0, 0);
INSERT INTO business (id, owner_id, name, country, pharmacode, status, type, currency, test, address) VALUES (2169, 3517, 'JOFLOSTA INVESTMENTS LIMITED', 'KENYA', 'PPB/J/9133', 'VERIFIED', 'PHARMACY', 'KES', 1, 'NAIROBI');
INSERT INTO branch (id, name, address, main, business_id) VALUES (2267, 'Main Branch', 'NAIROBI', 0, 2169);
INSERT INTO users (id, first_name, last_name, email, password, phone, user_type, status, mail_verified, phone_verified) VALUES (3518, 'Deborah', 'Ouko', 'deborahr@gmail.com', '$argon2i$v=19$m=16,t=2,p=1$bGFiVFNkNkl6YldhMEZ2Mg$KoO4yuR++bGwD7EviELL+Q', '0757023094', 'OWNER', 'VERIFIED', 0, 0);
INSERT INTO business (id, owner_id, name, country, pharmacode, status, type, currency, test, address) VALUES (2170, 3518, 'JOINT  JUMAIRA  CENTER (Nairobi)', 'KENYA', 'PPB/J/1178', 'VERIFIED', 'PHARMACY', 'KES', 1, 'OLE SHAPARA ROAD');
INSERT INTO branch (id, name, address, main, business_id) VALUES (2268, 'Main Branch', 'OLE SHAPARA ROAD', 0, 2170);
INSERT INTO users (id, first_name, last_name, email, password, phone, user_type, status, mail_verified, phone_verified) VALUES (3519, 'Aaron', 'Chebet', 'jpnair@gmail.com', '$argon2i$v=19$m=16,t=2,p=1$bGFiVFNkNkl6YldhMEZ2Mg$KoO4yuR++bGwD7EviELL+Q', '0751734000', 'OWNER', 'VERIFIED', 0, 0);
INSERT INTO business (id, owner_id, name, country, pharmacode, status, type, currency, test, address) VALUES (2171, 3519, 'JOLICHEM PHARMACY LTD-BROWN HSE (Nairobi)', 'KENYA', 'PPB/J/232', 'VERIFIED', 'PHARMACY', 'KES', 1, 'NORTH AIRPORT RD');
INSERT INTO branch (id, name, address, main, business_id) VALUES (2269, 'Main Branch', 'NORTH AIRPORT RD', 0, 2171);
INSERT INTO users (id, first_name, last_name, email, password, phone, user_type, status, mail_verified, phone_verified) VALUES (3520, 'Leah', 'Owino', 'jpnair@gmail.com', '$argon2i$v=19$m=16,t=2,p=1$bGFiVFNkNkl6YldhMEZ2Mg$KoO4yuR++bGwD7EviELL+Q', '0712533616', 'OWNER', 'VERIFIED', 0, 0);
INSERT INTO business (id, owner_id, name, country, pharmacode, status, type, currency, test, address) VALUES (2172, 3520, 'JOMAC PHARMACEUTICALS (Nairobi)', 'KENYA', 'PPB/J/358', 'VERIFIED', 'PHARMACY', 'KES', 1, 'nan');
INSERT INTO branch (id, name, address, main, business_id) VALUES (2270, 'Main Branch', 'nan', 0, 2172);
INSERT INTO users (id, first_name, last_name, email, password, phone, user_type, status, mail_verified, phone_verified) VALUES (3521, 'Grace', 'Kipsang', 'jpnair@gmail.com', '$argon2i$v=19$m=16,t=2,p=1$bGFiVFNkNkl6YldhMEZ2Mg$KoO4yuR++bGwD7EviELL+Q', '0790005010', 'OWNER', 'VERIFIED', 0, 0);
INSERT INTO business (id, owner_id, name, country, pharmacode, status, type, currency, test, address) VALUES (2173, 3521, 'JOMU PHARMACEUTICAL (Nairobi)', 'KENYA', 'PPB/J/325', 'VERIFIED', 'PHARMACY', 'KES', 1, 'KAWANGWARE 46');
INSERT INTO branch (id, name, address, main, business_id) VALUES (2271, 'Main Branch', 'KAWANGWARE 46', 0, 2173);
INSERT INTO users (id, first_name, last_name, email, password, phone, user_type, status, mail_verified, phone_verified) VALUES (3522, 'Miriam', 'Wekesa', 'miriam@gmail.com', '$argon2i$v=19$m=16,t=2,p=1$bGFiVFNkNkl6YldhMEZ2Mg$KoO4yuR++bGwD7EviELL+Q', '0761945922', 'OWNER', 'VERIFIED', 0, 0);
INSERT INTO business (id, owner_id, name, country, pharmacode, status, type, currency, test, address) VALUES (2174, 3522, 'JONAM INTEGRATED CENTRE (Nairobi)', 'KENYA', 'PPB/J/1173', 'VERIFIED', 'PHARMACY', 'KES', 1, 'FEDHA ROAD');
INSERT INTO branch (id, name, address, main, business_id) VALUES (2272, 'Main Branch', 'FEDHA ROAD', 0, 2174);
INSERT INTO users (id, first_name, last_name, email, password, phone, user_type, status, mail_verified, phone_verified) VALUES (3523, 'Lydia', 'Kariuki', 'lydiar@yahoo.com', '$argon2i$v=19$m=16,t=2,p=1$bGFiVFNkNkl6YldhMEZ2Mg$KoO4yuR++bGwD7EviELL+Q', '0734965994', 'OWNER', 'VERIFIED', 0, 0);
INSERT INTO business (id, owner_id, name, country, pharmacode, status, type, currency, test, address) VALUES (2175, 3523, 'JOPHYCARE PHARMACY (Nairobi)', 'KENYA', 'PPB/J/9070', 'VERIFIED', 'PHARMACY', 'KES', 1, 'SPORTSVIEW ROAD');
INSERT INTO branch (id, name, address, main, business_id) VALUES (2273, 'Main Branch', 'SPORTSVIEW ROAD', 0, 2175);
INSERT INTO users (id, first_name, last_name, email, password, phone, user_type, status, mail_verified, phone_verified) VALUES (3524, 'Solomon', 'Kiptoo', 'solomon8@yahoo.com', '$argon2i$v=19$m=16,t=2,p=1$bGFiVFNkNkl6YldhMEZ2Mg$KoO4yuR++bGwD7EviELL+Q', '0790201881', 'OWNER', 'VERIFIED', 0, 0);
INSERT INTO business (id, owner_id, name, country, pharmacode, status, type, currency, test, address) VALUES (2176, 3524, 'JOSPI CHEMIST (Nairobi)', 'KENYA', 'PPB/J/645', 'VERIFIED', 'PHARMACY', 'KES', 1, 'COSMAS NDETI ROAD');
INSERT INTO branch (id, name, address, main, business_id) VALUES (2274, 'Main Branch', 'COSMAS NDETI ROAD', 0, 2176);
INSERT INTO users (id, first_name, last_name, email, password, phone, user_type, status, mail_verified, phone_verified) VALUES (3525, 'Jonathan', 'Wekesa', 'jonathan78@gmail.com', '$argon2i$v=19$m=16,t=2,p=1$bGFiVFNkNkl6YldhMEZ2Mg$KoO4yuR++bGwD7EviELL+Q', '0741787130', 'OWNER', 'VERIFIED', 0, 0);
INSERT INTO business (id, owner_id, name, country, pharmacode, status, type, currency, test, address) VALUES (2177, 3525, 'JOSTEEN CHEMIST (Nairobi)', 'KENYA', 'PPB/J/737', 'VERIFIED', 'PHARMACY', 'KES', 1, 'RUKWA ROAD');
INSERT INTO branch (id, name, address, main, business_id) VALUES (2275, 'Main Branch', 'RUKWA ROAD', 0, 2177);
INSERT INTO users (id, first_name, last_name, email, password, phone, user_type, status, mail_verified, phone_verified) VALUES (3526, 'Noah', 'Mudavadi', 'noah@yahoo.com', '$argon2i$v=19$m=16,t=2,p=1$bGFiVFNkNkl6YldhMEZ2Mg$KoO4yuR++bGwD7EviELL+Q', '0753695700', 'OWNER', 'VERIFIED', 0, 0);
INSERT INTO business (id, owner_id, name, country, pharmacode, status, type, currency, test, address) VALUES (2178, 3526, 'JOWATMED CHEMIST (Nairobi)', 'KENYA', 'PPB/J/1041', 'VERIFIED', 'PHARMACY', 'KES', 1, 'RIVER ROAD');
INSERT INTO branch (id, name, address, main, business_id) VALUES (2276, 'Main Branch', 'RIVER ROAD', 0, 2178);
INSERT INTO users (id, first_name, last_name, email, password, phone, user_type, status, mail_verified, phone_verified) VALUES (3527, 'Miriam', 'Mokua', 'jcnair@yahoo.com', '$argon2i$v=19$m=16,t=2,p=1$bGFiVFNkNkl6YldhMEZ2Mg$KoO4yuR++bGwD7EviELL+Q', '0753732572', 'OWNER', 'VERIFIED', 0, 0);
INSERT INTO business (id, owner_id, name, country, pharmacode, status, type, currency, test, address) VALUES (2179, 3527, 'JOYLINE CHEMIST - KAHAWA WEST (Nairobi)', 'KENYA', 'PPB/J/398', 'VERIFIED', 'PHARMACY', 'KES', 1, 'FARMERS\\'' CHOICE ROAD');
INSERT INTO branch (id, name, address, main, business_id) VALUES (2277, 'Main Branch', 'FARMERS\\'' CHOICE ROAD', 0, 2179);
INSERT INTO users (id, first_name, last_name, email, password, phone, user_type, status, mail_verified, phone_verified) VALUES (3528, 'Elizabeth', 'Mutua', 'elizabethr@gmail.com', '$argon2i$v=19$m=16,t=2,p=1$bGFiVFNkNkl6YldhMEZ2Mg$KoO4yuR++bGwD7EviELL+Q', '0730214131', 'OWNER', 'VERIFIED', 0, 0);
INSERT INTO business (id, owner_id, name, country, pharmacode, status, type, currency, test, address) VALUES (2180, 3528, 'JOYPHARM CHEMIST (Nairobi)', 'KENYA', 'PPB/J/336', 'VERIFIED', 'PHARMACY', 'KES', 1, 'ZIMMERMAN');
INSERT INTO branch (id, name, address, main, business_id) VALUES (2278, 'Main Branch', 'ZIMMERMAN', 0, 2180);
INSERT INTO users (id, first_name, last_name, email, password, phone, user_type, status, mail_verified, phone_verified) VALUES (3529, 'Mark', 'Mochoge', 'markr@yahoo.com', '$argon2i$v=19$m=16,t=2,p=1$bGFiVFNkNkl6YldhMEZ2Mg$KoO4yuR++bGwD7EviELL+Q', '0731658617', 'OWNER', 'VERIFIED', 0, 0);
INSERT INTO business (id, owner_id, name, country, pharmacode, status, type, currency, test, address) VALUES (2181, 3529, 'JUBBALINK PHARMACY (Nairobi)', 'KENYA', 'PPB/J/137', 'VERIFIED', 'PHARMACY', 'KES', 1, '7TH STREET');
INSERT INTO branch (id, name, address, main, business_id) VALUES (2279, 'Main Branch', '7TH STREET', 0, 2181);
INSERT INTO users (id, first_name, last_name, email, password, phone, user_type, status, mail_verified, phone_verified) VALUES (3530, 'Sarah', 'Kipruto', 'sarah95@yahoo.com', '$argon2i$v=19$m=16,t=2,p=1$bGFiVFNkNkl6YldhMEZ2Mg$KoO4yuR++bGwD7EviELL+Q', '0731041558', 'OWNER', 'VERIFIED', 0, 0);
INSERT INTO business (id, owner_id, name, country, pharmacode, status, type, currency, test, address) VALUES (2182, 3530, 'JUBEN PHARMACY (Nairobi)', 'KENYA', 'PPB/J/608', 'VERIFIED', 'PHARMACY', 'KES', 1, 'KABIRIA ROAD');
INSERT INTO branch (id, name, address, main, business_id) VALUES (2280, 'Main Branch', 'KABIRIA ROAD', 0, 2182);
INSERT INTO users (id, first_name, last_name, email, password, phone, user_type, status, mail_verified, phone_verified) VALUES (3531, 'Lydia', 'Nyakundi', 'lydia@gmail.com', '$argon2i$v=19$m=16,t=2,p=1$bGFiVFNkNkl6YldhMEZ2Mg$KoO4yuR++bGwD7EviELL+Q', '0737473610', 'OWNER', 'VERIFIED', 0, 0);
INSERT INTO business (id, owner_id, name, country, pharmacode, status, type, currency, test, address) VALUES (2183, 3531, 'JUJA ARCADE PHARMACY- GITHURAI 44 BRANCH (Nairobi)', 'KENYA', 'PPB/J/1160', 'VERIFIED', 'PHARMACY', 'KES', 1, 'NGUMBA ROAD');
INSERT INTO branch (id, name, address, main, business_id) VALUES (2281, 'Main Branch', 'NGUMBA ROAD', 0, 2183);
INSERT INTO users (id, first_name, last_name, email, password, phone, user_type, status, mail_verified, phone_verified) VALUES (3532, 'Micah', 'Nanjala', 'micah46@gmail.com', '$argon2i$v=19$m=16,t=2,p=1$bGFiVFNkNkl6YldhMEZ2Mg$KoO4yuR++bGwD7EviELL+Q', '0791662757', 'OWNER', 'VERIFIED', 0, 0);
INSERT INTO business (id, owner_id, name, country, pharmacode, status, type, currency, test, address) VALUES (2184, 3532, 'JUL MEDICARE CHEMIST (Nairobi)', 'KENYA', 'PPB/J/698', 'VERIFIED', 'PHARMACY', 'KES', 1, 'OUTERING ROAD');
INSERT INTO branch (id, name, address, main, business_id) VALUES (2282, 'Main Branch', 'OUTERING ROAD', 0, 2184);
INSERT INTO users (id, first_name, last_name, email, password, phone, user_type, status, mail_verified, phone_verified) VALUES (3533, 'Ethan', 'Nyakundi', 'ethan@yahoo.com', '$argon2i$v=19$m=16,t=2,p=1$bGFiVFNkNkl6YldhMEZ2Mg$KoO4yuR++bGwD7EviELL+Q', '0787954694', 'OWNER', 'VERIFIED', 0, 0);
INSERT INTO business (id, owner_id, name, country, pharmacode, status, type, currency, test, address) VALUES (2185, 3533, 'JULIMER INTERNATIONAL LTD (Nairobi)', 'KENYA', 'PPB/J/151', 'VERIFIED', 'PHARMACY', 'KES', 1, 'KIKUYU RD');
INSERT INTO branch (id, name, address, main, business_id) VALUES (2283, 'Main Branch', 'KIKUYU RD', 0, 2185);
INSERT INTO users (id, first_name, last_name, email, password, phone, user_type, status, mail_verified, phone_verified) VALUES (3534, 'Mary', 'Cherono', 'jpnair@yahoo.com', '$argon2i$v=19$m=16,t=2,p=1$bGFiVFNkNkl6YldhMEZ2Mg$KoO4yuR++bGwD7EviELL+Q', '0767771160', 'OWNER', 'VERIFIED', 0, 0);
INSERT INTO business (id, owner_id, name, country, pharmacode, status, type, currency, test, address) VALUES (2186, 3534, 'JUNCTION PHARMACY COMPANY LTD (Nairobi)', 'KENYA', 'PPB/J/1087', 'VERIFIED', 'PHARMACY', 'KES', 1, 'RALPH BUNCHE ROAD');
INSERT INTO branch (id, name, address, main, business_id) VALUES (2284, 'Main Branch', 'RALPH BUNCHE ROAD', 0, 2186);
INSERT INTO users (id, first_name, last_name, email, password, phone, user_type, status, mail_verified, phone_verified) VALUES (3535, 'Daniel', 'Wangari', 'jpnair@gmail.com', '$argon2i$v=19$m=16,t=2,p=1$bGFiVFNkNkl6YldhMEZ2Mg$KoO4yuR++bGwD7EviELL+Q', '0758701142', 'OWNER', 'VERIFIED', 0, 0);
INSERT INTO business (id, owner_id, name, country, pharmacode, status, type, currency, test, address) VALUES (2187, 3535, 'JUST PINK PHARMACY (Nairobi)', 'KENYA', 'PPB/J/676', 'VERIFIED', 'PHARMACY', 'KES', 1, 'KIMATHI STREET');
INSERT INTO branch (id, name, address, main, business_id) VALUES (2285, 'Main Branch', 'KIMATHI STREET', 0, 2187);
INSERT INTO users (id, first_name, last_name, email, password, phone, user_type, status, mail_verified, phone_verified) VALUES (3536, 'Mark', 'Mwanzia', 'jpnair@gmail.com', '$argon2i$v=19$m=16,t=2,p=1$bGFiVFNkNkl6YldhMEZ2Mg$KoO4yuR++bGwD7EviELL+Q', '0737423619', 'OWNER', 'VERIFIED', 0, 0);
INSERT INTO business (id, owner_id, name, country, pharmacode, status, type, currency, test, address) VALUES (2188, 3536, 'JUSTCARE PHARMACY  (Nairobi)', 'KENYA', 'PPB/J/701', 'VERIFIED', 'PHARMACY', 'KES', 1, 'KIGUATHI RD');
INSERT INTO branch (id, name, address, main, business_id) VALUES (2286, 'Main Branch', 'KIGUATHI RD', 0, 2188);
INSERT INTO users (id, first_name, last_name, email, password, phone, user_type, status, mail_verified, phone_verified) VALUES (3537, 'Grace', 'Odinga', 'jcnair@yahoo.com', '$argon2i$v=19$m=16,t=2,p=1$bGFiVFNkNkl6YldhMEZ2Mg$KoO4yuR++bGwD7EviELL+Q', '0783984237', 'OWNER', 'VERIFIED', 0, 0);
INSERT INTO business (id, owner_id, name, country, pharmacode, status, type, currency, test, address) VALUES (2189, 3537, 'JYMOKA CHEMIST-WA MBUTITI HSE (Nairobi)', 'KENYA', 'PPB/J/132', 'VERIFIED', 'PHARMACY', 'KES', 1, 'SALIM RD');
INSERT INTO branch (id, name, address, main, business_id) VALUES (2287, 'Main Branch', 'SALIM RD', 0, 2189);
INSERT INTO users (id, first_name, last_name, email, password, phone, user_type, status, mail_verified, phone_verified) VALUES (3538, 'Elizabeth', 'Kipsang', 'kmnair@gmail.com', '$argon2i$v=19$m=16,t=2,p=1$bGFiVFNkNkl6YldhMEZ2Mg$KoO4yuR++bGwD7EviELL+Q', '0723518369', 'OWNER', 'VERIFIED', 0, 0);
INSERT INTO business (id, owner_id, name, country, pharmacode, status, type, currency, test, address) VALUES (2190, 3538, 'KAISER MEDICATE PHARMACY (Nairobi)', 'KENYA', 'PPB/K/1021', 'VERIFIED', 'PHARMACY', 'KES', 1, 'LIKONI');
INSERT INTO branch (id, name, address, main, business_id) VALUES (2288, 'Main Branch', 'LIKONI', 0, 2190);
INSERT INTO users (id, first_name, last_name, email, password, phone, user_type, status, mail_verified, phone_verified) VALUES (3539, 'Elijah', 'Kipruto', 'elijah@yahoo.com', '$argon2i$v=19$m=16,t=2,p=1$bGFiVFNkNkl6YldhMEZ2Mg$KoO4yuR++bGwD7EviELL+Q', '0782273972', 'OWNER', 'VERIFIED', 0, 0);
INSERT INTO business (id, owner_id, name, country, pharmacode, status, type, currency, test, address) VALUES (2191, 3539, 'KALACARE (Nairobi)', 'KENYA', 'PPB/K/1141', 'VERIFIED', 'PHARMACY', 'KES', 1, 'ZIMMERMAN');
INSERT INTO branch (id, name, address, main, business_id) VALUES (2289, 'Main Branch', 'ZIMMERMAN', 0, 2191);
INSERT INTO users (id, first_name, last_name, email, password, phone, user_type, status, mail_verified, phone_verified) VALUES (3540, 'Seth', 'Barasa', 'klnair@gmail.com', '$argon2i$v=19$m=16,t=2,p=1$bGFiVFNkNkl6YldhMEZ2Mg$KoO4yuR++bGwD7EviELL+Q', '0774866913', 'OWNER', 'VERIFIED', 0, 0);
INSERT INTO business (id, owner_id, name, country, pharmacode, status, type, currency, test, address) VALUES (2192, 3540, 'KALAMAN LIMITED (Nairobi)', 'KENYA', 'PPB/K/7368', 'VERIFIED', 'PHARMACY', 'KES', 1, 'TENTH STREET SECOND AVENUE');
INSERT INTO branch (id, name, address, main, business_id) VALUES (2290, 'Main Branch', 'TENTH STREET SECOND AVENUE', 0, 2192);
INSERT INTO users (id, first_name, last_name, email, password, phone, user_type, status, mail_verified, phone_verified) VALUES (3541, 'Ezekiel', 'Ouma', 'kpnair@gmail.com', '$argon2i$v=19$m=16,t=2,p=1$bGFiVFNkNkl6YldhMEZ2Mg$KoO4yuR++bGwD7EviELL+Q', '0725393219', 'OWNER', 'VERIFIED', 0, 0);
INSERT INTO business (id, owner_id, name, country, pharmacode, status, type, currency, test, address) VALUES (2193, 3541, 'KAM PHARMACY LTD - KIMATHI STREET (Nairobi)', 'KENYA', 'PPB/K/158 A', 'VERIFIED', 'PHARMACY', 'KES', 1, 'KIMATHI STREET');
INSERT INTO branch (id, name, address, main, business_id) VALUES (2291, 'Main Branch', 'KIMATHI STREET', 0, 2193);
INSERT INTO users (id, first_name, last_name, email, password, phone, user_type, status, mail_verified, phone_verified) VALUES (3542, 'Jude', 'Mwangi', 'juder@yahoo.com', '$argon2i$v=19$m=16,t=2,p=1$bGFiVFNkNkl6YldhMEZ2Mg$KoO4yuR++bGwD7EviELL+Q', '0727288063', 'OWNER', 'VERIFIED', 0, 0);
INSERT INTO business (id, owner_id, name, country, pharmacode, status, type, currency, test, address) VALUES (2194, 3542, 'KAM PHARMACY LTD - WESTLANDS (Nairobi)', 'KENYA', 'PPB/K/158 B', 'VERIFIED', 'PHARMACY', 'KES', 1, 'MPAKA RD');
INSERT INTO branch (id, name, address, main, business_id) VALUES (2292, 'Main Branch', 'MPAKA RD', 0, 2194);
INSERT INTO users (id, first_name, last_name, email, password, phone, user_type, status, mail_verified, phone_verified) VALUES (3543, 'Silas', 'Ratemo', 'silas@gmail.com', '$argon2i$v=19$m=16,t=2,p=1$bGFiVFNkNkl6YldhMEZ2Mg$KoO4yuR++bGwD7EviELL+Q', '0716326772', 'OWNER', 'VERIFIED', 0, 0);
INSERT INTO business (id, owner_id, name, country, pharmacode, status, type, currency, test, address) VALUES (2195, 3543, 'KAM PHARMACY LTD- HARAMBEE AVENUE (Nairobi)', 'KENYA', 'PPB/K/158 C', 'VERIFIED', 'PHARMACY', 'KES', 1, 'nan');
INSERT INTO branch (id, name, address, main, business_id) VALUES (2293, 'Main Branch', 'nan', 0, 2195);
