Rank,Forename,Incidence,Frequency
1,John,"490,800",0.1069444444
2,Joseph,"456,238",0.1118055556
3,Mary,"447,377",0.1138888889
4,Faith,"443,001",0.1145833333
5,Mercy,"438,187",0.1152777778
6,Peter,"416,503",0.11875
7,Brian,"389,952",0.1243055556
8,David,"356,469",0.1319444444
9,James,"329,852",0.1388888889
10,Sharon,"298,224",0.1493055556
11,Esther,"291,765",0.1520833333
12,Samuel,"272,451",0.1597222222
13,Daniel,"265,581",0.1625
14,Stephen,"264,415",0.1631944444
15,Kelvin,"245,394",0.1729166667
16,Ibrahim,"232,433",0.1798611111
17,Elizabeth,"229,070",0.1819444444
18,Mohamed,"223,502",0.1854166667
19,Dennis,"223,120",0.1861111111
20,Jane,"212,865",0.1930555556
21,Emmanuel,"212,279",0.1930555556
22,Paul,"210,272",0.1944444444
23,Grace,"210,006",0.1951388889
24,Victor,"203,974",0.1993055556
25,Ruth,"198,406",0.2034722222
26,Moses,"195,204",0.20625
27,Lucy,"193,598",0.2076388889
28,Kevin,"192,815",0.2083333333
29,Caroline,"191,467",0.2097222222
30,Wanjiru,"185,465",0.2152777778
31,Michael,"182,475",0.2180555556
32,Francis,"180,580",0.2194444444
33,Christine,"167,759",0.2333333333
34,Charles,"166,156",0.2354166667
35,Vincent,"163,915",0.2381944444
36,Nancy,"163,477",0.2381944444
37,Margaret,"162,411",0.2395833333
38,Ann,"160,312",0.2423611111
39,Alex,"156,880",0.2465277778
40,Simon,"155,493",0.2486111111
41,Lilian,"152,910",0.2520833333
42,George,"152,422",0.2527777778
43,Otieno,"150,690",0.2548611111
44,Patrick,"150,667",0.2548611111
45,Joyce,"149,379",0.2569444444
46,Purity,"149,090",0.2576388889
47,Eunice,"147,616",0.2597222222
48,Susan,"145,430",0.2625
49,Jackline,"142,035",0.2680555556
50,Rose,"141,232",0.2694444444
51,Evans,"138,320",0.2743055556
52,Collins,"137,905",0.275
53,Beatrice,"135,902",0.2784722222
54,Diana,"133,770",0.2819444444
55,Cynthia,"130,684",0.2875
56,Kennedy,"130,663",0.2875
57,Mwangi,"128,638",0.2916666667
58,Isaac,"125,320",0.2986111111
59,Edwin,"123,545",0.3020833333
60,Catherine,"122,731",0.3034722222
61,Ali,"121,292",0.3069444444
62,Brenda,"121,032",0.3076388889
63,Erick,"120,533",0.3083333333
64,Felix,"118,748",0.3125
65,Sarah,"117,198",0.3159722222
66,Naomi,"116,619",0.3173611111
67,Irene,"116,603",0.3173611111
68,Joshua,"115,901",0.3194444444
69,Abdi,"115,282",0.3208333333
70,Alice,"114,969",0.3215277778
71,Martin,"114,350",0.3229166667
72,Robert,"110,964",0.33125
73,Fatuma,"110,842",0.3319444444
74,Amos,"110,094",0.3340277778
75,Denis,"107,297",0.3416666667
76,Gladys,"106,540",0.34375
77,Hassan,"106,317",0.3444444444
78,Agnes,"105,566",0.3465277778
79,Vivian,"105,457",0.3465277778
80,Julius,"104,644",0.3493055556
81,Benson,"103,811",0.3513888889
82,Benard,"103,656",0.3520833333
83,Lydia,"102,915",0.3541666667
84,Dorcas,"101,970",0.3569444444
85,Joan,"101,047",0.3597222222
86,Fredrick,"100,138",0.3625
87,Abdirahman,"99,897",0.3638888889
88,Nicholas,"99,201",0.3659722222
89,Jackson,"98,482",0.3680555556
90,Samwel,"98,403",0.36875
91,Hellen,"98,216",0.36875
92,Janet,"97,210",0.3722222222
93,Ian,"96,700",0.3743055556
94,Eric,"96,221",0.3756944444
95,Odhiambo,"94,708",0.38125
96,Maina,"94,336",0.3826388889
97,Pauline,"93,527",0.3854166667
98,Richard,"93,359",0.3861111111
99,Ochieng,"92,453",0.3895833333
100,Antony,"91,906",0.3916666667
101,Florence,"91,328",0.39375
102,Juma,"91,073",0.3944444444
103,William,"88,853",0.4034722222
104,Sheila,"87,395",0.4097222222
105,Maureen,"87,002",0.4111111111
106,Philip,"81,741",0.4354166667
107,Winnie,"81,262",0.4375
108,Samson,"79,701",0.4451388889
109,Shadrack,"75,951",0.4652777778
110,Ahmed,"75,398",0.4680555556
111,Joy,"75,164",0.4694444444
112,Joel,"74,574",0.4729166667
113,Wilson,"73,566",0.4784722222
114,Thomas,"73,505",0.4791666667
115,Emily,"73,088",0.4819444444
116,Hussein,"72,565",0.4847222222
117,Miriam,"72,213",0.4868055556
118,Omondi,"71,502",0.4916666667
119,Kamau,"70,305",0.4993055556
120,Onyango,"69,398",0.5048611111
121,Geoffrey,"69,326",0.5055555556
122,Bonface,"68,586",0.5104166667
123,Abigael,"67,933",0.5152777778
124,Halima,"67,932",0.5152777778
125,Hillary,"67,887",0.5152777778
126,Judith,"67,810",0.5159722222
127,Jacob,"67,738",0.5166666667
128,Andrew,"67,475",0.5180555556
129,Damaris,"67,197",0.5201388889
130,Abdullahi,"66,985",0.5215277778
131,Tabitha,"66,890",0.5222222222
132,Gideon,"66,724",0.5236111111
133,Nafula,"66,647",0.5243055556
134,Benjamin,"66,184",0.5277777778
135,Mark,"65,934",0.5291666667
136,Timothy,"65,880",0.5298611111
137,Adan,"65,530",0.5326388889
138,Charity,"65,354",0.5340277778
139,Sammy,"64,584",0.5395833333
140,Linet,"64,265",0.5423611111
141,Dominic,"64,194",0.5423611111
142,Wafula,"63,834",0.5451388889
143,Millicent,"62,845",0.5534722222
144,Amina,"62,490",0.55625
145,Leah,"62,466",0.55625
146,Salim,"62,014",0.5604166667
147,Anne,"61,313",0.5659722222
148,Martha,"60,905",0.5694444444
149,Titus,"60,530",0.5729166667
150,Josephine,"60,498",0.5729166667
151,Henry,"60,177",0.5763888889
152,Elijah,"59,511",0.5819444444
153,Sylvia,"59,388",0.5833333333
154,Anthony,"59,066",0.5861111111
155,Edward,"58,016",0.5958333333
156,Kemunto,"57,551",0.6006944444
157,Josphat,"56,666",0.6090277778
158,Allan,"56,441",0.6111111111
159,Wambui,"56,385",0.6118055556
160,Stanley,"55,368",0.6222222222
161,Gilbert,"55,312",0.6229166667
162,Abdikadir,"55,218",0.6243055556
163,Njoroge,"55,175",0.6243055556
164,Kyalo,"55,123",0.625
165,Kariuki,"54,934",0.6270833333
166,Yvonne,"54,926",0.6270833333
167,Ismail,"54,797",0.6284722222
168,Christopher,"54,686",0.6298611111
169,Wanjiku,"54,357",0.6333333333
170,Daisy,"54,135",0.6354166667
171,Nelly,"53,963",0.6375
172,Omar,"53,500",0.6430555556
173,Njeri,"53,275",0.6451388889
174,Mutua,"52,891",0.65
175,Nelson,"52,389",0.6555555556
176,Ouma,"52,268",0.6569444444
177,Alfred,"52,176",0.6583333333
178,Clinton,"52,115",0.6590277778
179,Enock,"52,112",0.6590277778
180,Kenneth,"51,831",0.6618055556
181,Betty,"51,573",0.6652777778
182,Stella,"51,561",0.6652777778
183,Elvis,"51,209",0.6694444444
184,Doreen,"51,059",0.6715277778
185,Salome,"51,024",0.6722222222
186,Veronica,"51,013",0.6722222222
187,Judy,"50,912",0.6736111111
188,Fridah,"50,911",0.6736111111
189,Teresia,"49,321",0.69375
190,Duncan,"49,317",0.69375
191,Suleiman,"49,200",0.6951388889
192,Rashid,"49,141",0.6958333333
193,Monica,"49,086",0.6965277778
194,Atieno,"48,514",0.7048611111
195,Rebecca,"48,295",0.7076388889
196,Dickson,"48,191",0.7090277778
197,Caren,"48,071",0.7104166667
198,Hannah,"47,940",0.7125
199,Carolyne,"47,747",0.7152777778
200,Valentine,"47,677",0.7159722222
201,Moraa,"47,184",0.7229166667
202,Everlyne,"46,934",0.7270833333
203,Lawrence,"46,793",0.7291666667
204,Juliet,"46,588",0.7319444444
205,Wanjala,"46,579",0.7319444444
206,Muthoni,"46,408",0.7347222222
207,Josphine,"46,291","1:1,000"
208,Monicah,"45,997","1:1,007"
209,Solomon,"45,914","1:1,009"
210,Meshack,"45,773","1:1,012"
211,Caleb,"45,765","1:1,012"
212,Wambua,"45,736","1:1,012"
213,Marion,"45,333","1:1,021"
214,Kerubo,"45,296","1:1,022"
215,Gloria,"45,197","1:1,025"
216,Irine,"44,767","1:1,034"
217,Winfred,"44,570","1:1,039"
218,Simiyu,"44,330","1:1,045"
219,Abraham,"44,233","1:1,047"
220,Jeremiah,"44,175","1:1,048"
221,Boniface,"44,046","1:1,051"
222,Akinyi,"43,911","1:1,055"
223,Violet,"43,378","1:1,068"
224,Hamisi,"43,176","1:1,073"
225,Kibet,"42,659","1:1,086"
226,Gabriel,"42,357","1:1,093"
227,Kimani,"41,801","1:1,108"
228,Rosemary,"41,664","1:1,111"
229,Raphael,"41,401","1:1,119"
230,Dorothy,"41,069","1:1,128"
231,Jacinta,"40,725","1:1,137"
232,Mariam,"40,666","1:1,139"
233,Justus,"40,394","1:1,146"
234,Mutuku,"39,832","1:1,163"
235,Reuben,"39,770","1:1,164"
236,Derrick,"39,671","1:1,167"
237,Achieng,"39,331","1:1,177"
238,Ezekiel,"39,297","1:1,178"
239,Njuguna,"38,040","1:1,217"
240,Ronald,"37,994","1:1,219"
241,Maurine,"37,814","1:1,225"
242,Wekesa,"37,758","1:1,226"
243,Nekesa,"37,306","1:1,241"
244,Bernard,"37,200","1:1,245"
245,Linda,"37,019","1:1,251"
246,Lewis,"37,002","1:1,251"
247,Regina,"36,803","1:1,258"
248,Leonard,"36,683","1:1,262"
249,Rachael,"36,595","1:1,265"
250,Cecilia,"36,585","1:1,266"
251,Silas,"36,425","1:1,271"
252,Abdiaziz,"36,293","1:1,276"
253,Festus,"36,062","1:1,284"
254,Jonathan,"35,856","1:1,291"
255,Peris,"35,831","1:1,292"
256,Abdifatah,"35,714","1:1,297"
257,Asha,"35,408","1:1,308"
258,Godfrey,"35,287","1:1,312"
259,Geofrey,"35,215","1:1,315"
260,Said,"35,027","1:1,322"
261,Musyoka,"34,829","1:1,330"
262,Rael,"34,545","1:1,340"
263,Douglas,"34,391","1:1,346"
264,Bishar,"34,280","1:1,351"
265,Dancan,"33,913","1:1,365"
266,Emmaculate,"33,753","1:1,372"
267,Eliud,"33,214","1:1,394"
268,Patricia,"33,129","1:1,398"
269,Kioko,"32,962","1:1,405"
270,Teresa,"32,757","1:1,414"
271,Kwamboka,"32,735","1:1,415"
272,Pius,"32,584","1:1,421"
273,Veronicah,"32,550","1:1,423"
274,Rehema,"32,546","1:1,423"
275,Morris,"32,298","1:1,434"
276,Elias,"32,259","1:1,435"
277,Doris,"32,175","1:1,439"
278,Macharia,"32,126","1:1,441"
279,Pamela,"32,120","1:1,442"
280,Musa,"32,097","1:1,443"
281,Mildred,"32,090","1:1,443"
282,Mathew,"32,055","1:1,445"
283,Celestine,"31,916","1:1,451"
284,Edith,"31,780","1:1,457"
285,Barasa,"31,288","1:1,480"
286,Fred,"31,192","1:1,485"
287,Nanjala,"31,044","1:1,492"
288,Frankline,"30,999","1:1,494"
289,Lydiah,"30,815","1:1,503"
290,Everline,"30,737","1:1,507"
291,Wairimu,"30,366","1:1,525"
292,Isaiah,"30,171","1:1,535"
293,Victoria,"30,111","1:1,538"
294,Harrison,"29,925","1:1,547"
295,Zipporah,"29,850","1:1,551"
296,Mutinda,"29,606","1:1,564"
297,Newton,"29,574","1:1,566"
298,Osman,"29,342","1:1,578"
299,Annah,"29,263","1:1,582"
300,Wycliffe,"29,260","1:1,583"
301,Karanja,"29,148","1:1,589"
302,Khadija,"29,050","1:1,594"
303,Mohammed,"29,043","1:1,594"
304,Beth,"28,806","1:1,608"
305,Yusuf,"28,715","1:1,613"
306,Margret,"28,420","1:1,629"
307,Nyambura,"28,401","1:1,630"
308,Risper,"28,282","1:1,637"
309,Virginia,"28,256","1:1,639"
310,Owino,"28,225","1:1,641"
311,Wangui,"28,202","1:1,642"
312,Muktar,"28,171","1:1,644"
313,Issa,"28,142","1:1,645"
314,Deborah,"28,038","1:1,652"
315,Albert,"27,944","1:1,657"
316,Mercyline,"27,889","1:1,660"
317,Adhiambo,"27,857","1:1,662"
318,Okoth,"27,759","1:1,668"
319,Jared,"27,731","1:1,670"
320,Job,"27,601","1:1,678"
321,Abdinasir,"27,576","1:1,679"
322,Rodgers,"27,540","1:1,681"
323,Yussuf,"27,394","1:1,690"
324,Wangari,"27,155","1:1,705"
325,Sophia,"27,152","1:1,705"
326,Ivy,"27,082","1:1,710"
327,Derick,"26,930","1:1,720"
328,Johnson,"26,726","1:1,733"
329,Peninah,"26,585","1:1,742"
330,Oduor,"26,564","1:1,743"
331,Beryl,"26,527","1:1,746"
332,Oscar,"26,382","1:1,755"
333,Anna,"26,253","1:1,764"
334,Silvia,"26,137","1:1,772"
335,Jelagat,"26,036","1:1,779"
336,Aisha,"26,008","1:1,780"
337,Nickson,"26,006","1:1,781"
338,Wilfred,"25,987","1:1,782"
339,Kiprotich,"25,866","1:1,790"
340,Winny,"25,549","1:1,812"
341,Njoki,"25,398","1:1,823"
342,Abdirashid,"25,368","1:1,825"
343,Serah,"25,299","1:1,830"
344,Wanyonyi,"25,284","1:1,831"
345,Nyongesa,"25,146","1:1,842"
346,Kinyua,"25,136","1:1,842"
347,Maria,"25,010","1:1,852"
348,Cyrus,"24,979","1:1,854"
349,Abubakar,"24,676","1:1,877"
350,Nasimiyu,"24,669","1:1,877"
351,Aron,"24,438","1:1,895"
352,Kipkoech,"24,340","1:1,903"
353,Melvin,"24,028","1:1,927"
354,Gitonga,"23,947","1:1,934"
355,Walter,"23,926","1:1,935"
356,Kiptoo,"23,765","1:1,949"
357,Naomy,"23,694","1:1,954"
358,Julia,"23,646","1:1,958"
359,Anyango,"23,587","1:1,963"
360,Angela,"23,585","1:1,963"
361,Mbugua,"23,515","1:1,969"
362,Mohamud,"23,462","1:1,974"
363,Tonny,"23,452","1:1,975"
364,Waweru,"23,386","1:1,980"
365,Magdaline,"23,298","1:1,988"
366,Sandra,"23,255","1:1,991"
367,Onesmus,"23,204","1:1,996"
368,Zakaria,"23,190","1:1,997"
369,Wesley,"23,155","1:2,000"
370,Mirriam,"23,148","1:2,000"
371,Ramadhan,"23,117","1:2,003"
372,Haron,"23,067","1:2,008"
373,Abdirizak,"23,028","1:2,011"
374,Chege,"22,978","1:2,015"
375,Daud,"22,894","1:2,023"
376,Stacy,"22,873","1:2,025"
377,Immaculate,"22,719","1:2,038"
378,Hilda,"22,685","1:2,041"
379,Ngugi,"22,662","1:2,043"
380,Mourine,"22,661","1:2,043"
381,Tom,"22,514","1:2,057"
382,Mwendwa,"22,448","1:2,063"
383,Mike,"22,421","1:2,065"
384,Cosmas,"22,408","1:2,067"
385,Belinda,"22,335","1:2,073"
386,Alvin,"22,318","1:2,075"
387,Steven,"22,276","1:2,079"
388,Kiprono,"22,264","1:2,080"
389,Njeru,"22,197","1:2,086"
390,Loise,"22,179","1:2,088"
391,Tracy,"22,133","1:2,092"
392,Viola,"22,117","1:2,094"
393,Habiba,"22,095","1:2,096"
394,Milka,"22,085","1:2,097"
395,Ezra,"22,046","1:2,100"
396,Emma,"22,039","1:2,101"
397,Neema,"22,031","1:2,102"
398,Evaline,"21,922","1:2,112"
399,Rahma,"21,891","1:2,115"
400,Moureen,"21,701","1:2,134"
401,Muriithi,"21,623","1:2,142"
402,Abel,"21,600","1:2,144"
403,Davis,"21,566","1:2,147"
404,Mwende,"21,536","1:2,150"
405,Maurice,"21,521","1:2,152"
406,Mburu,"21,128","1:2,192"
407,Gerald,"21,120","1:2,193"
408,Evalyne,"21,100","1:2,195"
409,Rukia,"20,991","1:2,206"
410,Kiprop,"20,974","1:2,208"
411,Roseline,"20,952","1:2,210"
412,Ken,"20,951","1:2,210"
413,Maryan,"20,944","1:2,211"
414,Shukri,"20,903","1:2,215"
415,Nyaboke,"20,871","1:2,219"
416,Glory,"20,787","1:2,228"
417,Musyoki,"20,784","1:2,228"
418,Irungu,"20,745","1:2,232"
419,Noah,"20,546","1:2,254"
420,Loice,"20,503","1:2,259"
421,Maxwell,"20,360","1:2,274"
422,Mwaura,"20,358","1:2,275"
423,Cheruiyot,"20,301","1:2,281"
424,Austine,"20,219","1:2,290"
425,Nyaga,"20,150","1:2,298"
426,Abdihakim,"20,079","1:2,306"
427,Zamzam,"20,039","1:2,311"
428,Norah,"20,035","1:2,311"
429,Elisha,"19,943","1:2,322"
430,Kimutai,"19,914","1:2,325"
431,Gitau,"19,908","1:2,326"
432,Kiplagat,"19,907","1:2,326"
433,Rahab,"19,865","1:2,331"
434,Nasra,"19,823","1:2,336"
435,Laban,"19,780","1:2,341"
436,Naliaka,"19,746","1:2,345"
437,Kipkorir,"19,687","1:2,352"
438,Josephat,"19,635","1:2,358"
439,Abdinoor,"19,627","1:2,359"
440,Harriet,"19,582","1:2,365"
441,Muli,"19,558","1:2,368"
442,Yahya,"19,508","1:2,374"
443,Auma,"19,449","1:2,381"
444,Noor,"19,332","1:2,395"
445,Justine,"19,241","1:2,407"
446,Moreen,"19,205","1:2,411"
447,Oliver,"19,204","1:2,411"
448,Steve,"19,142","1:2,419"
449,Issack,"19,023","1:2,434"
450,Mungai,"18,955","1:2,443"
451,Awuor,"18,886","1:2,452"
452,Michelle,"18,859","1:2,455"
453,Ndungu,"18,821","1:2,460"
454,Nathan,"18,790","1:2,464"
455,Harun,"18,742","1:2,471"
456,Augustine,"18,651","1:2,483"
457,Mutisya,"18,640","1:2,484"
458,Alexander,"18,624","1:2,486"
459,Dorine,"18,502","1:2,503"
460,Eugene,"18,475","1:2,506"
461,Selina,"18,273","1:2,534"
462,Wachira,"18,229","1:2,540"
463,Ayub,"18,201","1:2,544"
464,Tony,"18,166","1:2,549"
465,Cornelius,"18,135","1:2,553"
466,Boaz,"18,111","1:2,557"
467,Getrude,"18,071","1:2,563"
468,Mutunga,"17,896","1:2,588"
469,Aden,"17,879","1:2,590"
470,Akoth,"17,877","1:2,590"
471,Abdalla,"17,875","1:2,591"
472,Bakari,"17,780","1:2,604"
473,Mwaniki,"17,668","1:2,621"
474,Karen,"17,529","1:2,642"
475,Dan,"17,527","1:2,642"
476,Chris,"17,504","1:2,646"
477,Rachel,"17,413","1:2,659"
478,Japheth,"17,401","1:2,661"
479,Philemon,"17,324","1:2,673"
480,Farhiya,"17,154","1:2,699"
481,Ng'ang'a,"17,144","1:2,701"
482,Salma,"17,062","1:2,714"
483,Stellah,"16,994","1:2,725"
484,Mwenda,"16,968","1:2,729"
485,Priscilla,"16,960","1:2,730"
486,Phoebe,"16,903","1:2,740"
487,Joyline,"16,731","1:2,768"
488,Jebet,"16,475","1:2,811"
489,Rhoda,"16,473","1:2,811"
490,Benedict,"16,454","1:2,814"
490,Saumu,"16,454","1:2,814"
492,Maxwel,"16,379","1:2,827"
493,Eugine,"16,315","1:2,838"
494,Dorcus,"16,285","1:2,844"
495,Raymond,"16,282","1:2,844"
496,Lucas,"16,257","1:2,848"
497,Chebet,"16,245","1:2,851"
498,Racheal,"16,227","1:2,854"
499,Teresiah,"16,183","1:2,861"
500,Jeniffer,"16,179","1:2,862"
501,Njenga,"16,129","1:2,871"
502,Japhet,"16,092","1:2,878"
503,Simion,"16,077","1:2,880"
504,Najma,"16,073","1:2,881"
505,Ernest,"15,990","1:2,896"
506,Ndung'u,"15,988","1:2,896"
507,Munene,"15,810","1:2,929"
508,Murithi,"15,748","1:2,941"
509,Jecinta,"15,725","1:2,945"
510,Baraka,"15,653","1:2,958"
511,Humphrey,"15,607","1:2,967"
512,Juliana,"15,578","1:2,973"
513,Patience,"15,569","1:2,974"
514,Mwanzia,"15,535","1:2,981"
515,Hosea,"15,458","1:2,996"
516,Nicholus,"15,450","1:2,997"
517,Roselyne,"15,370","1:3,013"
518,Calvin,"15,369","1:3,013"
519,Felister,"15,356","1:3,016"
520,Karisa,"15,353","1:3,016"
521,Munyao,"15,316","1:3,023"
522,Laura,"15,296","1:3,027"
523,Penina,"15,286","1:3,029"
524,Kipruto,"15,229","1:3,041"
525,Linus,"15,163","1:3,054"
526,Reagan,"15,151","1:3,056"
527,Danson,"15,088","1:3,069"
528,Quinter,"15,040","1:3,079"
529,Arnold,"15,006","1:3,086"
530,Sheilah,"14,980","1:3,091"
531,Rodah,"14,963","1:3,095"
532,Robinson,"14,934","1:3,101"
533,Evance,"14,832","1:3,122"
534,Ismael,"14,732","1:3,143"
535,Sabina,"14,713","1:3,147"
536,Valary,"14,701","1:3,150"
537,Sylvester,"14,603","1:3,171"
538,Bosibori,"14,590","1:3,174"
539,Prisca,"14,549","1:3,183"
540,Charo,"14,515","1:3,190"
541,Musembi,"14,504","1:3,193"
542,Clare,"14,465","1:3,201"
543,Muriuki,"14,371","1:3,222"
544,Muema,"14,310","1:3,236"
545,Metrine,"14,295","1:3,239"
546,Idris,"14,280","1:3,243"
547,Jepkoech,"14,268","1:3,246"
548,Naima,"14,255","1:3,248"
549,Willy,"14,231","1:3,254"
550,Riziki,"14,191","1:3,263"
551,Kinyanjui,"14,177","1:3,266"
552,Wendy,"14,166","1:3,269"
553,Mugo,"14,152","1:3,272"
554,Dinah,"14,110","1:3,282"
555,Teddy,"14,031","1:3,300"
556,Sally,"13,952","1:3,319"
557,Clement,"13,905","1:3,330"
558,Edna,"13,836","1:3,347"
559,Fatma,"13,812","1:3,353"
560,Kilonzo,"13,805","1:3,354"
561,Khalid,"13,729","1:3,373"
562,Peterson,"13,725","1:3,374"
563,Awino,"13,705","1:3,379"
564,Mwikali,"13,687","1:3,383"
565,Kiplangat,"13,665","1:3,389"
566,Kipngetich,"13,640","1:3,395"
567,Mumo,"13,626","1:3,398"
568,Dianah,"13,612","1:3,402"
569,Kipchumba,"13,599","1:3,405"
570,Kazungu,"13,595","1:3,406"
571,Sahara,"13,520","1:3,425"
572,Siyad,"13,499","1:3,430"
573,Rotich,"13,486","1:3,434"
574,Feisal,"13,465","1:3,439"
575,Kuria,"13,433","1:3,447"
576,Wamalwa,"13,423","1:3,450"
577,Ambrose,"13,422","1:3,450"
578,Consolata,"13,399","1:3,456"
579,Anderson,"13,354","1:3,468"
580,Abass,"13,341","1:3,471"
580,Alphonce,"13,341","1:3,471"
582,Jeff,"13,273","1:3,489"
583,Jerop,"13,264","1:3,491"
584,Lucia,"13,260","1:3,492"
585,Mulwa,"13,237","1:3,498"
586,Kipkemoi,"13,220","1:3,503"
587,Billy,"13,179","1:3,514"
588,Carol,"13,148","1:3,522"
589,Sofia,"13,143","1:3,523"
590,Lavender,"13,066","1:3,544"
591,Shem,"13,060","1:3,546"
592,Muchiri,"13,036","1:3,552"
593,Zeinab,"13,010","1:3,559"
594,Adam,"12,990","1:3,565"
595,Yasmin,"12,988","1:3,565"
596,Makau,"12,986","1:3,566"
597,Jack,"12,978","1:3,568"
598,Fancy,"12,924","1:3,583"
599,Mueni,"12,909","1:3,587"
600,Kimathi,"12,900","1:3,590"
601,Jeruto,"12,879","1:3,596"
602,Frank,"12,878","1:3,596"
603,Priscah,"12,876","1:3,596"
604,Koech,"12,859","1:3,601"
605,Fidelis,"12,852","1:3,603"
606,Jamal,"12,819","1:3,612"
607,Nicole,"12,802","1:3,617"
608,Wainaina,"12,743","1:3,634"
609,Kipchirchir,"12,739","1:3,635"
610,Saidi,"12,735","1:3,636"
611,Lavenda,"12,734","1:3,636"
612,Makokha,"12,733","1:3,637"
613,Muhumed,"12,722","1:3,640"
614,Roy,"12,703","1:3,645"
615,Emilly,"12,672","1:3,654"
616,Fardowsa,"12,668","1:3,655"
617,Phylis,"12,657","1:3,659"
618,Brendah,"12,646","1:3,662"
619,Okumu,"12,643","1:3,663"
620,Velma,"12,601","1:3,675"
621,Hezron,"12,588","1:3,679"
621,Noel,"12,588","1:3,679"
623,Kassim,"12,542","1:3,692"
624,Micah,"12,535","1:3,694"
625,Abdimalik,"12,500","1:3,705"
626,Tobias,"12,474","1:3,712"
627,Abdirizack,"12,446","1:3,721"
628,Angeline,"12,438","1:3,723"
629,Ndegwa,"12,437","1:3,723"
630,Kenedy,"12,392","1:3,737"
631,Jemimah,"12,376","1:3,742"
632,Anita,"12,343","1:3,752"
633,Hesbon,"12,325","1:3,757"
634,Muiruri,"12,317","1:3,760"
635,Amani,"12,263","1:3,776"
635,Kahindi,"12,263","1:3,776"
637,Lameck,"12,211","1:3,792"
638,Njagi,"12,169","1:3,805"
639,Carren,"12,157","1:3,809"
639,Kemboi,"12,157","1:3,809"
641,Elosy,"12,150","1:3,811"
642,Katana,"12,135","1:3,816"
643,Elly,"12,091","1:3,830"
644,Naom,"12,084","1:3,832"
645,Erastus,"12,077","1:3,834"
646,Nicodemus,"12,021","1:3,852"
647,Lorna,"12,012","1:3,855"
648,Hadija,"12,007","1:3,857"
649,Mwangangi,"11,987","1:3,863"
650,Emmah,"11,930","1:3,882"
651,Mutiso,"11,899","1:3,892"
652,Prudence,"11,897","1:3,892"
653,Swaleh,"11,878","1:3,899"
654,Johnstone,"11,874","1:3,900"
655,Jemutai,"11,873","1:3,900"
656,Magdalene,"11,836","1:3,912"
657,Jepkorir,"11,834","1:3,913"
658,Mugambi,"11,821","1:3,917"
659,Morgan,"11,805","1:3,923"
660,Nganga,"11,802","1:3,924"
661,Annet,"11,787","1:3,929"
662,Nelima,"11,742","1:3,944"
663,Hamza,"11,740","1:3,944"
664,Francisca,"11,739","1:3,945"
665,Omari,"11,689","1:3,962"
666,Gesare,"11,679","1:3,965"
667,Levis,"11,646","1:3,976"
668,Godwin,"11,645","1:3,977"
669,Momanyi,"11,640","1:3,978"
670,Shaban,"11,596","1:3,993"
671,Saadia,"11,588","1:3,996"
672,Korir,"11,576","1:4,000"
673,Hawa,"11,477","1:4,035"
674,Rita,"11,445","1:4,046"
675,Daudi,"11,413","1:4,057"
676,Jimmy,"11,409","1:4,059"
677,Wanja,"11,398","1:4,063"
678,Linah,"11,329","1:4,087"
679,Billow,"11,300","1:4,098"
680,Hildah,"11,281","1:4,105"
681,Hafsa,"11,253","1:4,115"
682,Abdiwahab,"11,239","1:4,120"
683,Jonah,"11,221","1:4,127"
684,Jepchumba,"11,177","1:4,143"
685,Oluoch,"11,175","1:4,144"
686,Farah,"11,142","1:4,156"
687,Jeptoo,"11,130","1:4,161"
688,Karimi,"11,112","1:4,167"
689,Abdul,"11,090","1:4,176"
690,Ndirangu,"11,078","1:4,180"
691,Ashley,"11,042","1:4,194"
692,Jesca,"11,003","1:4,209"
693,Jennifer,"10,998","1:4,211"
694,Guyo,"10,990","1:4,214"
695,Jerotich,"10,986","1:4,215"
696,Odongo,"10,981","1:4,217"
697,Wanyama,"10,926","1:4,238"
698,Calvince,"10,844","1:4,270"
699,Weldon,"10,806","1:4,285"
700,Jepchirchir,"10,772","1:4,299"
701,Opiyo,"10,709","1:4,324"
702,Sumeya,"10,699","1:4,328"
703,Wanjohi,"10,686","1:4,333"
704,Sifuna,"10,656","1:4,346"
705,Adow,"10,655","1:4,346"
706,Nuru,"10,649","1:4,348"
707,Jerono,"10,619","1:4,361"
708,Gedion,"10,553","1:4,388"
709,Mwanamisi,"10,534","1:4,396"
710,Eva,"10,525","1:4,400"
711,Mustafa,"10,524","1:4,400"
712,Wycliff,"10,508","1:4,407"
713,Rama,"10,488","1:4,415"
713,Terry,"10,488","1:4,415"
715,Keneth,"10,479","1:4,419"
716,Langat,"10,458","1:4,428"
717,Githinji,"10,438","1:4,436"
718,Mohamednoor,"10,430","1:4,440"
719,Jimale,"10,419","1:4,444"
720,Keith,"10,382","1:4,460"
721,Dismas,"10,378","1:4,462"
722,Leila,"10,350","1:4,474"
723,Abdisalan,"10,306","1:4,493"
724,Annastacia,"10,280","1:4,505"
725,Yunis,"10,278","1:4,505"
726,Hamdi,"10,254","1:4,516"
727,Zacharia,"10,248","1:4,519"
728,Josiah,"10,230","1:4,527"
729,Hope,"10,224","1:4,529"
730,Abdikarim,"10,208","1:4,536"
731,Gregory,"10,198","1:4,541"
732,Felistus,"10,187","1:4,546"
733,Muthui,"10,123","1:4,574"
734,Vallary,"10,106","1:4,582"
735,Fartun,"10,065","1:4,601"
736,Nyanchama,"10,049","1:4,608"
737,Lucky,"10,039","1:4,613"
738,Lenah,"10,000","1:4,631"
739,Joash,"9,994","1:4,633"
740,Isaack,"9,978","1:4,641"
741,Tyson,"9,950","1:4,654"
742,Mbithi,"9,946","1:4,656"
743,Vicky,"9,898","1:4,678"
744,Jesse,"9,895","1:4,680"
745,Luka,"9,891","1:4,682"
746,Mahat,"9,878","1:4,688"
747,Jumaa,"9,877","1:4,688"
747,Nimo,"9,877","1:4,688"
749,Phanice,"9,873","1:4,690"
750,Kipkirui,"9,862","1:4,696"
751,Ubah,"9,856","1:4,698"
752,Pascal,"9,837","1:4,707"
753,Farhan,"9,833","1:4,709"
754,Gibson,"9,832","1:4,710"
755,Nduku,"9,808","1:4,721"
756,Kiplimo,"9,790","1:4,730"
757,Joram,"9,789","1:4,731"
758,Njogu,"9,788","1:4,731"
759,Nyakundi,"9,785","1:4,732"
760,Njiru,"9,744","1:4,752"
761,Ayan,"9,733","1:4,758"
762,Emanuel,"9,712","1:4,768"
763,Zakayo,"9,664","1:4,792"
764,Okello,"9,637","1:4,805"
765,Cherotich,"9,624","1:4,812"
766,Fiona,"9,623","1:4,812"
767,Ryan,"9,611","1:4,818"
768,June,"9,567","1:4,840"
769,Kirimi,"9,509","1:4,870"
770,Evelyne,"9,485","1:4,882"
770,Jedidah,"9,485","1:4,882"
772,Maingi,"9,481","1:4,884"
773,Samira,"9,479","1:4,885"
774,Mukami,"9,461","1:4,895"
775,Owuor,"9,444","1:4,903"
776,Murimi,"9,404","1:4,924"
777,Isack,"9,393","1:4,930"
778,Jael,"9,380","1:4,937"
779,Maryann,"9,373","1:4,940"
780,Zablon,"9,356","1:4,949"
781,Musau,"9,350","1:4,953"
782,Kelly,"9,344","1:4,956"
783,Emmy,"9,337","1:4,960"
784,Abdallah,"9,326","1:4,965"
785,Bashir,"9,302","1:4,978"
786,Rajab,"9,267","1:4,997"
786,Sila,"9,267","1:4,997"
788,Fardosa,"9,264","1:4,999"
789,Aggrey,"9,252","1:5,005"
790,Zainab,"9,248","1:5,007"
791,Mumbi,"9,209","1:5,028"
792,Milkah,"9,199","1:5,034"
793,Franklin,"9,179","1:5,045"
794,Safia,"9,152","1:5,060"
795,Phelix,"9,132","1:5,071"
796,Muturi,"9,092","1:5,093"
797,Frida,"9,070","1:5,106"
798,Kipkurui,"9,068","1:5,107"
799,Jepkemoi,"9,063","1:5,109"
800,Sheilla,"9,055","1:5,114"
801,Lorine,"9,024","1:5,132"
802,Elphas,"9,011","1:5,139"
803,Mwiti,"8,982","1:5,156"
804,Collince,"8,973","1:5,161"
805,Robin,"8,961","1:5,168"
806,Priscillah,"8,954","1:5,172"
807,Sylivia,"8,907","1:5,199"
808,Keziah,"8,905","1:5,200"
809,Jepkosgei,"8,881","1:5,214"
810,Munyoki,"8,855","1:5,229"
811,Ephantus,"8,833","1:5,243"
812,Anastacia,"8,831","1:5,244"
812,Gift,"8,831","1:5,244"
814,Muia,"8,821","1:5,250"
815,Abdirahim,"8,815","1:5,253"
816,Shamsa,"8,788","1:5,269"
817,Silvester,"8,784","1:5,272"
818,Gordon,"8,768","1:5,281"
819,Janeth,"8,756","1:5,289"
820,Christabel,"8,749","1:5,293"
821,Kemuma,"8,693","1:5,327"
822,Mwanajuma,"8,678","1:5,336"
823,Innocent,"8,671","1:5,340"
824,Kirui,"8,669","1:5,342"
825,Amin,"8,652","1:5,352"
826,Donald,"8,618","1:5,373"
827,Justin,"8,611","1:5,378"
828,Kinuthia,"8,606","1:5,381"
829,Kipsang,"8,597","1:5,386"
830,Kiarie,"8,594","1:5,388"
831,Maalim,"8,581","1:5,396"
832,Milton,"8,569","1:5,404"
833,Claire,"8,557","1:5,412"
834,Obed,"8,530","1:5,429"
835,Dekow,"8,529","1:5,429"
836,Owen,"8,524","1:5,433"
837,Bramwel,"8,518","1:5,436"
838,Zachary,"8,516","1:5,438"
839,Nduta,"8,507","1:5,443"
840,Clara,"8,505","1:5,445"
841,Waithera,"8,492","1:5,453"
841,Wambugu,"8,492","1:5,453"
843,Fidel,"8,490","1:5,454"
844,Aftin,"8,489","1:5,455"
845,Seth,"8,484","1:5,458"
846,Philis,"8,472","1:5,466"
847,Carlos,"8,463","1:5,472"
848,Mukhwana,"8,462","1:5,472"
849,Lynn,"8,455","1:5,477"
850,Lillian,"8,454","1:5,478"
851,Morine,"8,439","1:5,487"
852,Dolphine,"8,428","1:5,494"
853,Ndunge,"8,424","1:5,497"
854,Cleophas,"8,423","1:5,498"
855,Ifrah,"8,407","1:5,508"
856,Kimanzi,"8,381","1:5,525"
857,Melvine,"8,364","1:5,536"
858,Mitchelle,"8,349","1:5,546"
859,Furaha,"8,325","1:5,562"
860,Makena,"8,290","1:5,586"
861,Mutie,"8,289","1:5,587"
862,Javan,"8,279","1:5,593"
863,Abdimajid,"8,260","1:5,606"
864,Luke,"8,227","1:5,629"
865,Ondieki,"8,216","1:5,636"
866,Micheal,"8,200","1:5,647"
867,Elkana,"8,198","1:5,649"
868,Bahati,"8,190","1:5,654"
869,Precious,"8,172","1:5,667"
870,Salat,"8,160","1:5,675"
871,Flora,"8,139","1:5,690"
872,Nehemiah,"8,130","1:5,696"
873,Bridget,"8,123","1:5,701"
874,Stephanie,"8,100","1:5,717"
875,Sophy,"8,044","1:5,757"
876,Mutheu,"8,023","1:5,772"
877,Amon,"8,004","1:5,785"
878,Kanini,"7,993","1:5,793"
879,Makori,"7,979","1:5,804"
880,Issak,"7,971","1:5,809"
881,Halkano,"7,949","1:5,826"
882,Waithira,"7,947","1:5,827"
883,Debora,"7,944","1:5,829"
883,Deng,"7,944","1:5,829"
885,Musee,"7,934","1:5,837"
886,Aaron,"7,931","1:5,839"
887,Brigid,"7,901","1:5,861"
887,Kimeu,"7,901","1:5,861"
889,Nafuna,"7,862","1:5,890"
890,Nasambu,"7,855","1:5,895"
891,Amran,"7,850","1:5,899"
892,Phillip,"7,849","1:5,900"
893,Kipkosgei,"7,829","1:5,915"
894,Cherop,"7,703","1:6,012"
895,Ronny,"7,696","1:6,017"
896,Phyllis,"7,690","1:6,022"
897,Nixon,"7,676","1:6,033"
898,Whitney,"7,667","1:6,040"
899,Karani,"7,641","1:6,060"
900,Abdishakur,"7,639","1:6,062"
901,Livingstone,"7,634","1:6,066"
902,Edinah,"7,627","1:6,071"
903,Hashim,"7,621","1:6,076"
904,Wesonga,"7,613","1:6,083"
905,Abdiweli,"7,540","1:6,142"
906,Brandon,"7,534","1:6,146"
907,Wangila,"7,511","1:6,165"
908,Marvin,"7,504","1:6,171"
908,Simeon,"7,504","1:6,171"
910,Liban,"7,499","1:6,175"
911,Dancun,"7,479","1:6,192"
912,Phineas,"7,427","1:6,235"
913,Kosgei,"7,424","1:6,237"
914,Bryan,"7,410","1:6,249"
915,Jibril,"7,402","1:6,256"
916,Chepkemoi,"7,375","1:6,279"
917,Esha,"7,334","1:6,314"
918,Bridgit,"7,323","1:6,324"
919,Abednego,"7,314","1:6,331"
920,Centrine,"7,308","1:6,336"
921,Masika,"7,306","1:6,338"
922,Maryanne,"7,285","1:6,357"
923,Sheillah,"7,280","1:6,361"
924,Nahashon,"7,276","1:6,364"
925,Jenipher,"7,275","1:6,365"
926,Kadzo,"7,267","1:6,372"
927,Benta,"7,258","1:6,380"
928,Mutwiri,"7,253","1:6,385"
929,Safari,"7,250","1:6,387"
930,Lindah,"7,233","1:6,402"
931,Athuman,"7,231","1:6,404"
932,Farida,"7,223","1:6,411"
933,Ngari,"7,213","1:6,420"
934,Nzioka,"7,210","1:6,423"
935,Zainabu,"7,206","1:6,426"
936,Maimuna,"7,205","1:6,427"
937,Jamila,"7,204","1:6,428"
938,Felista,"7,196","1:6,435"
939,Stephene,"7,174","1:6,455"
940,Masinde,"7,157","1:6,470"
941,Athman,"7,151","1:6,476"
942,Natasha,"7,126","1:6,498"
943,Chelangat,"7,099","1:6,523"
944,Mathias,"7,075","1:6,545"
945,Vitalis,"7,058","1:6,561"
946,Bett,"7,055","1:6,564"
947,Saida,"7,047","1:6,571"
948,Mboya,"7,041","1:6,577"
949,Tsuma,"7,039","1:6,579"
950,Chepkorir,"7,037","1:6,581"
951,Yvone,"7,021","1:6,596"
952,Kipkemboi,"7,020","1:6,596"
953,Mohamedamin,"7,015","1:6,601"
954,Joe,"6,997","1:6,618"
955,Mulongo,"6,995","1:6,620"
956,Mutai,"6,983","1:6,631"
957,Mugendi,"6,977","1:6,637"
958,Kipngeno,"6,973","1:6,641"
959,Muthengi,"6,959","1:6,654"
960,Jairus,"6,958","1:6,655"
961,Bilha,"6,951","1:6,662"
962,Nyamai,"6,940","1:6,672"
963,Kipyegon,"6,931","1:6,681"
964,Njue,"6,907","1:6,704"
965,Gathoni,"6,904","1:6,707"
966,Sam,"6,901","1:6,710"
967,Muthoka,"6,891","1:6,720"
968,Chepkoech,"6,868","1:6,742"
969,Rabecca,"6,825","1:6,785"
970,Milcah,"6,819","1:6,791"
971,Muthama,"6,816","1:6,794"
972,Rogers,"6,812","1:6,798"
973,Ngigi,"6,811","1:6,799"
974,Dalmas,"6,807","1:6,803"
975,Rono,"6,801","1:6,809"
976,Faiza,"6,796","1:6,814"
977,Zawadi,"6,783","1:6,827"
978,Nderitu,"6,781","1:6,829"
979,Nzomo,"6,780","1:6,830"
980,Abdulrahman,"6,775","1:6,835"
981,Zeitun,"6,756","1:6,854"
982,Duke,"6,744","1:6,866"
983,Maryam,"6,742","1:6,868"
984,Clifford,"6,724","1:6,887"
985,Bravin,"6,702","1:6,909"
986,Philomena,"6,692","1:6,920"
987,Eddah,"6,687","1:6,925"
987,Weddy,"6,687","1:6,925"
989,Edgar,"6,682","1:6,930"
990,Washington,"6,673","1:6,939"
991,Nyawira,"6,659","1:6,954"
992,Sara,"6,656","1:6,957"
993,Laureen,"6,653","1:6,960"
994,Claris,"6,646","1:6,968"
995,Thuo,"6,623","1:6,992"
996,Willis,"6,622","1:6,993"
997,Abdisalam,"6,619","1:6,996"
998,Deka,"6,616","1:6,999"
999,Ivone,"6,592","1:7,025"
1000,Hawo,"6,577","1:7,041"
1000,Oloo,"6,577","1:7,041"