medicine_id,medicine_name,brand,pharmacy_names,latitudes,longitudes,total_quantity_sold
438,Cefixime,Rivaxime,"Bonaim pharmacy , KARURA CHEMIST II  TILL 8073490","-1.2062072, -1.2196352","36.89570200000001, 36.7128582",34
439,Cefixime,Bactifix,"CHARLIK PHARMACY, THE MUTHAMI  HOSPITAL ","-1.215894, -1.214086","36.88669160000001, 36.7222231",11
444,Cefixime,cefiz,"ANGELIC STAR PHARMACEUTICALS, BetahCare Family Health Clinic, Crowmed pharmaceuticals ","-1.2834847, -1.3621855","36.889222, 36.6555867",5
445,Cefixime,theofix,MEDIBLEND ,-1.282731,36.7848689,2
448,Cefixime,Gramocef,Churmad Retail Pharmacy ,-1.3319206,36.8571633,2
450,Cefixime,Theofix,"Crowmed pharmaceuticals , Disanjo Chemist , Eloc pharmacy ","-1.3621855, -1.2650867, -1.2953742","36.6555867, 36.8826178, 36.7455442",34
796,Desloratadine,Momento,Eloc pharmacy ,-1.2953742,36.7455442,10
797,Desloratadine,Desostar,"Bripamu Medical Stores, Perta Chemist","-1.3111251, -1.1079318","36.8939304, 37.016326",19
887,Diphenhydramine,"Upacof, Paediatric","Eloc pharmacy , MEDPLEX CHEMIST","-1.2953742, -1.4293031","36.7455442, 36.6872005",13
909,Ebastine,Erostin,Romac Pharmacy ,-1.2706834,36.8466657,5
1076,Gripe Water,Beta,"Apotek Pharmaceutical, MEDPLEX CHEMIST","-1.2885927, -1.4293031","36.9504001, 36.6872005",5
1077,Gripe Water,Beta,"Apotek Pharmaceutical, Drughub Pharmacy ","-1.2885927, -1.2318004","36.9504001, 36.8725528",3
1078,Gripe Water,Woodwards,KARURA CHEMIST II  TILL 8073490,-1.2196352,36.7128582,1
1150,Ibuprofen N Paracetamol,Totowell,EMIR HEALTH CENTER ,-1.266125,36.910522,1
1151,Ibuprofen plus paracetamol,Ibucap,"Crowmed pharmaceuticals , Eloc pharmacy , EMIR HEALTH CENTER , Minimall pharmacy ","-1.3621855, -1.2953742, -1.266125, -1.2075997","36.6555867, 36.7455442, 36.910522, 36.9289285",21
1211,Levocetirizine,Levofast,CARDINAL CHEMIST,-1.3958137,36.7638655,4
1249,Loratadine,Loratin Fast,"ANGELIC STAR PHARMACEUTICALS, THE MUTHAMI  HOSPITAL ","-1.2834847, -1.214086","36.889222, 36.7222231",11
1538,Paracetamol,Painil,"Campus Wellness Pharmacy , KerRan Pharma",-29.4512856,27.7206302,51
1539,Paracetamol,Paradol,"CALMAK CHEMIST , Disanjo Chemist , Jubilee-Care Chemist","-1.053931, -1.2650867, -1.1003338","38.3631399, 36.8826178, 37.0129017",96
1542,Paracetamol,Betafen,Romac Pharmacy ,-1.2706834,36.8466657,11
1543,Paracetamol,Parol,"Apotek Pharmaceutical, Genevision pharmacy, KARURA CHEMIST II  TILL 8073490","-1.2885927, -1.4532496, -1.2196352","36.9504001, 36.971792, 36.7128582",5
1544,Paracetamol,Panadol Actifast,Hellen pharma ,-1.285217,36.8316976,3
1546,Paracetamol,Betamol,"BetahCare Family Health Clinic, Eloc pharmacy , Jubilee-Care Chemist, Shine Pharmacy","-1.2953742, -1.1003338, -1.2836809","36.7455442, 37.0129017, 36.8236255",43
1547,Paracetamol,Parol,"Falcon medical clinic , Jubilee-Care Chemist",-1.1003338,37.0129017,147
1548,Paracetamol,Cetamol,"Apotek Pharmaceutical, Bonaim pharmacy , Miliecare","-1.2885927, -1.2062072","36.9504001, 36.89570200000001",25
1549,Paracetamol,Adol Suppository,"ANGELLIC STAR PHARMACY , Eloc pharmacy , MEDPLEX CHEMIST","-1.2844625, -1.2953742, -1.4293031","36.885289, 36.7455442, 36.6872005",14
1550,Paracetamol,Cetamol,"Bonaim pharmacy , Bripamu Medical Stores, EMIR HEALTH CENTER , Jubilee-Care Chemist, MEDPLEX CHEMIST","-1.2062072, -1.3111251, -1.266125, -1.1003338, -1.4293031","36.89570200000001, 36.8939304, 36.910522, 37.0129017, 36.6872005",203
1551,Paracetamol,"Panadol, Baby & Infant","KARURA CHEMIST II  TILL 8073490, Tylenek ","-1.2196352, -1.2986566","36.7128582, 36.7782771",3
1552,Paracetamol,betamol,"ANGELIC STAR PHARMACEUTICALS, Benpeny Chemist, BetahCare Family Health Clinic, Jubilee-Care Chemist, KARURA CHEMIST II  TILL 8073490","-1.2834847, -1.1469238, -1.1003338, -1.2196352","36.889222, 36.9587031, 37.0129017, 36.7128582",16
1553,Paracetamol,Gacet 250,"B-sons pharmacy, PANDE pharmacy ","-1.2673667, -1.0569879","36.7509204, 37.1106545",10
1554,Paracetamol,Panadol Children 5-12,"EMIR HEALTH CENTER , Falcon medical clinic ",-1.266125,36.910522,77
1556,Paracetamol,"Calpol, Infant","ANGELLIC STAR PHARMACY , B-sons pharmacy, Contract Pharmaceutocals-Kenya, Domain Care Pharmacy, Gallys pharmacy, Jobbs chemist, KARURA CHEMIST II  TILL 8073490, MEDPLEX CHEMIST, Primo pharmacy , Saaynex pharmacy , Witethie One Afyacare Chemist","-1.2844625, -1.2673667, -1.4582262, -1.2085276, -1.3319206, -1.2033456, -1.2196352, -1.4293031, -1.2684709, -1.2778042, -1.2530089","36.885289, 36.7509204, 36.9770502, 36.8997757, 36.8571633, 36.9152292, 36.7128582, 36.6872005, 36.7483516, 36.9001114, 36.8883399",20
1557,Paracetamol,Curamol,"Apotek Pharmaceutical, Bonmed healthcare services , Bripamu Medical Stores, Crowmed pharmaceuticals , Disanjo Chemist , Eloc pharmacy , EMIR HEALTH CENTER , Jovi Pharmaceuticals , KARURA CHEMIST II  TILL 8073490, MEDPLEX CHEMIST, Miliecare, Pesh chemist","-1.2885927, -1.3016847, -1.3111251, -1.3621855, -1.2650867, -1.2953742, -1.266125, -1.3685031, -1.2196352, -1.4293031, -1.2563775","36.9504001, 36.888386, 36.8939304, 36.6555867, 36.8826178, 36.7455442, 36.910522, 36.9401517, 36.7128582, 36.6872005, 36.9241304",55
1559,Paracetamol,PCM,"B-sons pharmacy, CALMAK CHEMIST , Crowmed pharmaceuticals , Falcon medical clinic , MEDPLEX CHEMIST, Miliecare, SAMIALBA, urit medical ","-1.2673667, -1.053931, -1.3621855, -1.4293031, -1.279668, -1.1009928","36.7509204, 38.3631399, 36.6555867, 36.6872005, 36.82553, 37.0129877",2429
1560,Paracetamol,"Calpol, Infant","ANGELIC STAR PHARMACEUTICALS, ANGELLIC STAR PHARMACY , Apotek Pharmaceutical, CHARLIK PHARMACY, Eloc pharmacy , EMIR HEALTH CENTER , Jubilee-Care Chemist, MEDPLEX CHEMIST, Saaynex pharmacy , SIDAI CHEMIST","-1.2834847, -1.2844625, -1.2885927, -1.215894, -1.2953742, -1.266125, -1.1003338, -1.4293031, -1.2778042, -1.4779526","36.889222, 36.885289, 36.9504001, 36.88669160000001, 36.7455442, 36.910522, 37.0129017, 36.6872005, 36.9001114, 36.9577694",44
1562,Paracetamol,"Panadol, Advance","ANGELLIC STAR PHARMACY , Apotek Pharmaceutical, Disanjo Chemist , Eloc pharmacy , EMIR HEALTH CENTER , Falcon medical clinic , Helmet, Jubilee-Care Chemist, KARURA CHEMIST II  TILL 8073490, Loipan Pharmacy, MEDIBLEND , Sportpharm chemist","-1.2844625, -1.2885927, -1.2650867, -1.2953742, -1.266125, -0.0980706, -1.1003338, -1.2196352, -1.4766794, -1.282731, -1.2937908","36.885289, 36.9504001, 36.8826178, 36.7455442, 36.910522, 34.7513591, 37.0129017, 36.7128582, 36.9597949, 36.7848689, 36.8797927",310
1563,Paracetamol,Cipladon,"ANGELIC STAR PHARMACEUTICALS, ANGELLIC STAR PHARMACY , Bonaim pharmacy , Eloc pharmacy , Falcon medical clinic , KARURA CHEMIST II  TILL 8073490","-1.2834847, -1.2844625, -1.2062072, -1.2953742, -1.2196352","36.889222, 36.885289, 36.89570200000001, 36.7455442, 36.7128582",26
1564,Paracetamol,Paracetamol,"CARDINAL CHEMIST, Eloc pharmacy , EMIR HEALTH CENTER , KARURA CHEMIST II  TILL 8073490, MEDPLEX CHEMIST","-1.3958137, -1.2953742, -1.266125, -1.2196352, -1.4293031","36.7638655, 36.7455442, 36.910522, 36.7128582, 36.6872005",1948
1565,Paracetamol,Curamol,"B-sons pharmacy, Crowmed pharmaceuticals , Eloc pharmacy , Highcare pharmaceuticals ltd, Jovi Pharmaceuticals , KARURA CHEMIST II  TILL 8073490, MEDPLEX CHEMIST, memah bestcare pharmacy, Mercilin Afya services , Nas Chemist, SIDAI CHEMIST, Tikotiko Chemist ","-1.2673667, -1.3621855, -1.2953742, -1.2779609, -1.3685031, -1.2196352, -1.4293031, -0.3076936, -1.3921923, 0.5206237, -1.4779526, -1.3080828","36.7509204, 36.6555867, 36.7455442, 36.8913474, 36.9401517, 36.7128582, 36.6872005, 38.2196697, 36.9407301, 35.2762755, 36.9577694, 36.7819929",126
1567,Paracetamol ,Sona Moja,"BetahCare Family Health Clinic, Bripamu Medical Stores, Eloc pharmacy ","-1.3111251, -1.2953742","36.8939304, 36.7455442",33
1568,Paracetamol ,Mara Moja,"Apotek Pharmaceutical, CHARLIK PHARMACY, Crowmed pharmaceuticals , Disanjo Chemist , Falcon medical clinic , MEDIBLEND , Nas Chemist, Transfern pharmacy ","-1.2885927, -1.215894, -1.3621855, -1.2650867, -1.282731, 0.5206237, -1.2203453","36.9504001, 36.88669160000001, 36.6555867, 36.8826178, 36.7848689, 35.2762755, 36.8945136",441
1570,Paracetamol ,Hedex,"ANGELIC STAR PHARMACEUTICALS, ANGELLIC STAR PHARMACY , Bripamu Medical Stores, Jubilee-Care Chemist, Perta Chemist","-1.2834847, -1.2844625, -1.3111251, -1.1003338, -1.1079318","36.889222, 36.885289, 36.8939304, 37.0129017, 37.016326",18
1571,Paracetamol ,Kaluma Strong,"B-sons pharmacy, Bripamu Medical Stores, CALMAK CHEMIST , CHARLIK PHARMACY, Falcon medical clinic , Jubilee-Care Chemist, MEDPLEX CHEMIST, Nas Chemist","-1.2673667, -1.3111251, -1.053931, -1.215894, -1.1003338, -1.4293031, 0.5206237","36.7509204, 36.8939304, 38.3631399, 36.88669160000001, 37.0129017, 36.6872005, 35.2762755",54
1572,Paracetamol ,Action,"ANGELIC STAR PHARMACEUTICALS, B-sons pharmacy, CARDINAL CHEMIST, EMIR HEALTH CENTER , Falcon medical clinic , Jubilee-Care Chemist, MEDPLEX CHEMIST, Nas Chemist","-1.2834847, -1.2673667, -1.3958137, -1.266125, -1.1003338, -1.4293031, 0.5206237","36.889222, 36.7509204, 36.7638655, 36.910522, 37.0129017, 36.6872005, 35.2762755",181
1574,Paracetamol ,"Panadol, Extra","ANGELLIC STAR PHARMACY , Bripamu Medical Stores, CHARLIK PHARMACY, Crowmed pharmaceuticals , Disanjo Chemist , EMIR HEALTH CENTER , Falcon medical clinic , Gitrose Pharmacy, Jufan Pharmacy, KARURA CHEMIST II  TILL 8073490, MEDIBLEND ","-1.2844625, -1.3111251, -1.215894, -1.3621855, -1.2650867, -1.266125, -1.2552408, -1.1650403, -1.2196352, -1.282731","36.885289, 36.8939304, 36.88669160000001, 36.6555867, 36.8826178, 36.910522, 36.6943718, 36.9696471, 36.7128582, 36.7848689",3755
1576,Paracetamol ,"Panadol, Cold And Flu Night",Jubilee-Care Chemist,-1.1003338,37.0129017,12
1577,Paracetamol ,Myospaz,"Crowmed pharmaceuticals , EMIR HEALTH CENTER , Jubilee-Care Chemist, KARURA CHEMIST II  TILL 8073490, MEDPLEX CHEMIST, Nas Chemist","-1.3621855, -1.266125, -1.1003338, -1.2196352, -1.4293031, 0.5206237","36.6555867, 36.910522, 37.0129017, 36.7128582, 36.6872005, 35.2762755",201
1579,Paracetamol ,Betapyn,"EMIR HEALTH CENTER , KARURA CHEMIST II  TILL 8073490, MEDPLEX CHEMIST","-1.266125, -1.2196352, -1.4293031","36.910522, 36.7128582, 36.6872005",311
1581,Paracetamol ,Track MR,EMIR HEALTH CENTER ,-1.266125,36.910522,10
1585,Paracetamol suppositories ,Adol,"ANGELLIC STAR PHARMACY , Apotek Pharmaceutical, Bonaim pharmacy , EMIR HEALTH CENTER , Falcon medical clinic ","-1.2844625, -1.2885927, -1.2062072, -1.266125","36.885289, 36.9504001, 36.89570200000001, 36.910522",46
1942,aceclofenac paracetamol n chlorxazone,acetal mr,"CALMAK CHEMIST , CARDINAL CHEMIST, EMIR HEALTH CENTER , Jubilee-Care Chemist, KARURA CHEMIST II  TILL 8073490, MEDPLEX CHEMIST, SIDAI CHEMIST","-1.053931, -1.3958137, -1.266125, -1.1003338, -1.2196352, -1.4293031, -1.4779526","38.3631399, 36.7638655, 36.910522, 37.0129017, 36.7128582, 36.6872005, 36.9577694",2065
2030,ibuprofen and paracetamol,ibugesic,"Disanjo Chemist , KARURA CHEMIST II  TILL 8073490, MEDIBLEND , urit medical ","-1.2650867, -1.2196352, -1.282731, -1.1009928","36.8826178, 36.7128582, 36.7848689, 37.0129877",11
2068,paracetamol,totomol,EMIR HEALTH CENTER ,-1.266125,36.910522,1
6128,ZYRTEC TABS,ZYRTEC,KARURA CHEMIST II  TILL 8073490,-1.2196352,36.7128582,3
6164,ALTRINE TABS,ALTRINE,B-sons pharmacy,-1.2673667,36.7509204,235
6354,CEFIXIME FIX 200 MG,CEFIXIME,"Disanjo Chemist , EMIR HEALTH CENTER ","-1.2650867, -1.266125","36.8826178, 36.910522",3
6703,GRIPE WATER 100MLS,BETA,KARURA CHEMIST II  TILL 8073490,-1.2196352,36.7128582,1
6805,LORHISTINA SYP,LORHISTINA SYP,KARURA CHEMIST II  TILL 8073490,-1.2196352,36.7128582,1
6806,LORHISTINA TABS,LORHISTINA TABS,"Bonaim pharmacy , Churmad Retail Pharmacy , EMIR HEALTH CENTER , KARURA CHEMIST II  TILL 8073490, MEDPLEX CHEMIST","-1.2062072, -1.3319206, -1.266125, -1.2196352, -1.4293031","36.89570200000001, 36.8571633, 36.910522, 36.7128582, 36.6872005",70
6959,PANADOL BABY AND INFANT,PANADOL BABY AND INFANT,"Apotek Pharmaceutical, MEDPLEX CHEMIST, Tikotiko Chemist ","-1.2885927, -1.4293031, -1.3080828","36.9504001, 36.6872005, 36.7819929",7
6979,PIRICET,PIRICET,"ANGELIC STAR PHARMACEUTICALS, Bonaim pharmacy , CARDINAL CHEMIST","-1.2834847, -1.2062072, -1.3958137","36.889222, 36.89570200000001, 36.7638655",6
7258,ZYNCET 10MG,ZYNCET,"Bonaim pharmacy , CARDINAL CHEMIST","-1.2062072, -1.3958137","36.89570200000001, 36.7638655",202
7469,UPACOF DRY,UPACOF,"MEDPLEX CHEMIST, Rujchem Pharmacy","-1.4293031, -1.3630685","36.6872005, 36.65592470000001",5
7471,CEFIXIME 400MG,CEFIXIME,"Fast Health Pharmacy , KARURA CHEMIST II  TILL 8073490","-1.2908275, -1.2196352","36.7327734, 36.7128582",7
7605,GRIPE WATER,WOODWARDS,EMIR HEALTH CENTER ,-1.266125,36.910522,7
7629,UPACOF EXP,UPACOF,"Eloc pharmacy , MEDPLEX CHEMIST, urit medical ","-1.2953742, -1.4293031, -1.1009928","36.7455442, 36.6872005, 37.0129877",8
7630,SURDEX SYR,SURDEX,"ANGELLIC STAR PHARMACY , MEDPLEX CHEMIST","-1.2844625, -1.4293031","36.885289, 36.6872005",12
7686,BABYMOL SUSP,BABYMOL,"Bripamu Medical Stores, CARDINAL CHEMIST, EMIR HEALTH CENTER ","-1.3111251, -1.3958137, -1.266125","36.8939304, 36.7638655, 36.910522",3
7773,NASITHIOL INFANT,NASITHIOL,Disanjo Chemist ,-1.2650867,36.8826178,1
8231,Seven Seas Cod Liver Oil Syrup 100ml,Seven Seas Cod Liver Oil Syrup 100ml,Jubilee-Care Chemist,-1.1003338,37.0129017,1
8396,Zyrtec Oral Solution 75ml,Zyrtec Oral Solution 75ml,"Apotek Pharmaceutical, EMIR HEALTH CENTER , MEDPLEX CHEMIST","-1.2885927, -1.266125, -1.4293031","36.9504001, 36.910522, 36.6872005",5
8927,Aerius 0.5mg/ml Solution 60ml,Aerius 0.5mg/ml Solution 60ml,MEDPLEX CHEMIST,-1.4293031,36.6872005,3
9128,Chlorphenamine Phenylephrine and Paracetamol…,CONTUS Plus Paediatric Suspension,MEDPLEX CHEMIST,-1.4293031,36.6872005,3
9170,Aceclofenac and  Paracetamol,ZULU (Aceclofenac 100 mg + Paracetamol 500 mg…,Jubilee-Care Chemist,-1.1003338,37.0129017,3
9224,Cetirizine Hydrochloride.,Altrine,edlian hope u,0.0,0.0,5
9256,Levocetirizine Hydrochloride and Montelukast…,L Montus,"Jubilee-Care Chemist, MEDPLEX CHEMIST","-1.1003338, -1.4293031","37.0129017, 36.6872005",52
9306,Diclofenac Sodium ParacetamolChlorzoxazone,Lofnac MR tablet,Jubilee-Care Chemist,-1.1003338,37.0129017,2
9345,Paracetamol Pseudoephedrine HCl   Caffeine…,Coldcap original capsules,"Jubilee-Care Chemist, MEDIBLEND , MEDPLEX CHEMIST, nourish & bloom pharmacy, SIDAI CHEMIST","-1.1003338, -1.282731, -1.4293031, -1.266308, -1.4779526","37.0129017, 36.7848689, 36.6872005, 36.8117356, 36.9577694",413
9363,Dicycloverine Hydrochloride and Paracetamol…,Cyclopam P Tablets,Jubilee-Care Chemist,-1.1003338,37.0129017,2
9395,Paracetamol  Chlorpheniramine Maleate…,Coldcap syrup,"EMIR HEALTH CENTER , SIDAI CHEMIST","-1.266125, -1.4779526","36.910522, 36.9577694",17
9526,Diphenhydramine HCl BP sodium citrate menthol,Delased Paediatric syrup,"EMIR HEALTH CENTER , MEDPLEX CHEMIST","-1.266125, -1.4293031","36.910522, 36.6872005",3
9655,"Diphenhydramine HCl, Ephedrine HCl, Ammonium…",Dawahist expectorant  syrup,MEDIBLEND ,-1.282731,36.7848689,1
9854,PARACETAMOL,PARACETAMOL TABLET BP,Nas Chemist,0.5206237,35.2762755,475
10034,Paracetamol,Curamol 500mg tablets,EMIR HEALTH CENTER ,-1.266125,36.910522,52
10055,"Diphenhydramine HCL, Dextromethorphan HBR &…",Dacof Dry Syrup,EMIR HEALTH CENTER ,-1.266125,36.910522,2
10062,"Paracetamol ,  Caffeine Anhydrous, …",Dacold Capsules,MEDPLEX CHEMIST,-1.4293031,36.6872005,61
10157,Paracetamol,Parol suspension,EMIR HEALTH CENTER ,-1.266125,36.910522,5
10235,Cetirizine Hydrochloride,Alatrol Syrup,BetahCare Family Health Clinic,,,2
10237,Cetirizine Hydrochloride,Alatrol Tablet,BetahCare Family Health Clinic,,,36
10380,Paracetamol BP Ibuprofen BP & Caffeine BP,IBUCAP CAPSULES,"MEDPLEX CHEMIST, SIDAI CHEMIST","-1.4293031, -1.4779526","36.6872005, 36.9577694",35
10402,Aceclofenac BPParacetamol BP and Chlorzoxazone Usp,Rilif MR Tablets,"EMIR HEALTH CENTER , KARURA CHEMIST II  TILL 8073490, MEDIBLEND , MEDPLEX CHEMIST, Nas Chemist, SIDAI CHEMIST","-1.266125, -1.2196352, -1.282731, -1.4293031, 0.5206237, -1.4779526","36.910522, 36.7128582, 36.7848689, 36.6872005, 35.2762755, 36.9577694",135
10434,Diphenhydramine HCl B.P Promethazine HCl B.P…,Tricohist Expectorant,Jubilee-Care Chemist,-1.1003338,37.0129017,3
10781,PARACETAMOL BP,PAMOL SUSPENSION,THE MUTHAMI  HOSPITAL ,-1.214086,36.7222231,1
10837,Montelukast Sodium BP & Levocetirizine…,VOKAST,KARURA CHEMIST II  TILL 8073490,-1.2196352,36.7128582,30
10956,"DIPHENHYDRAMINE HYDROCHLORIDE, CHLORPHENIRAMINE…",KOFGON,MEDPLEX CHEMIST,-1.4293031,36.6872005,46
11136,Hyoscine butylbromide and paracetamol,Buscopan Plus Tablets,"EMIR HEALTH CENTER , Jubilee-Care Chemist","-1.266125, -1.1003338","36.910522, 37.0129017",36
11265,Cetirizine hydrochloride B.P,Alzinex syrup,Jubilee-Care Chemist,-1.1003338,37.0129017,5
11359,Paracetamol Ph. Eur.,Cipladon 1000 Tablets,"ANGELIC STAR PHARMACEUTICALS, EMIR HEALTH CENTER , MEDPLEX CHEMIST, Nas Chemist, SIDAI CHEMIST","-1.2834847, -1.266125, -1.4293031, 0.5206237, -1.4779526","36.889222, 36.910522, 36.6872005, 35.2762755, 36.9577694",105
11372,Soluble Paracetamol Tablets BP 500 mg,Fizzmol - 500 Tablets,Fast Health Pharmacy ,-1.2908275,36.7327734,4
11517,Cefixime,CEFIZ 400,SIDAI CHEMIST,-1.4779526,36.9577694,5
12050,Desloratadine,AERIUS tablets,MEDPLEX CHEMIST,-1.4293031,36.6872005,8
12335,Paracetamol,PARADOL,SIDAI CHEMIST,-1.4779526,36.9577694,1
12417,Diphenhydramine HCL and Ammonium Chloride,DEKOZI EXPECTORANT,ANGELIC STAR PHARMACEUTICALS,-1.2834847,36.889222,1
12457,"Ibuprofen, Paracetamol & Caffeine",IBUCAP FORTE CAPSULES,MEDPLEX CHEMIST,-1.4293031,36.6872005,50
12526,"Aceclofenac, Paracetamol, Chlorzoxazone",GALAXY'S LYSODOL MR TABLETS,Jubilee-Care Chemist,-1.1003338,37.0129017,31
12579,"PARACETAMOL, CODEINE PHOSPHATE, DOXYLAMINE…",VITAPYN,Jubilee-Care Chemist,-1.1003338,37.0129017,2
12989,"ACECLOFENAC , PARACETAMOL , CHLORZOXAZONE",ZULU MR,"Fast Health Pharmacy , Jubilee-Care Chemist, SIDAI CHEMIST","-1.2908275, -1.1003338, -1.4779526","36.7327734, 37.0129017, 36.9577694",64
13131,PARACETAMOL AND IBUPROFEN,ABUMOL SUSPENSION,"Jubilee-Care Chemist, SIDAI CHEMIST","-1.1003338, -1.4779526","37.0129017, 36.9577694",3
13168,"Paracetamol BP, Aspirin BP, Caffeine BP",PHARMADEX,Fast Health Pharmacy ,-1.2908275,36.7327734,4
13600,Paracetamol BP,Cipladon 500 Tablets,SIDAI CHEMIST,-1.4779526,36.9577694,2
13849,Paracetamol Tablets 500mg,Paracetamol Tablets 500mg,Perta Chemist,-1.1079318,37.016326,70
13889,"ACECLOFENAC BP, PARACETAMOL BP, CHLORZOXAZONE USP",MYONAC MR,"MEDPLEX CHEMIST, SIDAI CHEMIST","-1.4293031, -1.4779526","36.6872005, 36.9577694",48
13934,Paracetamol BP and Thiocolchicoside,THIOZONE,PharmaRic Distributors,0,0,4
13965,"Promethazine Hcl Bp 2.5mg, Diphenhydramine Hcl Bp…",NEXAHIST SYRUP,MEDPLEX CHEMIST,-1.4293031,36.6872005,5
17665,"Acefylline Piperazine, Diphenhydramine",Acefyl Cough Syrup,EMIR HEALTH CENTER ,-1.266125,36.910522,1
17757,"Paracetamol BP, Aceclofenac BP & Chlorzoxazone USP",ACP MR,MEDPLEX CHEMIST,-1.4293031,36.6872005,20
17776,PARACETAMOL,PHARMADOL FIZZ 1000,MEDPLEX CHEMIST,-1.4293031,36.6872005,108
17805,"450MG PARACETAMOL, 5MG DOXYLAMINE SUCCINATE, 10MG…",TAMEPYN,Jubilee-Care Chemist,-1.1003338,37.0129017,4
17901,Diphenhydramine Hydrochloride + Ammonium Chloride…,Upacof expectorant,Jubilee-Care Chemist,-1.1003338,37.0129017,2
17989,"Aspirin, Paracetamol and Caffeine",Action Tablets,EMIR HEALTH CENTER ,-1.266125,36.910522,48
18464,Paracetamol,SIMDOL,Jubilee-Care Chemist,-1.1003338,37.0129017,10
19050,"Aceclofenac, Paracetamol and Chlorzoxazone",SICLOFEN-MR,"BetahCare Family Health Clinic, EMIR HEALTH CENTER , MEDPLEX CHEMIST","-1.266125, -1.4293031","36.910522, 36.6872005",204
19152,Levocetirizine + Montelukast,Monta Plus Tablet,"KARURA CHEMIST II  TILL 8073490, MEDPLEX CHEMIST","-1.2196352, -1.4293031","36.7128582, 36.6872005",138
19234,CEFIXIME TRIHYDRATE,EVERCEF 200 TABLETS,SIDAI CHEMIST,-1.4779526,36.9577694,10
19250,EBASTINE SYRUP,HISTY SYRUP,KEGAKA PHARMACY,-1.0133967,36.9058388,2
19506,PARACETAMOL,MICROMOL SUSPENSION,"ANGELIC STAR PHARMACEUTICALS, BetahCare Family Health Clinic, Jubilee-Care Chemist, MEDPLEX CHEMIST","-1.2834847, -1.1003338, -1.4293031","36.889222, 37.0129017, 36.6872005",23
19512,LORATADINE USP,LORHISTINA TABLETS,"MEDIBLEND , Nas Chemist","-1.282731, 0.5206237","36.7848689, 35.2762755",69
19771,Paracetamol,Pyremol syrup,MEDPLEX CHEMIST,-1.4293031,36.6872005,1
19828,"DIPHENHYDRAMINE HCL BP, CHLORPHENIRAMINE MALEATE…",CONSED EXPECTORANT,"BetahCare Family Health Clinic, EMIR HEALTH CENTER , MEDPLEX CHEMIST","-1.266125, -1.4293031","36.910522, 36.6872005",52
19844,Cefixime USP,BACTIFIX 400,EMIR HEALTH CENTER ,-1.266125,36.910522,2
19992,"IBUPROFEN, PARACETAMOL & CAFFEINE",IBUCAP FORTE CAPSULES,SIDAI CHEMIST,-1.4779526,36.9577694,2
22177,Ibuprofen  BP and Paracetamol BP,Brustan Tablets,Disanjo Chemist ,-1.2650867,36.8826178,6
22185,ACETYLSALICYLIC ACID BP  PARACETAMOL BP  CAFFEINE…,APC  TABLETS,Jubilee-Care Chemist,-1.1003338,37.0129017,6
22231,PARACETAMOL,CALPOL SUSPENSION,"EMIR HEALTH CENTER , MEDIBLEND ","-1.266125, -1.282731","36.910522, 36.7848689",29
22692,Paracetamol Caplets,PHARMADOL,"EMIR HEALTH CENTER , Jubilee-Care Chemist, MEDIBLEND , MEDPLEX CHEMIST, memah bestcare pharmacy","-1.266125, -1.1003338, -1.282731, -1.4293031, -0.3076936","36.910522, 37.0129017, 36.7848689, 36.6872005, 38.2196697",1557
22822,"DIPHENHYDRAMINE HCL, AMMONIUM CHLORIDE.",LACOFF ORIGINAL SYRUP,B-sons pharmacy,-1.2673667,36.7509204,2
23032,PARACETAMOL BP,MICROMOL TABLETS,"ANGELIC STAR PHARMACEUTICALS, SIDAI CHEMIST","-1.2834847, -1.4779526","36.889222, 36.9577694",148
24322,"Diphenhydramine Hydrochloride B.P.,…",BENACOFF LINCTUS,Jubilee-Care Chemist,-1.1003338,37.0129017,2
24495,CETIRIZINE HYDROCHLORIDE,PIRICET 10MG TABLETS,SAMIALBA,-1.279668,36.82553,6
24585,Soluble Paracetamol Tablets BP 1000 mg,MICROMOL 1000,MEDPLEX CHEMIST,-1.4293031,36.6872005,3
24714,Paracetamol,PARATAL JUNIOR TABLETS,EMIR HEALTH CENTER ,-1.266125,36.910522,4
24783,Diclofenac Potassium BP Paracetamol BP and…,Doloact-MR Tablets,"Advan-med pharmaceuticals, BetahCare Family Health Clinic, EMIR HEALTH CENTER , SIDAI CHEMIST","-0.6809050999999999, -1.266125, -1.4779526","34.8207902, 36.910522, 36.9577694",102
24840,Chlorzoxazone USP Paracetamol BP,Myospaz Tablets,MEDIBLEND ,-1.282731,36.7848689,55
24936,Paracetamol  Caffeine and Phenylephrine,Panadol Cold and Flu Day Tablets,SIDAI CHEMIST,-1.4779526,36.9577694,13
24996,Paracetamol Bp 500mg Chlorpheniramine maleate Bp…,Benaflu Cold&Flu Tablets,MEDPLEX CHEMIST,-1.4293031,36.6872005,162
25010,Aceclofenac BP and Paracetamol BP,Actinac plus,EMIR HEALTH CENTER ,-1.266125,36.910522,10
25799,CETIRIZINE HYDROCHLORIDE BP,RIZEXIN ORAL SOLUTION,Perta Chemist,-1.1079318,37.016326,28
25813,Montelukast Sodium; Levocetirizine Hydrochloride,LEVOLUKAST KID,KARURA CHEMIST II  TILL 8073490,-1.2196352,36.7128582,10
25827,ACECLOFENAC AND PARACETAMOL,ZOFEN P,ANGELIC STAR PHARMACEUTICALS,-1.2834847,36.889222,2
25838,Cetirizine Hydrochloride,RHIZIN,MEDPLEX CHEMIST,-1.4293031,36.6872005,116
26139,Paracetamol caffeine  aspirin,HEDEX Caplets,Nas Chemist,0.5206237,35.2762755,8
26197,ELEMENTAL ZINC AS  ZINC SULPHATE MONOHYDRATE,ZINCAT-OD SYRUP,EMIR HEALTH CENTER ,-1.266125,36.910522,12
29458,PARACETAMOL,PARAFAST ET 1000 TABLETS,SIDAI CHEMIST,-1.4779526,36.9577694,3
29467,CETIRIZINE HYDROCHLORIDE,CETRIZ SYRUP,EMIR HEALTH CENTER ,-1.266125,36.910522,5
29502,Levocetirizine Hydrochloride Montelukast Sodium,L Montus Kid,SIDAI CHEMIST,-1.4779526,36.9577694,5
30029,"Aspirin, Paracetamol and Caffeine",Mara Moja Tablets,"edlian hope u, Jubilee-Care Chemist","0.0, -1.1003338","0.0, 37.0129017",60
30255,Paracetamol,ABPARA,KARURA CHEMIST II  TILL 8073490,-1.2196352,36.7128582,1
30508,CEFIXIME TRIHYDRATE,EVERCEF 400 TABLETS,Jubilee-Care Chemist,-1.1003338,37.0129017,40
31377,Levocetirizine Dihydrochloride USP,LEVOFREE 5MG TABLETS,MEDPLEX CHEMIST,-1.4293031,36.6872005,21
31519,Ibuprofen  BP and Paracetamol BP,Brustan Suspension,"Jubilee-Care Chemist, KARURA CHEMIST II  TILL 8073490","-1.1003338, -1.2196352","37.0129017, 36.7128582",2
31542,PARACETAMOL  CHLORPHENIRAMINE MALEATE …,COLDFLU CAPSULES,"EMIR HEALTH CENTER , MEDPLEX CHEMIST","-1.266125, -1.4293031","36.910522, 36.6872005",12
31565,"Chlorpheniramine,Caffeine,Paracetamol AND…",HOMAGON CAPSULES,MEDPLEX CHEMIST,-1.4293031,36.6872005,108
31595,"CHLORPHENIRAMINE MALEATE, DIPHENHYDRAMINE HCl,…",COPHYDREX EXPECTORANT,MEDPLEX CHEMIST,-1.4293031,36.6872005,9
31677,Paracetamol BP and Ibuprofen BP,Betafen Plus Suspension,MEDPLEX CHEMIST,-1.4293031,36.6872005,3
31847,Cefixime trihydrate USP,Theofix-400,"MEDPLEX CHEMIST, SIDAI CHEMIST","-1.4293031, -1.4779526","36.6872005, 36.9577694",96
32990,paracetamol tabs,betamol,EMIR HEALTH CENTER ,-1.266125,36.910522,950
39442,CALPOL INFANT SUSP. 100ML,CALPOL INFANT SUSP. 100ML,Apotek Pharmaceutical,-1.2885927,36.9504001,5
40098,PANADOL BABY INFANT 60ML,PANADOL BABY INFANT 60ML,"EMIR HEALTH CENTER , MEDPLEX CHEMIST","-1.266125, -1.4293031","36.910522, 36.6872005",3
40142,PIRICET SYRUP 60ML,PIRICET SYRUP 60ML,"EMIR HEALTH CENTER , Jubilee-Care Chemist","-1.266125, -1.1003338","36.910522, 37.0129017",16
40464,WOODWARDS GRIPE WATER 100ML,WOODWARDS GRIPE WATER 100ML,EMIR HEALTH CENTER ,-1.266125,36.910522,2
41348,CEFIXIME 400MG TABS 10S(XIFIX,CEFIXIME 400MG TABS 10S(XIFIX,Jubilee-Care Chemist,-1.1003338,37.0129017,50
45960,Ballet Perfumed Baby Jelly 100g,Ballet Perfumed Baby Jelly 100g,Vutia Health,,,10
46202,ANAMOL PAED SUSP 60ML (PARACETAMOL),ANAMOL PAED SUSP 60ML (PARACETAMOL),Nas Chemist,0.5206237,35.2762755,1
48932,INFACOL DROPS 55ML(SIMETHICONE),INFACOL DROPS 55ML(SIMETHICONE),MEDPLEX CHEMIST,-1.4293031,36.6872005,1
49620,PANADOL BABY & INFANT 60ML,PANADOL BABY & INFANT 60ML,Apotek Pharmaceutical,-1.2885927,36.9504001,1
50587,PARACETAMOL 100ML (FEVERCET)PCM,PARACETAMOL 100ML (FEVERCET)PCM,urit medical ,-1.1009928,37.0129877,1
50944,PARACETAMOL 60ML(TRUMOL)PCM,PARACETAMOL 60ML(TRUMOL)PCM,urit medical ,-1.1009928,37.0129877,19
53106,PARACETAMOL 60ML(TOTOMOL)PCM,PARACETAMOL 60ML(TOTOMOL)PCM,ZOLO HEALTHCARE SOLUTIONS,,,1
56152,GRIPE WATER (BETA) 60ML,GRIPE WATER (BETA) 60ML,Perta Chemist,-1.1079318,37.016326,1
